1244184579,22.3129981,114.1701212,58.5,-1.3,20190610064921.00
1244184580,22.3130051,114.1701221,58.5,-1.3,20190610064922.00
1244184581,22.3130088,114.1701243,58.0,-1.3,20190610064923.00
1244184582,22.3130136,114.1701282,57.2,-1.3,20190610064924.00
1244184583,22.3130124,114.1701413,55.0,-1.3,20190610064925.00
1244184584,22.3130099,114.1701554,53.7,-1.3,20190610064926.00
1244184585,22.3130259,114.1701536,48.0,-1.3,20190610064927.00
1244184586,22.3130328,114.1701576,46.0,-1.3,20190610064928.00
1244184587,22.3130403,114.1701607,43.5,-1.3,20190610064929.00
1244184588,22.3130459,114.1701622,40.6,-1.3,20190610064930.00
1244184589,22.3130567,114.1701808,35.3,-1.3,20190610064931.00
1244184590,22.3130645,114.1701921,30.9,-1.3,20190610064932.00
1244184591,22.3130647,114.1701904,30.9,-1.3,20190610064933.00
1244184592,22.3130657,114.1701896,30.6,-1.3,20190610064934.00
1244184593,22.3130663,114.1701882,30.4,-1.3,20190610064935.00
1244184594,22.3130667,114.1701877,30.1,-1.3,20190610064936.00
1244184595,22.3130672,114.1701864,30.0,-1.3,20190610064937.00
1244184596,22.3130676,114.1701839,30.1,-1.3,20190610064938.00
1244184597,22.3130675,114.1701810,30.3,-1.3,20190610064939.00
1244184598,22.3130683,114.1701780,30.2,-1.3,20190610064940.00
1244184599,22.3130681,114.1701759,30.2,-1.3,20190610064941.00
1244184600,22.3130677,114.1701740,30.4,-1.3,20190610064942.00
1244184601,22.3130675,114.1701717,30.5,-1.3,20190610064943.00
1244184602,22.3130666,114.1701702,30.5,-1.3,20190610064944.00
1244184603,22.3130662,114.1701682,30.6,-1.3,20190610064945.00
1244184604,22.3130660,114.1701668,30.6,-1.3,20190610064946.00
1244184605,22.3130664,114.1701650,30.6,-1.3,20190610064947.00
1244184606,22.3130667,114.1701634,30.6,-1.3,20190610064948.00
1244184607,22.3130669,114.1701620,30.7,-1.3,20190610064949.00
1244184608,22.3130673,114.1701612,30.6,-1.3,20190610064950.00
1244184609,22.3130680,114.1701598,30.6,-1.3,20190610064951.00
1244184610,22.3130683,114.1701582,30.6,-1.3,20190610064952.00
1244184611,22.3130686,114.1701573,30.5,-1.3,20190610064953.00
1244184612,22.3130693,114.1701558,30.6,-1.3,20190610064954.00
1244184613,22.3130698,114.1701551,30.6,-1.3,20190610064955.00
1244184614,22.3130700,114.1701540,30.5,-1.3,20190610064956.00
1244184615,22.3130707,114.1701530,30.3,-1.3,20190610064957.00
1244184616,22.3130716,114.1701521,30.2,-1.3,20190610064958.00
1244184617,22.3130724,114.1701516,30.2,-1.3,20190610064959.00
1244184618,22.3130733,114.1701508,30.3,-1.3,20190610065000.00
1244184619,22.3130736,114.1701500,30.2,-1.3,20190610065001.00
1244184620,22.3130744,114.1701491,30.2,-1.3,20190610065002.00
1244184621,22.3130752,114.1701480,30.3,-1.3,20190610065003.00
1244184622,22.3130759,114.1701470,30.4,-1.3,20190610065004.00
1244184623,22.3130767,114.1701460,30.4,-1.3,20190610065005.00
1244184624,22.3130773,114.1701449,30.6,-1.3,20190610065006.00
1244184625,22.3130778,114.1701438,30.6,-1.3,20190610065007.00
1244184626,22.3130786,114.1701429,30.7,-1.3,20190610065008.00
1244184627,22.3130790,114.1701419,30.7,-1.3,20190610065009.00
1244184628,22.3130799,114.1701416,30.6,-1.3,20190610065010.00
1244184629,22.3130806,114.1701409,30.6,-1.3,20190610065011.00
1244184630,22.3130813,114.1701401,30.6,-1.3,20190610065012.00
1244184631,22.3130818,114.1701392,30.5,-1.3,20190610065013.00
1244184632,22.3130827,114.1701387,30.4,-1.3,20190610065014.00
1244184633,22.3130830,114.1701386,30.3,-1.3,20190610065015.00
1244184634,22.3130838,114.1701379,30.2,-1.3,20190610065016.00
1244184635,22.3130843,114.1701375,30.1,-1.3,20190610065017.00
1244184636,22.3130850,114.1701368,30.1,-1.3,20190610065018.00
1244184637,22.3130854,114.1701366,30.0,-1.3,20190610065019.00
1244184638,22.3130859,114.1701362,29.9,-1.3,20190610065020.00
1244184639,22.3130864,114.1701358,29.9,-1.3,20190610065021.00
1244184640,22.3130875,114.1701354,29.8,-1.3,20190610065022.00
1244184641,22.3130883,114.1701349,29.7,-1.3,20190610065023.00
1244184642,22.3130890,114.1701352,29.4,-1.3,20190610065024.00
1244184643,22.3130896,114.1701358,29.2,-1.3,20190610065025.00
1244184644,22.3130900,114.1701359,29.0,-1.3,20190610065026.00
1244184645,22.3130907,114.1701359,28.9,-1.3,20190610065027.00
1244184646,22.3130915,114.1701363,28.7,-1.3,20190610065028.00
1244184647,22.3130923,114.1701360,28.8,-1.3,20190610065029.00
1244184648,22.3130930,114.1701362,28.6,-1.3,20190610065030.00
1244184649,22.3130938,114.1701366,28.5,-1.3,20190610065031.00
1244184650,22.3130944,114.1701368,28.4,-1.3,20190610065032.00
1244184651,22.3130950,114.1701368,28.3,-1.3,20190610065033.00
1244184652,22.3130960,114.1701369,28.2,-1.3,20190610065034.00
1244184653,22.3130969,114.1701371,28.1,-1.3,20190610065035.00
1244184654,22.3130976,114.1701370,28.1,-1.3,20190610065036.00
1244184655,22.3130987,114.1701366,28.0,-1.3,20190610065037.00
1244184656,22.3131002,114.1701362,27.9,-1.3,20190610065038.00
1244184657,22.3131014,114.1701360,27.9,-1.3,20190610065039.00
1244184658,22.3131024,114.1701362,27.8,-1.3,20190610065040.00
1244184659,22.3131031,114.1701363,27.8,-1.3,20190610065041.00
1244184660,22.3131043,114.1701361,27.8,-1.3,20190610065042.00
1244184661,22.3131050,114.1701363,27.8,-1.3,20190610065043.00
1244184662,22.3131058,114.1701361,27.8,-1.3,20190610065044.00
1244184663,22.3131066,114.1701356,27.7,-1.3,20190610065045.00
1244184664,22.3131074,114.1701339,27.7,-1.3,20190610065046.00
1244184665,22.3131083,114.1701336,27.5,-1.3,20190610065047.00
1244184666,22.3131090,114.1701325,27.5,-1.3,20190610065048.00
1244184667,22.3131098,114.1701303,27.5,-1.3,20190610065049.00
1244184668,22.3131107,114.1701287,27.5,-1.3,20190610065050.00
1244184669,22.3131117,114.1701266,27.5,-1.3,20190610065051.00
1244184670,22.3131127,114.1701262,27.5,-1.3,20190610065052.00
1244184671,22.3131136,114.1701243,27.6,-1.3,20190610065053.00
1244184672,22.3131147,114.1701240,27.5,-1.3,20190610065054.00
1244184673,22.3131153,114.1701224,27.5,-1.3,20190610065055.00
1244184674,22.3131161,114.1701224,27.5,-1.3,20190610065056.00
1244184675,22.3131163,114.1701216,27.4,-1.3,20190610065057.00
1244184676,22.3131161,114.1701213,27.3,-1.3,20190610065058.00
1244184677,22.3131158,114.1701196,27.3,-1.3,20190610065059.00
1244184678,22.3131151,114.1701187,27.3,-1.3,20190610065100.00
1244184679,22.3131153,114.1701175,27.3,-1.3,20190610065101.00
1244184680,22.3131150,114.1701171,27.3,-1.3,20190610065102.00
1244184681,22.3131146,114.1701167,27.3,-1.3,20190610065103.00
1244184682,22.3131148,114.1701176,27.3,-1.3,20190610065104.00
1244184683,22.3131150,114.1701171,27.2,-1.3,20190610065105.00
1244184684,22.3131153,114.1701177,27.2,-1.3,20190610065106.00
1244184685,22.3131146,114.1701160,27.1,-1.3,20190610065107.00
1244184686,22.3131138,114.1701159,26.9,-1.3,20190610065108.00
1244184687,22.3131127,114.1701150,26.8,-1.3,20190610065109.00
1244184688,22.3131124,114.1701154,26.8,-1.3,20190610065110.00
1244184689,22.3131119,114.1701150,26.8,-1.3,20190610065111.00
1244184690,22.3131124,114.1701145,26.9,-1.3,20190610065112.00
1244184691,22.3131126,114.1701132,26.9,-1.3,20190610065113.00
1244184692,22.3131131,114.1701129,27.0,-1.3,20190610065114.00
1244184693,22.3131136,114.1701121,27.0,-1.3,20190610065115.00
1244184694,22.3131147,114.1701100,27.0,-1.3,20190610065116.00
1244184695,22.3131151,114.1701089,27.0,-1.3,20190610065117.00
1244184696,22.3131152,114.1701094,26.8,-1.3,20190610065118.00
1244184697,22.3131158,114.1701109,26.8,-1.3,20190610065119.00
1244184698,22.3131174,114.1701104,26.8,-1.3,20190610065120.00
1244184699,22.3131186,114.1701111,26.8,-1.3,20190610065121.00
1244184700,22.3131181,114.1701126,26.7,-1.3,20190610065122.00
1244184701,22.3131185,114.1701137,26.7,-1.3,20190610065123.00
1244184702,22.3131189,114.1701150,26.8,-1.3,20190610065124.00
1244184703,22.3131204,114.1701153,26.9,-1.3,20190610065125.00
1244184704,22.3131207,114.1701161,26.8,-1.3,20190610065126.00
1244184705,22.3131204,114.1701168,26.8,-1.3,20190610065127.00
1244184706,22.3131203,114.1701171,26.7,-1.3,20190610065128.00
1244184707,22.3131202,114.1701179,26.6,-1.3,20190610065129.00
1244184708,22.3131207,114.1701181,26.6,-1.3,20190610065130.00
1244184709,22.3131215,114.1701190,26.5,-1.3,20190610065131.00
1244184710,22.3131232,114.1701196,26.4,-1.3,20190610065132.00
1244184711,22.3131244,114.1701200,26.4,-1.3,20190610065133.00
1244184712,22.3131250,114.1701208,26.3,-1.3,20190610065134.00
1244184713,22.3131263,114.1701203,26.3,-1.3,20190610065135.00
1244184714,22.3131274,114.1701208,26.3,-1.3,20190610065136.00
1244184715,22.3131281,114.1701208,26.3,-1.3,20190610065137.00
1244184716,22.3131293,114.1701204,26.3,-1.3,20190610065138.00
1244184717,22.3131297,114.1701204,26.2,-1.3,20190610065139.00
1244184718,22.3131294,114.1701211,26.2,-1.3,20190610065140.00
1244184719,22.3131294,114.1701214,26.1,-1.3,20190610065141.00
1244184720,22.3131285,114.1701219,26.0,-1.3,20190610065142.00
1244184721,22.3131273,114.1701224,26.0,-1.3,20190610065143.00
1244184722,22.3131270,114.1701227,25.9,-1.3,20190610065144.00
1244184723,22.3131269,114.1701232,25.8,-1.3,20190610065145.00
1244184724,22.3131262,114.1701236,25.8,-1.3,20190610065146.00
1244184725,22.3131257,114.1701238,25.8,-1.3,20190610065147.00
1244184726,22.3131252,114.1701237,25.8,-1.3,20190610065148.00
1244184727,22.3131249,114.1701235,25.8,-1.3,20190610065149.00
1244184728,22.3131246,114.1701239,25.7,-1.3,20190610065150.00
1244184729,22.3131245,114.1701243,25.7,-1.3,20190610065151.00
1244184730,22.3131241,114.1701244,25.7,-1.3,20190610065152.00
1244184731,22.3131234,114.1701240,25.7,-1.3,20190610065153.00
1244184732,22.3131234,114.1701243,25.7,-1.3,20190610065154.00
1244184733,22.3131228,114.1701249,25.7,-1.3,20190610065155.00
1244184734,22.3131220,114.1701251,25.7,-1.3,20190610065156.00
1244184735,22.3131214,114.1701253,25.6,-1.3,20190610065157.00
1244184736,22.3131204,114.1701257,25.7,-1.3,20190610065158.00
1244184737,22.3131204,114.1701264,25.7,-1.3,20190610065159.00
1244184738,22.3131203,114.1701269,25.7,-1.3,20190610065200.00
1244184739,22.3131202,114.1701275,25.7,-1.3,20190610065201.00
1244184740,22.3131201,114.1701278,25.7,-1.3,20190610065202.00
1244184741,22.3131203,114.1701286,25.6,-1.3,20190610065203.00
1244184742,22.3131204,114.1701291,25.6,-1.3,20190610065204.00
1244184743,22.3131203,114.1701295,25.6,-1.3,20190610065205.00
1244184744,22.3131202,114.1701297,25.6,-1.3,20190610065206.00
1244184745,22.3131203,114.1701299,25.5,-1.3,20190610065207.00
1244184746,22.3131207,114.1701303,25.5,-1.3,20190610065208.00
1244184747,22.3131206,114.1701308,25.4,-1.3,20190610065209.00
1244184748,22.3131201,114.1701310,25.3,-1.3,20190610065210.00
1244184749,22.3131201,114.1701310,25.3,-1.3,20190610065211.00
1244184750,22.3131202,114.1701306,25.3,-1.3,20190610065212.00
1244184751,22.3131203,114.1701302,25.3,-1.3,20190610065213.00
1244184752,22.3131204,114.1701300,25.2,-1.3,20190610065214.00
1244184753,22.3131206,114.1701303,25.3,-1.3,20190610065215.00
1244184754,22.3131206,114.1701299,25.3,-1.3,20190610065216.00
1244184755,22.3131208,114.1701300,25.3,-1.3,20190610065217.00
1244184756,22.3131204,114.1701303,25.4,-1.3,20190610065218.00
1244184757,22.3131198,114.1701307,25.4,-1.3,20190610065219.00
1244184758,22.3131195,114.1701313,25.4,-1.3,20190610065220.00
1244184759,22.3131194,114.1701318,25.4,-1.3,20190610065221.00
1244184760,22.3131197,114.1701320,25.5,-1.3,20190610065222.00
1244184761,22.3131199,114.1701325,25.6,-1.3,20190610065223.00
1244184762,22.3131200,114.1701330,25.6,-1.3,20190610065224.00
1244184763,22.3131201,114.1701335,25.6,-1.3,20190610065225.00
1244184764,22.3131200,114.1701342,25.7,-1.3,20190610065226.00
1244184765,22.3131196,114.1701348,25.8,-1.3,20190610065227.00
1244184766,22.3131188,114.1701352,25.9,-1.3,20190610065228.00
1244184767,22.3131183,114.1701359,25.9,-1.3,20190610065229.00
1244184768,22.3131183,114.1701364,25.9,-1.3,20190610065230.00
1244184769,22.3131182,114.1701366,26.0,-1.3,20190610065231.00
1244184770,22.3131169,114.1701375,26.1,-1.3,20190610065232.00
1244184771,22.3131157,114.1701382,26.1,-1.3,20190610065233.00
1244184772,22.3131143,114.1701390,26.2,-1.3,20190610065234.00
1244184773,22.3131139,114.1701394,26.2,-1.3,20190610065235.00
1244184774,22.3131135,114.1701398,26.2,-1.3,20190610065236.00
1244184775,22.3131127,114.1701403,26.2,-1.3,20190610065237.00
1244184776,22.3131125,114.1701408,26.2,-1.3,20190610065238.00
1244184777,22.3131121,114.1701412,26.3,-1.3,20190610065239.00
1244184778,22.3131117,114.1701417,26.4,-1.3,20190610065240.00
1244184779,22.3131112,114.1701420,26.4,-1.3,20190610065241.00
1244184780,22.3131108,114.1701424,26.4,-1.3,20190610065242.00
1244184781,22.3131102,114.1701427,26.5,-1.3,20190610065243.00
1244184782,22.3131099,114.1701429,26.5,-1.3,20190610065244.00
1244184783,22.3131094,114.1701428,26.6,-1.3,20190610065245.00
1244184784,22.3131093,114.1701434,26.5,-1.3,20190610065246.00
1244184785,22.3131091,114.1701439,26.6,-1.3,20190610065247.00
1244184786,22.3131083,114.1701449,26.6,-1.3,20190610065248.00
1244184787,22.3131079,114.1701453,26.6,-1.3,20190610065249.00
1244184788,22.3131078,114.1701458,26.6,-1.3,20190610065250.00
1244184789,22.3131074,114.1701461,26.5,-1.3,20190610065251.00
1244184790,22.3131072,114.1701462,26.6,-1.3,20190610065252.00
1244184791,22.3131067,114.1701463,26.6,-1.3,20190610065253.00
1244184792,22.3131066,114.1701468,26.6,-1.3,20190610065254.00
1244184793,22.3131061,114.1701471,26.6,-1.3,20190610065255.00
1244184794,22.3131057,114.1701475,26.6,-1.3,20190610065256.00
1244184795,22.3131054,114.1701482,26.7,-1.3,20190610065257.00
1244184796,22.3131046,114.1701488,26.7,-1.3,20190610065258.00
1244184797,22.3131043,114.1701498,26.7,-1.3,20190610065259.00
1244184798,22.3131042,114.1701504,26.7,-1.3,20190610065300.00
1244184799,22.3131035,114.1701507,26.7,-1.3,20190610065301.00
1244184800,22.3131028,114.1701507,26.6,-1.3,20190610065302.00
1244184801,22.3131020,114.1701511,26.6,-1.3,20190610065303.00
1244184802,22.3131013,114.1701515,26.6,-1.3,20190610065304.00
1244184803,22.3131011,114.1701514,26.5,-1.3,20190610065305.00
1244184804,22.3131014,114.1701519,26.6,-1.3,20190610065306.00
1244184805,22.3131009,114.1701512,26.7,-1.3,20190610065307.00
1244184806,22.3131008,114.1701512,26.7,-1.3,20190610065308.00
1244184807,22.3131012,114.1701519,26.7,-1.3,20190610065309.00
1244184808,22.3131012,114.1701519,26.7,-1.3,20190610065310.00
1244184809,22.3131009,114.1701518,26.7,-1.3,20190610065311.00
1244184810,22.3131007,114.1701520,26.7,-1.3,20190610065312.00
1244184811,22.3131009,114.1701524,26.7,-1.3,20190610065313.00
1244184812,22.3131008,114.1701527,26.7,-1.3,20190610065314.00
1244184813,22.3131007,114.1701532,26.7,-1.3,20190610065315.00
1244184814,22.3131007,114.1701532,26.7,-1.3,20190610065316.00
1244184815,22.3131006,114.1701537,26.7,-1.3,20190610065317.00
1244184816,22.3131003,114.1701538,26.7,-1.3,20190610065318.00
1244184817,22.3131002,114.1701542,26.8,-1.3,20190610065319.00
1244184818,22.3131001,114.1701540,26.8,-1.3,20190610065320.00
1244184819,22.3131001,114.1701538,26.8,-1.3,20190610065321.00
1244184820,22.3131000,114.1701539,26.8,-1.3,20190610065322.00
1244184821,22.3131000,114.1701541,26.8,-1.3,20190610065323.00
1244184822,22.3130999,114.1701544,26.8,-1.3,20190610065324.00
1244184823,22.3130998,114.1701550,26.8,-1.3,20190610065325.00
1244184824,22.3130997,114.1701557,26.8,-1.3,20190610065326.00
1244184825,22.3130996,114.1701561,26.9,-1.3,20190610065327.00
1244184826,22.3130995,114.1701567,26.9,-1.3,20190610065328.00
1244184827,22.3130990,114.1701569,26.9,-1.3,20190610065329.00
1244184828,22.3130991,114.1701576,26.9,-1.3,20190610065330.00
1244184829,22.3130982,114.1701592,26.9,-1.3,20190610065331.00
1244184830,22.3130990,114.1701598,26.9,-1.3,20190610065332.00
1244184831,22.3131001,114.1701610,27.0,-1.3,20190610065333.00
1244184832,22.3131004,114.1701622,27.0,-1.3,20190610065334.00
1244184833,22.3131007,114.1701649,27.0,-1.3,20190610065335.00
1244184834,22.3131008,114.1701651,27.0,-1.3,20190610065336.00
1244184835,22.3130998,114.1701662,27.1,-1.3,20190610065337.00
1244184836,22.3130997,114.1701668,27.1,-1.3,20190610065338.00
1244184837,22.3130985,114.1701687,27.2,-1.3,20190610065339.00
1244184838,22.3130982,114.1701708,27.2,-1.3,20190610065340.00
1244184839,22.3130986,114.1701733,27.2,-1.3,20190610065341.00
1244184840,22.3130993,114.1701761,27.2,-1.3,20190610065342.00
1244184841,22.3131000,114.1701779,27.2,-1.3,20190610065343.00
1244184842,22.3131005,114.1701786,27.2,-1.3,20190610065344.00
1244184843,22.3131001,114.1701804,27.3,-1.3,20190610065345.00
1244184844,22.3131001,114.1701821,27.3,-1.3,20190610065346.00
1244184845,22.3130999,114.1701833,27.3,-1.3,20190610065347.00
1244184846,22.3130990,114.1701845,27.3,-1.3,20190610065348.00
1244184847,22.3130986,114.1701855,27.3,-1.3,20190610065349.00
1244184848,22.3130973,114.1701853,27.4,-1.3,20190610065350.00
1244184849,22.3130975,114.1701862,27.4,-1.3,20190610065351.00
1244184850,22.3130968,114.1701868,27.4,-1.3,20190610065352.00
1244184851,22.3130958,114.1701890,27.4,-1.3,20190610065353.00
1244184852,22.3130954,114.1701913,27.5,-1.3,20190610065354.00
1244184853,22.3130947,114.1701910,27.4,-1.3,20190610065355.00
1244184854,22.3130937,114.1701923,27.5,-1.3,20190610065356.00
1244184855,22.3130936,114.1701928,27.5,-1.3,20190610065357.00
1244184856,22.3130947,114.1701923,27.5,-1.3,20190610065358.00
1244184857,22.3130934,114.1701925,27.5,-1.3,20190610065359.00
1244184858,22.3130933,114.1701951,27.5,-1.3,20190610065400.00
1244184859,22.3130937,114.1701938,27.5,-1.3,20190610065401.00
1244184860,22.3130923,114.1701951,27.6,-1.3,20190610065402.00
1244184861,22.3130926,114.1701970,27.7,-1.3,20190610065403.00
1244184862,22.3130934,114.1701987,27.6,-1.3,20190610065404.00
1244184863,22.3130930,114.1702012,27.7,-1.3,20190610065405.00
1244184864,22.3130943,114.1702028,27.7,-1.3,20190610065406.00
1244184865,22.3130970,114.1702077,27.7,-1.3,20190610065407.00
1244184866,22.3131022,114.1702157,27.7,-1.3,20190610065408.00
1244184867,22.3131078,114.1702201,27.6,-1.3,20190610065409.00
1244184868,22.3131089,114.1702231,27.6,-1.3,20190610065410.00
1244184869,22.3131096,114.1702274,27.6,-1.3,20190610065411.00
1244184870,22.3131098,114.1702318,27.7,-1.3,20190610065412.00
1244184871,22.3131108,114.1702363,27.6,-1.3,20190610065413.00
1244184872,22.3131108,114.1702380,27.6,-1.3,20190610065414.00
1244184873,22.3131108,114.1702370,27.6,-1.3,20190610065415.00
1244184874,22.3131103,114.1702370,27.6,-1.3,20190610065416.00
1244184875,22.3131104,114.1702371,27.6,-1.3,20190610065417.00
1244184876,22.3131109,114.1702354,27.7,-1.3,20190610065418.00
1244184877,22.3131110,114.1702332,27.7,-1.3,20190610065419.00
1244184878,22.3131098,114.1702332,27.7,-1.3,20190610065420.00
1244184879,22.3131100,114.1702334,27.7,-1.3,20190610065421.00
1244184880,22.3131095,114.1702331,27.7,-1.3,20190610065422.00
1244184881,22.3131097,114.1702343,27.7,-1.3,20190610065423.00
1244184882,22.3131099,114.1702339,27.6,-1.3,20190610065424.00
1244184883,22.3131110,114.1702324,27.5,-1.3,20190610065425.00
1244184884,22.3131118,114.1702308,27.5,-1.3,20190610065426.00
1244184885,22.3131113,114.1702283,27.5,-1.3,20190610065427.00
1244184886,22.3131113,114.1702268,27.5,-1.3,20190610065428.00
1244184887,22.3131119,114.1702279,27.5,-1.3,20190610065429.00
1244184888,22.3131118,114.1702285,27.6,-1.3,20190610065430.00
1244184889,22.3131130,114.1702305,27.4,-1.3,20190610065431.00
1244184890,22.3131121,114.1702288,27.5,-1.3,20190610065432.00
1244184891,22.3131118,114.1702268,27.4,-1.3,20190610065433.00
1244184892,22.3131110,114.1702279,27.5,-1.3,20190610065434.00
1244184893,22.3131107,114.1702284,27.5,-1.3,20190610065435.00
1244184894,22.3131104,114.1702289,27.5,-1.3,20190610065436.00
1244184895,22.3131102,114.1702296,27.5,-1.3,20190610065437.00
1244184896,22.3131105,114.1702301,27.5,-1.3,20190610065438.00
1244184897,22.3131109,114.1702304,27.6,-1.3,20190610065439.00
1244184898,22.3131111,114.1702309,27.6,-1.3,20190610065440.00
1244184899,22.3131111,114.1702309,27.7,-1.3,20190610065441.00
1244184900,22.3131104,114.1702255,27.6,-1.3,20190610065442.00
1244184901,22.3131100,114.1702205,27.5,-1.3,20190610065443.00
1244184902,22.3131099,114.1702156,27.6,-1.3,20190610065444.00
1244184903,22.3131100,114.1702122,27.5,-1.3,20190610065445.00
1244184904,22.3131097,114.1702103,27.6,-1.3,20190610065446.00
1244184905,22.3131098,114.1702072,27.7,-1.3,20190610065447.00
1244184906,22.3131097,114.1702052,27.7,-1.3,20190610065448.00
1244184907,22.3131096,114.1702022,27.7,-1.3,20190610065449.00
1244184908,22.3131094,114.1701996,27.7,-1.3,20190610065450.00
1244184909,22.3131096,114.1701976,27.7,-1.3,20190610065451.00
1244184910,22.3131094,114.1701948,27.8,-1.3,20190610065452.00
1244184911,22.3131094,114.1701925,27.8,-1.3,20190610065453.00
1244184912,22.3131099,114.1701902,27.8,-1.3,20190610065454.00
1244184913,22.3131099,114.1701888,27.8,-1.3,20190610065455.00
1244184914,22.3131097,114.1701866,27.8,-1.3,20190610065456.00
1244184915,22.3131092,114.1701849,27.8,-1.3,20190610065457.00
1244184916,22.3131093,114.1701832,27.8,-1.3,20190610065458.00
1244184917,22.3131089,114.1701822,27.9,-1.3,20190610065459.00
1244184918,22.3131088,114.1701800,27.9,-1.3,20190610065500.00
1244184919,22.3131087,114.1701798,27.9,-1.3,20190610065501.00
1244184920,22.3131087,114.1701780,28.0,-1.3,20190610065502.00
1244184921,22.3131084,114.1701789,28.0,-1.3,20190610065503.00
1244184922,22.3131084,114.1701781,28.0,-1.3,20190610065504.00
1244184923,22.3131090,114.1701783,28.0,-1.3,20190610065505.00
1244184924,22.3131096,114.1701783,28.1,-1.3,20190610065506.00
1244184925,22.3131102,114.1701767,28.1,-1.3,20190610065507.00
1244184926,22.3131106,114.1701757,28.1,-1.3,20190610065508.00
1244184927,22.3131107,114.1701759,28.1,-1.3,20190610065509.00
1244184928,22.3131109,114.1701764,28.1,-1.3,20190610065510.00
1244184929,22.3131113,114.1701761,28.1,-1.3,20190610065511.00
1244184930,22.3131116,114.1701759,28.1,-1.3,20190610065512.00
1244184931,22.3131118,114.1701757,28.1,-1.3,20190610065513.00
1244184932,22.3131118,114.1701760,28.2,-1.3,20190610065514.00
1244184933,22.3131117,114.1701758,28.2,-1.3,20190610065515.00
1244184934,22.3131118,114.1701763,28.2,-1.3,20190610065516.00
1244184935,22.3131120,114.1701762,28.2,-1.3,20190610065517.00
1244184936,22.3131124,114.1701765,28.3,-1.3,20190610065518.00
1244184937,22.3131129,114.1701774,28.3,-1.3,20190610065519.00
1244184938,22.3131134,114.1701775,28.3,-1.3,20190610065520.00
1244184939,22.3131136,114.1701785,28.2,-1.3,20190610065521.00
1244184940,22.3131138,114.1701798,28.2,-1.3,20190610065522.00
1244184941,22.3131139,114.1701806,28.2,-1.3,20190610065523.00
1244184942,22.3131144,114.1701813,28.1,-1.3,20190610065524.00
1244184943,22.3131149,114.1701820,28.1,-1.3,20190610065525.00
1244184944,22.3131149,114.1701824,28.0,-1.3,20190610065526.00
1244184945,22.3131152,114.1701827,28.0,-1.3,20190610065527.00
1244184946,22.3131157,114.1701831,28.0,-1.3,20190610065528.00
1244184947,22.3131161,114.1701837,28.0,-1.3,20190610065529.00
1244184948,22.3131166,114.1701839,28.0,-1.3,20190610065530.00
1244184949,22.3131170,114.1701842,28.0,-1.3,20190610065531.00
1244184950,22.3131173,114.1701847,28.0,-1.3,20190610065532.00
1244184951,22.3131177,114.1701848,28.0,-1.3,20190610065533.00
1244184952,22.3131179,114.1701856,28.0,-1.3,20190610065534.00
1244184953,22.3131182,114.1701864,28.0,-1.3,20190610065535.00
1244184954,22.3131186,114.1701872,27.9,-1.3,20190610065536.00
1244184955,22.3131187,114.1701876,28.0,-1.3,20190610065537.00
1244184956,22.3131189,114.1701880,28.0,-1.3,20190610065538.00
1244184957,22.3131191,114.1701882,28.1,-1.3,20190610065539.00
1244184958,22.3131197,114.1701884,28.1,-1.3,20190610065540.00
1244184959,22.3131199,114.1701884,28.1,-1.3,20190610065541.00
1244184960,22.3131203,114.1701882,28.1,-1.3,20190610065542.00
1244184961,22.3131203,114.1701884,28.2,-1.3,20190610065543.00
1244184962,22.3131209,114.1701886,28.2,-1.3,20190610065544.00
1244184963,22.3131212,114.1701885,28.1,-1.3,20190610065545.00
1244184964,22.3131214,114.1701880,28.1,-1.3,20190610065546.00
1244184965,22.3131219,114.1701875,28.1,-1.3,20190610065547.00
1244184966,22.3131220,114.1701870,28.1,-1.3,20190610065548.00
1244184967,22.3131222,114.1701862,28.1,-1.3,20190610065549.00
1244184968,22.3131224,114.1701854,28.1,-1.3,20190610065550.00
1244184969,22.3131228,114.1701852,28.1,-1.3,20190610065551.00
1244184970,22.3131230,114.1701841,28.1,-1.3,20190610065552.00
1244184971,22.3131233,114.1701830,28.1,-1.3,20190610065553.00
1244184972,22.3131238,114.1701829,28.1,-1.3,20190610065554.00
1244184973,22.3131242,114.1701822,28.2,-1.3,20190610065555.00
1244184974,22.3131246,114.1701817,28.2,-1.3,20190610065556.00
1244184975,22.3131249,114.1701818,28.1,-1.3,20190610065557.00
1244184976,22.3131253,114.1701812,28.2,-1.3,20190610065558.00
1244184977,22.3131257,114.1701808,28.2,-1.3,20190610065559.00
1244184978,22.3131259,114.1701802,28.2,-1.3,20190610065600.00
1244184979,22.3131263,114.1701796,28.2,-1.3,20190610065601.00
1244184980,22.3131265,114.1701791,28.2,-1.3,20190610065602.00
1244184981,22.3131266,114.1701783,28.2,-1.3,20190610065603.00
1244184982,22.3131267,114.1701781,28.3,-1.3,20190610065604.00
1244184983,22.3131270,114.1701778,28.3,-1.3,20190610065605.00
1244184984,22.3131272,114.1701780,28.3,-1.3,20190610065606.00
1244184985,22.3131276,114.1701780,28.2,-1.3,20190610065607.00
1244184986,22.3131279,114.1701774,28.2,-1.3,20190610065608.00
1244184987,22.3131288,114.1701771,28.1,-1.3,20190610065609.00
1244184988,22.3131290,114.1701766,28.1,-1.3,20190610065610.00
1244184989,22.3131293,114.1701762,28.0,-1.3,20190610065611.00
1244184990,22.3131297,114.1701763,28.0,-1.3,20190610065612.00
1244184991,22.3131298,114.1701758,27.9,-1.3,20190610065613.00
1244184992,22.3131301,114.1701757,27.9,-1.3,20190610065614.00
1244184993,22.3131306,114.1701755,27.9,-1.3,20190610065615.00
1244184994,22.3131306,114.1701758,28.0,-1.3,20190610065616.00
1244184995,22.3131310,114.1701754,28.0,-1.3,20190610065617.00
1244184996,22.3131310,114.1701750,27.9,-1.3,20190610065618.00
1244184997,22.3131313,114.1701748,27.9,-1.3,20190610065619.00
1244184998,22.3131315,114.1701744,27.9,-1.3,20190610065620.00
1244184999,22.3131318,114.1701740,27.9,-1.3,20190610065621.00
1244185000,22.3131320,114.1701736,27.9,-1.3,20190610065622.00
1244185001,22.3131322,114.1701734,27.8,-1.3,20190610065623.00
1244185002,22.3131323,114.1701728,27.8,-1.3,20190610065624.00
1244185003,22.3131326,114.1701726,27.8,-1.3,20190610065625.00
1244185004,22.3131329,114.1701719,27.8,-1.3,20190610065626.00
1244185005,22.3131333,114.1701712,27.8,-1.3,20190610065627.00
1244185006,22.3131337,114.1701705,27.8,-1.3,20190610065628.00
1244185007,22.3131340,114.1701700,27.7,-1.3,20190610065629.00
1244185008,22.3131344,114.1701694,27.8,-1.3,20190610065630.00
1244185009,22.3131347,114.1701687,27.7,-1.3,20190610065631.00
1244185010,22.3131350,114.1701680,27.7,-1.3,20190610065632.00
1244185011,22.3131354,114.1701672,27.7,-1.3,20190610065633.00
1244185012,22.3131356,114.1701664,27.7,-1.3,20190610065634.00
1244185013,22.3131357,114.1701658,27.7,-1.3,20190610065635.00
1244185014,22.3131360,114.1701649,27.7,-1.3,20190610065636.00
1244185015,22.3131361,114.1701642,27.6,-1.3,20190610065637.00
1244185016,22.3131361,114.1701635,27.6,-1.3,20190610065638.00
1244185017,22.3131364,114.1701632,27.6,-1.3,20190610065639.00
1244185018,22.3131364,114.1701629,27.7,-1.3,20190610065640.00
1244185019,22.3131366,114.1701627,27.6,-1.3,20190610065641.00
1244185020,22.3131371,114.1701624,27.7,-1.3,20190610065642.00
1244185021,22.3131369,114.1701620,27.8,-1.3,20190610065643.00
1244185022,22.3131369,114.1701619,27.7,-1.3,20190610065644.00
1244185023,22.3131371,114.1701611,27.7,-1.3,20190610065645.00
1244185024,22.3131373,114.1701612,27.8,-1.3,20190610065646.00
1244185025,22.3131374,114.1701607,27.7,-1.3,20190610065647.00
1244185026,22.3131373,114.1701605,27.8,-1.3,20190610065648.00
1244185027,22.3131375,114.1701605,27.8,-1.3,20190610065649.00
1244185028,22.3131379,114.1701606,27.8,-1.3,20190610065650.00
1244185029,22.3131380,114.1701601,27.8,-1.3,20190610065651.00
1244185030,22.3131382,114.1701601,27.8,-1.3,20190610065652.00
1244185031,22.3131383,114.1701600,27.8,-1.3,20190610065653.00
1244185032,22.3131386,114.1701599,27.8,-1.3,20190610065654.00
1244185033,22.3131386,114.1701598,27.8,-1.3,20190610065655.00
1244185034,22.3131385,114.1701598,27.8,-1.3,20190610065656.00
1244185035,22.3131385,114.1701597,27.8,-1.3,20190610065657.00
1244185036,22.3131382,114.1701594,27.9,-1.3,20190610065658.00
1244185037,22.3131385,114.1701590,27.8,-1.3,20190610065659.00
1244185038,22.3131384,114.1701588,27.9,-1.3,20190610065700.00
1244185039,22.3131381,114.1701588,27.9,-1.3,20190610065701.00
1244185040,22.3131376,114.1701574,27.9,-1.3,20190610065702.00
1244185041,22.3131370,114.1701565,27.9,-1.3,20190610065703.00
1244185042,22.3131369,114.1701562,27.9,-1.3,20190610065704.00
1244185043,22.3131368,114.1701548,27.9,-1.3,20190610065705.00
1244185044,22.3131376,114.1701533,27.8,-1.3,20190610065706.00
1244185045,22.3131384,114.1701512,27.7,-1.3,20190610065707.00
1244185046,22.3131386,114.1701497,27.7,-1.3,20190610065708.00
1244185047,22.3131394,114.1701475,27.7,-1.3,20190610065709.00
1244185048,22.3131396,114.1701457,27.7,-1.3,20190610065710.00
1244185049,22.3131399,114.1701442,27.7,-1.3,20190610065711.00
1244185050,22.3131406,114.1701431,27.7,-1.3,20190610065712.00
1244185051,22.3131412,114.1701413,27.7,-1.3,20190610065713.00
1244185052,22.3131412,114.1701398,27.7,-1.3,20190610065714.00
1244185053,22.3131414,114.1701393,27.7,-1.3,20190610065715.00
1244185054,22.3131421,114.1701375,27.7,-1.3,20190610065716.00
1244185055,22.3131422,114.1701361,27.7,-1.3,20190610065717.00
1244185056,22.3131427,114.1701345,27.7,-1.3,20190610065718.00
1244185057,22.3131431,114.1701334,27.8,-1.3,20190610065719.00
1244185058,22.3131442,114.1701326,27.8,-1.3,20190610065720.00
1244185059,22.3131449,114.1701325,27.8,-1.3,20190610065721.00
1244185060,22.3131451,114.1701336,27.7,-1.3,20190610065722.00
1244185061,22.3131456,114.1701336,27.7,-1.3,20190610065723.00
1244185062,22.3131458,114.1701336,27.7,-1.3,20190610065724.00
1244185063,22.3131459,114.1701334,27.7,-1.3,20190610065725.00
1244185064,22.3131462,114.1701332,27.7,-1.3,20190610065726.00
1244185065,22.3131455,114.1701327,27.7,-1.3,20190610065727.00
1244185066,22.3131443,114.1701330,27.7,-1.3,20190610065728.00
1244185067,22.3131444,114.1701333,27.8,-1.3,20190610065729.00
1244185068,22.3131450,114.1701329,27.8,-1.3,20190610065730.00
1244185069,22.3131453,114.1701323,27.8,-1.3,20190610065731.00
1244185070,22.3131454,114.1701321,27.8,-1.3,20190610065732.00
1244185071,22.3131459,114.1701317,27.8,-1.3,20190610065733.00
1244185072,22.3131465,114.1701308,27.8,-1.3,20190610065734.00
1244185073,22.3131470,114.1701307,27.8,-1.3,20190610065735.00
1244185074,22.3131474,114.1701307,27.8,-1.3,20190610065736.00
1244185075,22.3131478,114.1701303,27.7,-1.3,20190610065737.00
1244185076,22.3131486,114.1701306,27.7,-1.3,20190610065738.00
1244185077,22.3131489,114.1701304,27.7,-1.3,20190610065739.00
1244185078,22.3131493,114.1701305,27.7,-1.3,20190610065740.00
1244185079,22.3131493,114.1701300,27.7,-1.3,20190610065741.00
1244185080,22.3131495,114.1701302,27.7,-1.3,20190610065742.00
1244185081,22.3131496,114.1701308,27.7,-1.3,20190610065743.00
1244185082,22.3131501,114.1701305,27.7,-1.3,20190610065744.00
1244185083,22.3131502,114.1701308,27.7,-1.3,20190610065745.00
1244185084,22.3131504,114.1701306,27.7,-1.3,20190610065746.00
1244185085,22.3131507,114.1701306,27.7,-1.3,20190610065747.00
1244185086,22.3131511,114.1701306,27.7,-1.3,20190610065748.00
1244185087,22.3131517,114.1701308,27.7,-1.3,20190610065749.00
1244185088,22.3131518,114.1701308,27.7,-1.3,20190610065750.00
1244185089,22.3131515,114.1701305,27.7,-1.3,20190610065751.00
1244185090,22.3131518,114.1701301,27.7,-1.3,20190610065752.00
1244185091,22.3131515,114.1701302,27.8,-1.3,20190610065753.00
1244185092,22.3131510,114.1701313,27.7,-1.3,20190610065754.00
1244185093,22.3131512,114.1701321,27.7,-1.3,20190610065755.00
1244185094,22.3131513,114.1701325,27.6,-1.3,20190610065756.00
1244185095,22.3131518,114.1701328,27.5,-1.3,20190610065757.00
1244185096,22.3131519,114.1701334,27.6,-1.3,20190610065758.00
1244185097,22.3131522,114.1701340,27.6,-1.3,20190610065759.00
1244185098,22.3131522,114.1701342,27.6,-1.3,20190610065800.00
1244185099,22.3131522,114.1701346,27.5,-1.3,20190610065801.00
1244185100,22.3131532,114.1701353,27.5,-1.3,20190610065802.00
1244185101,22.3131530,114.1701354,27.5,-1.3,20190610065803.00
1244185102,22.3131536,114.1701364,27.5,-1.3,20190610065804.00
1244185103,22.3131538,114.1701368,27.5,-1.3,20190610065805.00
1244185104,22.3131544,114.1701374,27.5,-1.3,20190610065806.00
1244185105,22.3131549,114.1701375,27.4,-1.3,20190610065807.00
1244185106,22.3131552,114.1701383,27.5,-1.3,20190610065808.00
1244185107,22.3131555,114.1701391,27.5,-1.3,20190610065809.00
1244185108,22.3131558,114.1701393,27.5,-1.3,20190610065810.00
1244185109,22.3131561,114.1701395,27.6,-1.3,20190610065811.00
1244185110,22.3131563,114.1701397,27.6,-1.3,20190610065812.00
1244185111,22.3131570,114.1701401,27.5,-1.3,20190610065813.00
1244185112,22.3131572,114.1701403,27.5,-1.3,20190610065814.00
1244185113,22.3131578,114.1701409,27.5,-1.3,20190610065815.00
1244185114,22.3131581,114.1701412,27.5,-1.3,20190610065816.00
1244185115,22.3131598,114.1701423,27.5,-1.3,20190610065817.00
1244185116,22.3131603,114.1701430,27.5,-1.3,20190610065818.00
1244185117,22.3131639,114.1701430,27.6,-1.3,20190610065819.00
1244185118,22.3131645,114.1701435,27.7,-1.3,20190610065820.00
1244185119,22.3131652,114.1701420,27.8,-1.3,20190610065821.00
1244185120,22.3131652,114.1701454,27.8,-1.3,20190610065822.00
1244185121,22.3131660,114.1701480,27.8,-1.3,20190610065823.00
1244185122,22.3131662,114.1701514,27.8,-1.3,20190610065824.00
1244185123,22.3131668,114.1701566,27.9,-1.3,20190610065825.00
1244185124,22.3131680,114.1701602,27.9,-1.3,20190610065826.00
1244185125,22.3131692,114.1701617,27.9,-1.3,20190610065827.00
1244185126,22.3131702,114.1701631,27.9,-1.3,20190610065828.00
1244185127,22.3131701,114.1701650,27.9,-1.3,20190610065829.00
1244185128,22.3131698,114.1701660,27.9,-1.3,20190610065830.00
1244185129,22.3131690,114.1701676,27.9,-1.3,20190610065831.00
1244185130,22.3131687,114.1701686,27.8,-1.3,20190610065832.00
1244185131,22.3131686,114.1701701,27.8,-1.3,20190610065833.00
1244185132,22.3131682,114.1701709,27.8,-1.3,20190610065834.00
1244185133,22.3131679,114.1701724,27.8,-1.3,20190610065835.00
1244185134,22.3131675,114.1701736,27.8,-1.3,20190610065836.00
1244185135,22.3131671,114.1701740,27.7,-1.3,20190610065837.00
1244185136,22.3131668,114.1701748,27.7,-1.3,20190610065838.00
1244185137,22.3131666,114.1701750,27.7,-1.3,20190610065839.00
1244185138,22.3131672,114.1701747,27.7,-1.3,20190610065840.00
1244185139,22.3131671,114.1701757,27.7,-1.3,20190610065841.00
1244185140,22.3131672,114.1701770,27.8,-1.3,20190610065842.00
1244185141,22.3131670,114.1701770,27.8,-1.3,20190610065843.00
1244185142,22.3131664,114.1701745,27.8,-1.3,20190610065844.00
1244185143,22.3131665,114.1701725,27.7,-1.3,20190610065845.00
1244185144,22.3131663,114.1701695,27.7,-1.3,20190610065846.00
1244185145,22.3131663,114.1701689,27.6,-1.3,20190610065847.00
1244185146,22.3131663,114.1701688,27.6,-1.3,20190610065848.00
1244185147,22.3131659,114.1701695,27.6,-1.3,20190610065849.00
1244185148,22.3131664,114.1701698,27.5,-1.3,20190610065850.00
1244185149,22.3131666,114.1701701,27.6,-1.3,20190610065851.00
1244185150,22.3131663,114.1701716,27.6,-1.3,20190610065852.00
1244185151,22.3131660,114.1701723,27.7,-1.3,20190610065853.00
1244185152,22.3131659,114.1701722,27.6,-1.3,20190610065854.00
1244185153,22.3131662,114.1701712,27.7,-1.3,20190610065855.00
1244185154,22.3131663,114.1701721,27.7,-1.3,20190610065856.00
1244185155,22.3131668,114.1701728,27.8,-1.3,20190610065857.00
1244185156,22.3131666,114.1701712,27.8,-1.3,20190610065858.00
1244185157,22.3131669,114.1701697,27.8,-1.3,20190610065859.00
1244185158,22.3131665,114.1701698,27.9,-1.3,20190610065900.00
1244185159,22.3131665,114.1701697,28.0,-1.3,20190610065901.00
1244185160,22.3131658,114.1701691,28.0,-1.3,20190610065902.00
1244185161,22.3131648,114.1701677,28.0,-1.3,20190610065903.00
1244185162,22.3131643,114.1701668,28.0,-1.3,20190610065904.00
1244185163,22.3131638,114.1701661,28.0,-1.3,20190610065905.00
1244185164,22.3131628,114.1701649,28.0,-1.3,20190610065906.00
1244185165,22.3131627,114.1701648,28.0,-1.3,20190610065907.00
1244185166,22.3131623,114.1701612,28.0,-1.3,20190610065908.00
1244185167,22.3131620,114.1701599,27.9,-1.3,20190610065909.00
1244185168,22.3131616,114.1701582,27.9,-1.3,20190610065910.00
1244185169,22.3131622,114.1701588,27.8,-1.3,20190610065911.00
1244185170,22.3131623,114.1701594,27.8,-1.3,20190610065912.00
1244185171,22.3131620,114.1701601,27.8,-1.3,20190610065913.00
1244185172,22.3131619,114.1701606,27.8,-1.3,20190610065914.00
1244185173,22.3131617,114.1701611,27.8,-1.3,20190610065915.00
1244185174,22.3131616,114.1701614,27.8,-1.3,20190610065916.00
1244185175,22.3131614,114.1701618,27.7,-1.3,20190610065917.00
1244185176,22.3131618,114.1701624,27.7,-1.3,20190610065918.00
1244185177,22.3131619,114.1701628,27.7,-1.3,20190610065919.00
1244185178,22.3131621,114.1701633,27.7,-1.3,20190610065920.00
1244185179,22.3131623,114.1701636,27.8,-1.3,20190610065921.00
