1320218837,22.3041534,114.1783755,10.7,NaN,20211106072659.00
1320218838,22.3041534,114.1783755,10.7,NaN,20211106072700.00
1320218839,22.3041534,114.1783755,10.7,NaN,20211106072701.00
1320218840,22.3041534,114.1783755,10.7,NaN,20211106072702.00
1320218841,22.3041534,114.1783755,10.7,NaN,20211106072703.00
1320218842,22.3041534,114.1783755,10.7,NaN,20211106072704.00
1320218843,22.3041534,114.1783755,10.7,NaN,20211106072705.00
1320218844,22.3041534,114.1783755,10.7,NaN,20211106072706.00
1320218845,22.3041534,114.1783755,10.7,NaN,20211106072707.00
1320218846,22.3041534,114.1783755,10.7,NaN,20211106072708.00
1320218847,22.3041534,114.1783755,10.7,NaN,20211106072709.00
1320218848,22.3041534,114.1783755,10.7,NaN,20211106072710.00
1320218849,22.3041534,114.1783755,10.7,NaN,20211106072711.00
1320218850,22.3041534,114.1783755,10.7,NaN,20211106072712.00
1320218851,22.3041534,114.1783755,10.7,NaN,20211106072713.00
1320218852,22.3041534,114.1783755,10.7,NaN,20211106072714.00
1320218853,22.3041534,114.1783755,10.7,NaN,20211106072715.00
1320218854,22.3041534,114.1783755,10.7,NaN,20211106072716.00
1320218855,22.3041534,114.1783755,10.7,NaN,20211106072717.00
1320218856,22.3041534,114.1783755,10.7,NaN,20211106072718.00
1320218857,22.3041534,114.1783755,10.7,NaN,20211106072719.00
1320218858,22.3041534,114.1783755,10.7,NaN,20211106072720.00
1320218859,22.3041534,114.1783755,10.7,NaN,20211106072721.00
1320218860,22.3041534,114.1783755,10.7,NaN,20211106072722.00
1320218861,22.3041534,114.1783755,10.7,NaN,20211106072723.00
1320218862,22.3041534,114.1783755,10.7,NaN,20211106072724.00
1320218863,22.3041534,114.1783755,10.7,NaN,20211106072725.00
1320218864,22.3041534,114.1783755,10.7,NaN,20211106072726.00
1320218865,22.3041534,114.1783755,10.7,NaN,20211106072727.00
1320218866,22.3041534,114.1783755,10.7,NaN,20211106072728.00
1320218867,22.3041534,114.1783755,10.7,NaN,20211106072729.00
1320218868,22.3041534,114.1783755,10.7,NaN,20211106072730.00
1320218869,22.3041534,114.1783755,10.7,NaN,20211106072731.00
1320218870,22.3041534,114.1783755,10.7,NaN,20211106072732.00
1320218871,22.3041534,114.1783755,10.7,NaN,20211106072733.00
1320218872,22.3041534,114.1783755,10.7,NaN,20211106072734.00
1320218873,22.3041534,114.1783755,10.7,NaN,20211106072735.00
1320218874,22.3041534,114.1783755,10.7,NaN,20211106072736.00
1320218875,22.3041534,114.1783755,10.7,NaN,20211106072737.00
1320218876,22.3041534,114.1783755,10.7,NaN,20211106072738.00
1320218877,22.3041534,114.1783755,10.7,NaN,20211106072739.00
1320218878,22.3041534,114.1783755,10.7,NaN,20211106072740.00
1320218879,22.3041534,114.1783755,10.7,NaN,20211106072741.00
1320218880,22.3041534,114.1783755,10.7,NaN,20211106072742.00
1320218881,22.3041534,114.1783755,10.7,NaN,20211106072743.00
1320218882,22.3041534,114.1783755,10.7,NaN,20211106072744.00
1320218883,22.3041534,114.1783755,10.7,NaN,20211106072745.00
1320218884,22.3041534,114.1783755,10.7,NaN,20211106072746.00
1320218885,22.3041534,114.1783755,10.7,NaN,20211106072747.00
1320218886,22.3041534,114.1783755,10.7,NaN,20211106072748.00
1320218887,22.3041534,114.1783755,10.7,NaN,20211106072749.00
1320218888,22.3041534,114.1783755,10.7,NaN,20211106072750.00
1320218889,22.3041534,114.1783755,10.7,NaN,20211106072751.00
1320218890,22.3041534,114.1783755,10.7,NaN,20211106072752.00
1320218891,22.3041534,114.1783755,10.7,NaN,20211106072753.00
1320218892,22.3041534,114.1783755,10.7,NaN,20211106072754.00
1320218893,22.3041534,114.1783755,10.7,NaN,20211106072755.00
1320218894,22.3041534,114.1783755,10.7,NaN,20211106072756.00
1320218895,22.3041534,114.1783755,10.7,NaN,20211106072757.00
1320218896,22.3041534,114.1783755,10.7,NaN,20211106072758.00
1320218897,22.3041534,114.1783755,10.7,NaN,20211106072759.00
1320218898,22.3041534,114.1783755,10.7,NaN,20211106072800.00
1320218899,22.3041534,114.1783755,10.7,NaN,20211106072801.00
1320218900,22.3041534,114.1783755,10.7,NaN,20211106072802.00
1320218901,22.3041534,114.1783755,10.7,NaN,20211106072803.00
1320218902,22.3041534,114.1783755,10.7,NaN,20211106072804.00
1320218903,22.3041534,114.1783755,10.7,NaN,20211106072805.00
1320218904,22.3041534,114.1783755,10.7,NaN,20211106072806.00
1320218905,22.3041534,114.1783755,10.7,NaN,20211106072807.00
1320218906,22.3041534,114.1783755,10.7,NaN,20211106072808.00
1320218907,22.3041534,114.1783755,10.7,NaN,20211106072809.00
1320218908,22.3041534,114.1783755,10.7,NaN,20211106072810.00
1320218909,22.3041534,114.1783755,10.7,NaN,20211106072811.00
1320218910,22.3041534,114.1783755,10.7,NaN,20211106072812.00
1320218911,22.3041534,114.1783755,10.7,NaN,20211106072813.00
1320218912,22.3041534,114.1783755,10.7,NaN,20211106072814.00
1320218913,22.3041534,114.1783755,10.7,NaN,20211106072815.00
1320218914,22.3041534,114.1783755,10.7,NaN,20211106072816.00
1320218915,22.3041534,114.1783755,10.7,NaN,20211106072817.00
1320218916,22.3041534,114.1783755,10.7,NaN,20211106072818.00
1320218917,22.3041534,114.1783755,10.7,NaN,20211106072819.00
1320218918,22.3041534,114.1783755,10.7,NaN,20211106072820.00
1320218919,22.3041534,114.1783755,10.7,NaN,20211106072821.00
1320218920,22.3041534,114.1783755,10.7,NaN,20211106072822.00
1320218921,22.3041534,114.1783755,10.7,NaN,20211106072823.00
1320218922,22.3041534,114.1783755,10.7,NaN,20211106072824.00
1320218923,22.3041534,114.1783755,10.7,NaN,20211106072825.00
1320218924,22.3041534,114.1783755,10.7,NaN,20211106072826.00
1320218925,22.3041534,114.1783755,10.7,NaN,20211106072827.00
1320218926,22.3041534,114.1783755,10.7,NaN,20211106072828.00
1320218927,22.3041534,114.1783755,10.7,NaN,20211106072829.00
1320218928,22.3041534,114.1783755,10.7,NaN,20211106072830.00
1320218929,22.3041534,114.1783755,10.7,NaN,20211106072831.00
1320218930,22.3041495,114.1783752,10.7,NaN,20211106072832.00
1320218931,22.3041495,114.1783752,10.7,NaN,20211106072833.00
1320218932,22.3041495,114.1783752,10.7,NaN,20211106072834.00
1320218933,22.3041495,114.1783752,10.7,NaN,20211106072835.00
1320218934,22.3041495,114.1783752,10.7,NaN,20211106072836.00
1320218935,22.3041495,114.1783752,10.7,NaN,20211106072837.00
1320218936,22.3041495,114.1783752,10.7,NaN,20211106072838.00
1320218937,22.3041495,114.1783752,10.7,NaN,20211106072839.00
1320218938,22.3041495,114.1783752,10.7,NaN,20211106072840.00
1320218939,22.3041495,114.1783752,10.7,NaN,20211106072841.00
1320218940,22.3041495,114.1783752,10.7,NaN,20211106072842.00
1320218941,22.3041495,114.1783752,10.7,NaN,20211106072843.00
1320218942,22.3041495,114.1783752,10.7,NaN,20211106072844.00
1320218943,22.3041495,114.1783752,10.7,NaN,20211106072845.00
1320218944,22.3041495,114.1783752,10.7,NaN,20211106072846.00
1320218945,22.3041495,114.1783752,10.7,NaN,20211106072847.00
1320218946,22.3041495,114.1783752,10.7,NaN,20211106072848.00
1320218947,22.3041495,114.1783752,10.7,NaN,20211106072849.00
1320218948,22.3041495,114.1783752,10.7,NaN,20211106072850.00
1320218949,22.3041495,114.1783752,10.7,NaN,20211106072851.00
1320218950,22.3041495,114.1783752,10.7,NaN,20211106072852.00
1320218951,22.3041495,114.1783752,10.7,NaN,20211106072853.00
1320218952,22.3041495,114.1783752,10.7,NaN,20211106072854.00
1320218953,22.3041495,114.1783752,10.7,NaN,20211106072855.00
1320218954,22.3041495,114.1783752,10.7,NaN,20211106072856.00
1320218955,22.3041495,114.1783752,10.7,NaN,20211106072857.00
1320218956,22.3041495,114.1783752,10.7,NaN,20211106072858.00
1320218957,22.3041495,114.1783752,10.7,NaN,20211106072859.00
1320218958,22.3041495,114.1783752,10.7,NaN,20211106072900.00
1320218959,22.3041495,114.1783752,10.7,NaN,20211106072901.00
1320218960,22.3041495,114.1783752,10.7,NaN,20211106072902.00
1320218961,22.3041495,114.1783752,10.7,NaN,20211106072903.00
1320218962,22.3041495,114.1783752,10.7,NaN,20211106072904.00
1320218963,22.3041495,114.1783752,10.7,NaN,20211106072905.00
1320218964,22.3041495,114.1783752,10.7,NaN,20211106072906.00
1320218965,22.3041495,114.1783752,10.7,NaN,20211106072907.00
1320218966,22.3041495,114.1783752,10.7,NaN,20211106072908.00
1320218967,22.3041495,114.1783752,10.7,NaN,20211106072909.00
1320218968,22.3041495,114.1783752,10.7,NaN,20211106072910.00
1320218969,22.3041495,114.1783752,10.7,NaN,20211106072911.00
1320218970,22.3041495,114.1783752,10.7,NaN,20211106072912.00
1320218971,22.3041495,114.1783752,10.7,NaN,20211106072913.00
1320218972,22.3041495,114.1783752,10.7,NaN,20211106072914.00
1320218973,22.3041495,114.1783752,10.7,NaN,20211106072915.00
1320218974,22.3041495,114.1783752,10.7,NaN,20211106072916.00
1320218975,22.3041495,114.1783752,10.7,NaN,20211106072917.00
1320218976,22.3041495,114.1783752,10.7,NaN,20211106072918.00
1320218977,22.3041495,114.1783752,10.7,NaN,20211106072919.00
1320218978,22.3041495,114.1783752,10.7,NaN,20211106072920.00
1320218979,22.3041495,114.1783752,10.7,NaN,20211106072921.00
1320218980,22.3041495,114.1783752,10.7,NaN,20211106072922.00
1320218981,22.3041495,114.1783752,10.7,NaN,20211106072923.00
1320218982,22.3041495,114.1783752,10.7,NaN,20211106072924.00
1320218983,22.3041495,114.1783752,10.7,NaN,20211106072925.00
1320218984,22.3041495,114.1783752,10.7,NaN,20211106072926.00
1320218985,22.3041495,114.1783752,10.7,NaN,20211106072927.00
1320218986,22.3041495,114.1783752,10.7,NaN,20211106072928.00
1320218987,22.3041495,114.1783752,10.7,NaN,20211106072929.00
1320218988,22.3041495,114.1783752,10.7,NaN,20211106072930.00
1320218989,22.3041495,114.1783752,10.7,NaN,20211106072931.00
1320218990,22.3041495,114.1783752,10.7,NaN,20211106072932.00
1320218991,22.3041495,114.1783752,10.7,NaN,20211106072933.00
1320218992,22.3041495,114.1783752,10.7,NaN,20211106072934.00
1320218993,22.3041495,114.1783752,10.7,NaN,20211106072935.00
1320218994,22.3041495,114.1783752,10.7,NaN,20211106072936.00
1320218995,22.3041495,114.1783752,10.7,NaN,20211106072937.00
1320218996,22.3041495,114.1783752,10.7,NaN,20211106072938.00
1320218997,22.3041495,114.1783752,10.7,NaN,20211106072939.00
1320218998,22.3041495,114.1783752,10.7,NaN,20211106072940.00
1320218999,22.3041495,114.1783752,10.7,NaN,20211106072941.00
1320219000,22.3041495,114.1783752,10.7,NaN,20211106072942.00
1320219001,22.3041495,114.1783752,10.7,NaN,20211106072943.00
1320219002,22.3041495,114.1783752,10.7,NaN,20211106072944.00
1320219003,22.3041495,114.1783752,10.7,NaN,20211106072945.00
1320219004,22.3041495,114.1783752,10.7,NaN,20211106072946.00
1320219005,22.3041495,114.1783752,10.7,NaN,20211106072947.00
1320219006,22.3041495,114.1783752,10.7,NaN,20211106072948.00
1320219007,22.3041495,114.1783752,10.7,NaN,20211106072949.00
1320219008,22.3041495,114.1783752,10.7,NaN,20211106072950.00
1320219009,22.3041495,114.1783752,10.7,NaN,20211106072951.00
1320219010,22.3041495,114.1783752,10.7,NaN,20211106072952.00
1320219011,22.3041495,114.1783752,10.7,NaN,20211106072953.00
1320219012,22.3041495,114.1783752,10.7,NaN,20211106072954.00
1320219013,22.3041495,114.1783752,10.7,NaN,20211106072955.00
1320219014,22.3041495,114.1783752,10.7,NaN,20211106072956.00
1320219015,22.3041495,114.1783752,10.7,NaN,20211106072957.00
1320219016,22.3041495,114.1783752,10.7,NaN,20211106072958.00
1320219017,22.3041495,114.1783752,10.7,NaN,20211106072959.00
1320219018,22.3041495,114.1783752,10.7,NaN,20211106073000.00
1320219019,22.3041495,114.1783752,10.7,NaN,20211106073001.00
1320219020,22.3041495,114.1783752,10.7,NaN,20211106073002.00
1320219021,22.3041495,114.1783752,10.7,NaN,20211106073003.00
1320219022,22.3041495,114.1783752,10.7,NaN,20211106073004.00
1320219023,22.3041495,114.1783752,10.7,NaN,20211106073005.00
1320219024,22.3041495,114.1783752,10.7,NaN,20211106073006.00
1320219025,22.3041495,114.1783752,10.7,NaN,20211106073007.00
1320219026,22.3041495,114.1783752,10.7,NaN,20211106073008.00
1320219027,22.3041479,114.1783771,10.7,NaN,20211106073009.00
1320219028,22.3041479,114.1783771,10.7,NaN,20211106073010.00
1320219029,22.3041479,114.1783771,10.7,NaN,20211106073011.00
1320219030,22.3041479,114.1783771,10.7,NaN,20211106073012.00
1320219031,22.3041479,114.1783771,10.7,NaN,20211106073013.00
1320219032,22.3041479,114.1783771,10.7,NaN,20211106073014.00
1320219033,22.3041479,114.1783771,10.7,NaN,20211106073015.00
1320219034,22.3041479,114.1783771,10.7,NaN,20211106073016.00
1320219035,22.3041479,114.1783771,10.7,NaN,20211106073017.00
1320219036,22.3041479,114.1783771,10.7,NaN,20211106073018.00
1320219037,22.3041479,114.1783771,10.7,NaN,20211106073019.00
1320219038,22.3041479,114.1783771,10.7,NaN,20211106073020.00
1320219039,22.3041479,114.1783771,10.7,NaN,20211106073021.00
1320219040,22.3041479,114.1783771,10.7,NaN,20211106073022.00
1320219041,22.3041479,114.1783771,10.7,NaN,20211106073023.00
1320219042,22.3041479,114.1783771,10.7,NaN,20211106073024.00
1320219043,22.3041479,114.1783771,10.7,NaN,20211106073025.00
1320219044,22.3041479,114.1783771,10.7,NaN,20211106073026.00
1320219045,22.3041479,114.1783771,10.7,NaN,20211106073027.00
1320219046,22.3041479,114.1783771,10.7,NaN,20211106073028.00
1320219047,22.3041479,114.1783771,10.7,NaN,20211106073029.00
1320219048,22.3041479,114.1783771,10.7,NaN,20211106073030.00
1320219049,22.3041479,114.1783771,10.7,NaN,20211106073031.00
1320219050,22.3041479,114.1783771,10.7,NaN,20211106073032.00
1320219051,22.3041479,114.1783771,10.7,NaN,20211106073033.00
1320219052,22.3041479,114.1783771,10.7,NaN,20211106073034.00
1320219053,22.3041479,114.1783771,10.7,NaN,20211106073035.00
1320219054,22.3041479,114.1783771,10.7,NaN,20211106073036.00
1320219055,22.3041479,114.1783771,10.7,NaN,20211106073037.00
1320219056,22.3041479,114.1783771,10.7,NaN,20211106073038.00
1320219057,22.3041479,114.1783771,10.7,NaN,20211106073039.00
1320219058,22.3041479,114.1783771,10.7,NaN,20211106073040.00
1320219059,22.3041479,114.1783771,10.7,NaN,20211106073041.00
1320219060,22.3041479,114.1783771,10.7,NaN,20211106073042.00
1320219061,22.3041479,114.1783771,10.7,NaN,20211106073043.00
1320219062,22.3041479,114.1783771,10.7,NaN,20211106073044.00
1320219063,22.3041479,114.1783771,10.7,NaN,20211106073045.00
1320219064,22.3041479,114.1783771,10.7,NaN,20211106073046.00
1320219065,22.3041479,114.1783771,10.7,NaN,20211106073047.00
1320219066,22.3041479,114.1783771,10.7,NaN,20211106073048.00
1320219067,22.3041479,114.1783771,10.7,NaN,20211106073049.00
1320219068,22.3041479,114.1783771,10.7,NaN,20211106073050.00
1320219069,22.3041479,114.1783771,10.7,NaN,20211106073051.00
1320219070,22.3041479,114.1783771,10.7,NaN,20211106073052.00
1320219071,22.3041479,114.1783771,10.7,NaN,20211106073053.00
1320219072,22.3041479,114.1783771,10.7,NaN,20211106073054.00
1320219073,22.3041479,114.1783771,10.7,NaN,20211106073055.00
1320219074,22.3041479,114.1783771,10.7,NaN,20211106073056.00
1320219075,22.3041479,114.1783771,10.7,NaN,20211106073057.00
1320219076,22.3041479,114.1783771,10.7,NaN,20211106073058.00
1320219077,22.3041479,114.1783771,10.7,NaN,20211106073059.00
1320219078,22.3041479,114.1783771,10.7,NaN,20211106073100.00
1320219079,22.3041479,114.1783771,10.7,NaN,20211106073101.00
1320219080,22.3041479,114.1783771,10.7,NaN,20211106073102.00
1320219081,22.3041479,114.1783771,10.7,NaN,20211106073103.00
1320219082,22.3041479,114.1783771,10.7,NaN,20211106073104.00
1320219083,22.3041479,114.1783771,10.7,NaN,20211106073105.00
1320219084,22.3041479,114.1783771,10.7,NaN,20211106073106.00
1320219085,22.3041479,114.1783771,10.7,NaN,20211106073107.00
1320219086,22.3041479,114.1783771,10.7,NaN,20211106073108.00
1320219087,22.3041479,114.1783771,10.7,NaN,20211106073109.00
1320219088,22.3041479,114.1783771,10.7,NaN,20211106073110.00
1320219089,22.3041479,114.1783771,10.7,NaN,20211106073111.00
1320219090,22.3041479,114.1783771,10.7,NaN,20211106073112.00
1320219091,22.3041479,114.1783771,10.7,NaN,20211106073113.00
1320219092,22.3041479,114.1783771,10.7,NaN,20211106073114.00
1320219093,22.3041479,114.1783771,10.7,NaN,20211106073115.00
1320219094,22.3041479,114.1783771,10.7,NaN,20211106073116.00
1320219095,22.3041479,114.1783771,10.7,NaN,20211106073117.00
1320219096,22.3041479,114.1783771,10.7,NaN,20211106073118.00
1320219097,22.3041479,114.1783771,10.7,NaN,20211106073119.00
1320219098,22.3041479,114.1783771,10.7,NaN,20211106073120.00
1320219099,22.3041479,114.1783771,10.7,NaN,20211106073121.00
1320219100,22.3041479,114.1783771,10.7,NaN,20211106073122.00
1320219101,22.3041479,114.1783771,10.7,NaN,20211106073123.00
1320219102,22.3041479,114.1783771,10.7,NaN,20211106073124.00
1320219103,22.3041479,114.1783771,10.7,NaN,20211106073125.00
1320219104,22.3041479,114.1783771,10.7,NaN,20211106073126.00
1320219105,22.3041479,114.1783771,10.7,NaN,20211106073127.00
1320219106,22.3041479,114.1783771,10.7,NaN,20211106073128.00
1320219107,22.3041479,114.1783771,10.7,NaN,20211106073129.00
1320219108,22.3041479,114.1783771,10.7,NaN,20211106073130.00
1320219109,22.3041479,114.1783771,10.7,NaN,20211106073131.00
1320219110,22.3041479,114.1783771,10.7,NaN,20211106073132.00
1320219111,22.3041479,114.1783771,10.7,NaN,20211106073133.00
1320219112,22.3041479,114.1783771,10.7,NaN,20211106073134.00
1320219113,22.3041479,114.1783771,10.7,NaN,20211106073135.00
1320219114,22.3041479,114.1783771,10.7,NaN,20211106073136.00
1320219115,22.3041479,114.1783771,10.7,NaN,20211106073137.00
1320219116,22.3041479,114.1783771,10.7,NaN,20211106073138.00
1320219117,22.3041479,114.1783771,10.7,NaN,20211106073139.00
1320219118,22.3041479,114.1783771,10.7,NaN,20211106073140.00
1320219119,22.3041479,114.1783771,10.7,NaN,20211106073141.00
1320219120,22.3041479,114.1783771,10.7,NaN,20211106073142.00
1320219121,22.3041479,114.1783771,10.7,NaN,20211106073143.00
1320219122,22.3041479,114.1783771,10.7,NaN,20211106073144.00
1320219123,22.3041479,114.1783771,10.7,NaN,20211106073145.00
1320219124,22.3041479,114.1783771,10.7,NaN,20211106073146.00
1320219125,22.3041479,114.1783771,10.7,NaN,20211106073147.00
1320219126,22.3041479,114.1783771,10.7,NaN,20211106073148.00
1320219127,22.3041479,114.1783771,10.7,NaN,20211106073149.00
1320219128,22.3041479,114.1783771,10.7,NaN,20211106073150.00
1320219129,22.3041479,114.1783771,10.7,NaN,20211106073151.00
1320219130,22.3041479,114.1783771,10.7,NaN,20211106073152.00
1320219131,22.3041479,114.1783771,10.7,NaN,20211106073153.00
1320219132,22.3041479,114.1783771,10.7,NaN,20211106073154.00
1320219133,22.3041479,114.1783771,10.7,NaN,20211106073155.00
1320219134,22.3041479,114.1783771,10.7,NaN,20211106073156.00
1320219135,22.3041479,114.1783771,10.7,NaN,20211106073157.00
1320219136,22.3041479,114.1783771,10.7,NaN,20211106073158.00
1320219137,22.3041479,114.1783771,10.7,NaN,20211106073159.00
1320219138,22.3041479,114.1783771,10.7,NaN,20211106073200.00
1320219139,22.3041479,114.1783771,10.7,NaN,20211106073201.00
1320219140,22.3041479,114.1783771,10.7,NaN,20211106073202.00
1320219141,22.3041479,114.1783771,10.7,NaN,20211106073203.00
1320219142,22.3041479,114.1783771,10.7,NaN,20211106073204.00
1320219143,22.3041479,114.1783771,10.7,NaN,20211106073205.00
1320219144,22.3041479,114.1783771,10.7,NaN,20211106073206.00
1320219145,22.3041479,114.1783771,10.7,NaN,20211106073207.00
1320219146,22.3041479,114.1783771,10.7,NaN,20211106073208.00
1320219147,22.3041479,114.1783771,10.7,NaN,20211106073209.00
1320219148,22.3041479,114.1783771,10.7,NaN,20211106073210.00
1320219149,22.3041479,114.1783771,10.7,NaN,20211106073211.00
1320219150,22.3041479,114.1783771,10.7,NaN,20211106073212.00
1320219151,22.3041479,114.1783771,10.7,NaN,20211106073213.00
1320219152,22.3041479,114.1783771,10.7,NaN,20211106073214.00
1320219153,22.3041479,114.1783771,10.7,NaN,20211106073215.00
1320219154,22.3041479,114.1783771,10.7,NaN,20211106073216.00
1320219155,22.3041479,114.1783771,10.7,NaN,20211106073217.00
1320219156,22.3041479,114.1783771,10.7,NaN,20211106073218.00
1320219157,22.3041479,114.1783771,10.7,NaN,20211106073219.00
1320219158,22.3041479,114.1783771,10.7,NaN,20211106073220.00
1320219159,22.3041479,114.1783771,10.7,NaN,20211106073221.00
1320219160,22.3041479,114.1783771,10.7,NaN,20211106073222.00
1320219161,22.3041479,114.1783771,10.7,NaN,20211106073223.00
1320219162,22.3041479,114.1783771,10.7,NaN,20211106073224.00
1320219163,22.3041479,114.1783771,10.7,NaN,20211106073225.00
1320219164,22.3041479,114.1783771,10.7,NaN,20211106073226.00
1320219165,22.3041479,114.1783771,10.7,NaN,20211106073227.00
1320219166,22.3041479,114.1783771,10.7,NaN,20211106073228.00
1320219167,22.3041479,114.1783771,10.7,NaN,20211106073229.00
1320219168,22.3041479,114.1783771,10.7,NaN,20211106073230.00
1320219169,22.3041479,114.1783771,10.7,NaN,20211106073231.00
1320219170,22.3041479,114.1783771,10.7,NaN,20211106073232.00
1320219171,22.3041479,114.1783771,10.7,NaN,20211106073233.00
1320219172,22.3041479,114.1783771,10.7,NaN,20211106073234.00
1320219173,22.3041479,114.1783771,10.7,NaN,20211106073235.00
1320219174,22.3041479,114.1783771,10.7,NaN,20211106073236.00
1320219175,22.3041479,114.1783771,10.7,NaN,20211106073237.00
1320219176,22.3041479,114.1783771,10.7,NaN,20211106073238.00
1320219177,22.3041479,114.1783771,10.7,NaN,20211106073239.00
1320219178,22.3041479,114.1783771,10.7,NaN,20211106073240.00
1320219179,22.3041479,114.1783771,10.7,NaN,20211106073241.00
1320219180,22.3041479,114.1783771,10.7,NaN,20211106073242.00
1320219181,22.3041479,114.1783771,10.7,NaN,20211106073243.00
1320219182,22.3041479,114.1783771,10.7,NaN,20211106073244.00
1320219183,22.3041479,114.1783771,10.7,NaN,20211106073245.00
1320219184,22.3041479,114.1783771,10.7,NaN,20211106073246.00
1320219185,22.3041479,114.1783771,10.7,NaN,20211106073247.00
1320219186,22.3041479,114.1783771,10.7,NaN,20211106073248.00
1320219187,22.3041479,114.1783771,10.7,NaN,20211106073249.00
1320219188,22.3041479,114.1783771,10.7,NaN,20211106073250.00
1320219189,22.3041479,114.1783771,10.7,NaN,20211106073251.00
1320219190,22.3041479,114.1783771,10.7,NaN,20211106073252.00
1320219191,22.3041479,114.1783771,10.7,NaN,20211106073253.00
1320219192,22.3041479,114.1783771,10.7,NaN,20211106073254.00
1320219193,22.3041479,114.1783771,10.7,NaN,20211106073255.00
1320219194,22.3041479,114.1783771,10.7,NaN,20211106073256.00
1320219195,22.3041479,114.1783771,10.7,NaN,20211106073257.00
1320219196,22.3041479,114.1783771,10.7,NaN,20211106073258.00
1320219197,22.3041479,114.1783771,10.7,NaN,20211106073259.00
1320219198,22.3041479,114.1783771,10.7,NaN,20211106073300.00
1320219199,22.3041479,114.1783771,10.7,NaN,20211106073301.00
1320219200,22.3041479,114.1783771,10.7,NaN,20211106073302.00
1320219201,22.3041479,114.1783771,10.7,NaN,20211106073303.00
1320219202,22.3041479,114.1783771,10.7,NaN,20211106073304.00
1320219203,22.3041479,114.1783771,10.7,NaN,20211106073305.00
1320219204,22.3041479,114.1783771,10.7,NaN,20211106073306.00
1320219205,22.3041479,114.1783771,10.7,NaN,20211106073307.00
1320219206,22.3041479,114.1783771,10.7,NaN,20211106073308.00
1320219207,22.3041479,114.1783771,10.7,NaN,20211106073309.00
1320219208,22.3041479,114.1783771,10.7,NaN,20211106073310.00
1320219209,22.3041479,114.1783771,10.7,NaN,20211106073311.00
1320219210,22.3041479,114.1783771,10.7,NaN,20211106073312.00
1320219211,22.3041479,114.1783771,10.7,NaN,20211106073313.00
1320219212,22.3041479,114.1783771,10.7,NaN,20211106073314.00
1320219213,22.3041479,114.1783771,10.7,NaN,20211106073315.00
1320219214,22.3041479,114.1783771,10.7,NaN,20211106073316.00
1320219215,22.3041479,114.1783771,10.7,NaN,20211106073317.00
1320219216,22.3041479,114.1783771,10.7,NaN,20211106073318.00
1320219217,22.3041479,114.1783771,10.7,NaN,20211106073319.00
1320219218,22.3041479,114.1783771,10.7,NaN,20211106073320.00
1320219219,22.3041479,114.1783771,10.7,NaN,20211106073321.00
1320219220,22.3041479,114.1783771,10.7,NaN,20211106073322.00
1320219221,22.3041479,114.1783771,10.7,NaN,20211106073323.00
1320219222,22.3041479,114.1783771,10.7,NaN,20211106073324.00
1320219223,22.3041479,114.1783771,10.7,NaN,20211106073325.00
1320219224,22.3041479,114.1783771,10.7,NaN,20211106073326.00
1320219225,22.3041479,114.1783771,10.7,NaN,20211106073327.00
1320219226,22.3041479,114.1783771,10.7,NaN,20211106073328.00
1320219227,22.3041479,114.1783771,10.7,NaN,20211106073329.00
1320219228,22.3041479,114.1783771,10.7,NaN,20211106073330.00
1320219229,22.3041479,114.1783771,10.7,NaN,20211106073331.00
1320219230,22.3041479,114.1783771,10.7,NaN,20211106073332.00
1320219231,22.3041479,114.1783771,10.7,NaN,20211106073333.00
1320219232,22.3041479,114.1783771,10.7,NaN,20211106073334.00
1320219233,22.3041479,114.1783771,10.7,NaN,20211106073335.00
1320219234,22.3041479,114.1783771,10.7,NaN,20211106073336.00
1320219235,22.3041479,114.1783771,10.7,NaN,20211106073337.00
1320219236,22.3041479,114.1783771,10.7,NaN,20211106073338.00
1320219237,22.3041479,114.1783771,10.7,NaN,20211106073339.00
1320219238,22.3041479,114.1783771,10.7,NaN,20211106073340.00
1320219239,22.3041479,114.1783771,10.7,NaN,20211106073341.00
1320219240,22.3041479,114.1783771,10.7,NaN,20211106073342.00
1320219241,22.3041479,114.1783771,10.7,NaN,20211106073343.00
1320219242,22.3041479,114.1783771,10.7,NaN,20211106073344.00
1320219243,22.3041479,114.1783771,10.7,NaN,20211106073345.00
1320219244,22.3041479,114.1783771,10.7,NaN,20211106073346.00
1320219245,22.3041479,114.1783771,10.7,NaN,20211106073347.00
1320219246,22.3041479,114.1783771,10.7,NaN,20211106073348.00
1320219247,22.3041479,114.1783771,10.7,NaN,20211106073349.00
1320219248,22.3041479,114.1783771,10.7,NaN,20211106073350.00
1320219249,22.3041479,114.1783771,10.7,NaN,20211106073351.00
1320219250,22.3041479,114.1783771,10.7,NaN,20211106073352.00
1320219251,22.3041479,114.1783771,10.7,NaN,20211106073353.00
1320219252,22.3041479,114.1783771,10.7,NaN,20211106073354.00
1320219253,22.3041479,114.1783771,10.7,NaN,20211106073355.00
1320219254,22.3041479,114.1783771,10.7,NaN,20211106073356.00
1320219255,22.3041479,114.1783771,10.7,NaN,20211106073357.00
1320219256,22.3041479,114.1783771,10.7,NaN,20211106073358.00
1320219257,22.3041479,114.1783771,10.7,NaN,20211106073359.00
1320219258,22.3041479,114.1783771,10.7,NaN,20211106073400.00
1320219259,22.3041479,114.1783771,10.7,NaN,20211106073401.00
1320219260,22.3041479,114.1783771,10.7,NaN,20211106073402.00
1320219261,22.3041479,114.1783771,10.7,NaN,20211106073403.00
1320219262,22.3041479,114.1783771,10.7,NaN,20211106073404.00
1320219263,22.3041479,114.1783771,10.7,NaN,20211106073405.00
1320219264,22.3041479,114.1783771,10.7,NaN,20211106073406.00
1320219265,22.3041479,114.1783771,10.7,NaN,20211106073407.00
1320219266,22.3041479,114.1783771,10.7,NaN,20211106073408.00
1320219267,22.3041479,114.1783771,10.7,NaN,20211106073409.00
1320219268,22.3041479,114.1783771,10.7,NaN,20211106073410.00
1320219269,22.3041479,114.1783771,10.7,NaN,20211106073411.00
1320219270,22.3041479,114.1783771,10.7,NaN,20211106073412.00
1320219271,22.3041479,114.1783771,10.7,NaN,20211106073413.00
1320219272,22.3041479,114.1783771,10.7,NaN,20211106073414.00
1320219273,22.3041479,114.1783771,10.7,NaN,20211106073415.00
1320219274,22.3041479,114.1783771,10.7,NaN,20211106073416.00
1320219275,22.3041479,114.1783771,10.7,NaN,20211106073417.00
1320219276,22.3041479,114.1783771,10.7,NaN,20211106073418.00
1320219277,22.3041479,114.1783771,10.7,NaN,20211106073419.00
1320219278,22.3041479,114.1783771,10.7,NaN,20211106073420.00
1320219279,22.3041479,114.1783771,10.7,NaN,20211106073421.00
1320219280,22.3041479,114.1783771,10.7,NaN,20211106073422.00
1320219281,22.3041479,114.1783771,10.7,NaN,20211106073423.00
1320219282,22.3041479,114.1783771,10.7,NaN,20211106073424.00
1320219283,22.3041479,114.1783771,10.7,NaN,20211106073425.00
1320219284,22.3041479,114.1783771,10.7,NaN,20211106073426.00
1320219285,22.3041479,114.1783771,10.7,NaN,20211106073427.00
1320219286,22.3041479,114.1783771,10.7,NaN,20211106073428.00
1320219287,22.3041479,114.1783771,10.7,NaN,20211106073429.00
1320219288,22.3041479,114.1783771,10.7,NaN,20211106073430.00
1320219289,22.3041479,114.1783771,10.7,NaN,20211106073431.00
1320219290,22.3041479,114.1783771,10.7,NaN,20211106073432.00
1320219291,22.3041479,114.1783771,10.7,NaN,20211106073433.00
1320219292,22.3041479,114.1783771,10.7,NaN,20211106073434.00
1320219293,22.3041479,114.1783771,10.7,NaN,20211106073435.00
1320219294,22.3041479,114.1783771,10.7,NaN,20211106073436.00
1320219295,22.3041479,114.1783771,10.7,NaN,20211106073437.00
1320219296,22.3041479,114.1783771,10.7,NaN,20211106073438.00
1320219297,22.3041479,114.1783771,10.7,NaN,20211106073439.00
1320219298,22.3041479,114.1783771,10.7,NaN,20211106073440.00
1320219299,22.3041479,114.1783771,10.7,NaN,20211106073441.00
1320219300,22.3041479,114.1783771,10.7,NaN,20211106073442.00
1320219301,22.3041479,114.1783771,10.7,NaN,20211106073443.00
1320219302,22.3041479,114.1783771,10.7,NaN,20211106073444.00
1320219303,22.3041479,114.1783771,10.7,NaN,20211106073445.00
1320219304,22.3041479,114.1783771,10.7,NaN,20211106073446.00
1320219305,22.3041479,114.1783771,10.7,NaN,20211106073447.00
1320219306,22.3041479,114.1783771,10.7,NaN,20211106073448.00
1320219307,22.3041479,114.1783771,10.7,NaN,20211106073449.00
1320219308,22.3041479,114.1783771,10.7,NaN,20211106073450.00
1320219309,22.3041479,114.1783771,10.7,NaN,20211106073451.00
1320219310,22.3041479,114.1783771,10.7,NaN,20211106073452.00
1320219311,22.3041479,114.1783771,10.7,NaN,20211106073453.00
1320219312,22.3041479,114.1783771,10.7,NaN,20211106073454.00
1320219313,22.3041479,114.1783771,10.7,NaN,20211106073455.00
1320219314,22.3041479,114.1783771,10.7,NaN,20211106073456.00
1320219315,22.3041479,114.1783771,10.7,NaN,20211106073457.00
1320219316,22.3041479,114.1783771,10.7,NaN,20211106073458.00
1320219317,22.3041479,114.1783771,10.7,NaN,20211106073459.00
1320219318,22.3041479,114.1783771,10.7,NaN,20211106073500.00
1320219319,22.3041479,114.1783771,10.7,NaN,20211106073501.00
1320219320,22.3041479,114.1783771,10.7,NaN,20211106073502.00
1320219321,22.3041479,114.1783771,10.7,NaN,20211106073503.00
1320219322,22.3041479,114.1783771,10.7,NaN,20211106073504.00
1320219323,22.3041479,114.1783771,10.7,NaN,20211106073505.00
1320219324,22.3041479,114.1783771,10.7,NaN,20211106073506.00
1320219325,22.3041479,114.1783771,10.7,NaN,20211106073507.00
1320219326,22.3041479,114.1783771,10.7,NaN,20211106073508.00
1320219327,22.3041479,114.1783771,10.7,NaN,20211106073509.00
1320219328,22.3041479,114.1783771,10.7,NaN,20211106073510.00
1320219329,22.3041479,114.1783771,10.7,NaN,20211106073511.00
1320219330,22.3041479,114.1783771,10.7,NaN,20211106073512.00
1320219331,22.3041479,114.1783771,10.7,NaN,20211106073513.00
1320219332,22.3041479,114.1783771,10.7,NaN,20211106073514.00
1320219333,22.3041479,114.1783771,10.7,NaN,20211106073515.00
1320219334,22.3041479,114.1783771,10.7,NaN,20211106073516.00
1320219335,22.3041479,114.1783771,10.7,NaN,20211106073517.00
1320219336,22.3041479,114.1783771,10.7,NaN,20211106073518.00
1320219337,22.3041479,114.1783771,10.7,NaN,20211106073519.00
1320219338,22.3041479,114.1783771,10.7,NaN,20211106073520.00
1320219339,22.3041479,114.1783771,10.7,NaN,20211106073521.00
1320219340,22.3041479,114.1783771,10.7,NaN,20211106073522.00
1320219341,22.3041479,114.1783771,10.7,NaN,20211106073523.00
1320219342,22.3041479,114.1783771,10.7,NaN,20211106073524.00
1320219343,22.3041479,114.1783771,10.7,NaN,20211106073525.00
1320219344,22.3041479,114.1783771,10.7,NaN,20211106073526.00
1320219345,22.3041479,114.1783771,10.7,NaN,20211106073527.00
1320219346,22.3041479,114.1783771,10.7,NaN,20211106073528.00
1320219347,22.3041479,114.1783771,10.7,NaN,20211106073529.00
1320219348,22.3041479,114.1783771,10.7,NaN,20211106073530.00
1320219349,22.3041479,114.1783771,10.7,NaN,20211106073531.00
1320219350,22.3041479,114.1783771,10.7,NaN,20211106073532.00
1320219351,22.3041479,114.1783771,10.7,NaN,20211106073533.00
1320219352,22.3041479,114.1783771,10.7,NaN,20211106073534.00
1320219353,22.3041479,114.1783771,10.7,NaN,20211106073535.00
1320219354,22.3041479,114.1783771,10.7,NaN,20211106073536.00
1320219355,22.3041479,114.1783771,10.7,NaN,20211106073537.00
1320219356,22.3041479,114.1783771,10.7,NaN,20211106073538.00
1320219357,22.3041479,114.1783771,10.7,NaN,20211106073539.00
1320219358,22.3041479,114.1783771,10.7,NaN,20211106073540.00
1320219359,22.3041479,114.1783771,10.7,NaN,20211106073541.00
1320219360,22.3041479,114.1783771,10.7,NaN,20211106073542.00
1320219361,22.3041479,114.1783771,10.7,NaN,20211106073543.00
1320219362,22.3041479,114.1783771,10.7,NaN,20211106073544.00
1320219363,22.3041479,114.1783771,10.7,NaN,20211106073545.00
1320219364,22.3041479,114.1783771,10.7,NaN,20211106073546.00
1320219365,22.3041479,114.1783771,10.7,NaN,20211106073547.00
1320219366,22.3041479,114.1783771,10.7,NaN,20211106073548.00
1320219367,22.3041479,114.1783771,10.7,NaN,20211106073549.00
1320219368,22.3041479,114.1783771,10.7,NaN,20211106073550.00
1320219369,22.3041479,114.1783771,10.7,NaN,20211106073551.00
1320219370,22.3041487,114.1783779,10.7,NaN,20211106073552.00
1320219371,22.3041514,114.1783776,10.7,NaN,20211106073553.00
1320219372,22.3041514,114.1783776,10.7,NaN,20211106073554.00
1320219373,22.3041514,114.1783776,10.7,NaN,20211106073555.00
1320219374,22.3041514,114.1783776,10.7,NaN,20211106073556.00
1320219375,22.3041514,114.1783776,10.7,NaN,20211106073557.00
1320219376,22.3041514,114.1783776,10.7,NaN,20211106073558.00
1320219377,22.3041514,114.1783776,10.7,NaN,20211106073559.00
1320219378,22.3041514,114.1783776,10.7,NaN,20211106073600.00
1320219379,22.3041514,114.1783776,10.7,NaN,20211106073601.00
1320219380,22.3041514,114.1783776,10.7,NaN,20211106073602.00
1320219381,22.3041577,114.1783805,10.7,NaN,20211106073603.00
1320219382,22.3041697,114.1783908,10.7,NaN,20211106073604.00
1320219383,22.3041800,114.1783983,10.7,NaN,20211106073605.00
1320219384,22.3041912,114.1783996,10.7,NaN,20211106073606.00
1320219385,22.3042013,114.1784018,10.7,NaN,20211106073607.00
1320219386,22.3042013,114.1784018,10.7,NaN,20211106073608.00
1320219387,22.3042012,114.1784012,10.7,NaN,20211106073609.00
1320219388,22.3042052,114.1784029,10.7,NaN,20211106073610.00
1320219389,22.3042052,114.1784029,10.7,NaN,20211106073611.00
1320219390,22.3042052,114.1784029,10.7,NaN,20211106073612.00
1320219391,22.3042052,114.1784029,10.7,NaN,20211106073613.00
1320219392,22.3042052,114.1784029,10.7,NaN,20211106073614.00
1320219393,22.3042052,114.1784029,10.7,NaN,20211106073615.00
1320219394,22.3042052,114.1784029,10.7,NaN,20211106073616.00
1320219395,22.3042086,114.1783989,10.7,NaN,20211106073617.00
1320219396,22.3042086,114.1783989,10.7,NaN,20211106073618.00
1320219397,22.3042086,114.1783989,10.7,NaN,20211106073619.00
1320219398,22.3042086,114.1783989,10.7,NaN,20211106073620.00
1320219399,22.3042086,114.1783989,10.7,NaN,20211106073621.00
1320219400,22.3042086,114.1783989,10.7,NaN,20211106073622.00
1320219401,22.3042086,114.1783989,10.7,NaN,20211106073623.00
1320219402,22.3042086,114.1783989,10.7,NaN,20211106073624.00
1320219403,22.3042086,114.1783989,10.7,NaN,20211106073625.00
1320219404,22.3042008,114.1783863,10.7,NaN,20211106073626.00
1320219405,22.3042008,114.1783863,10.7,NaN,20211106073627.00
1320219406,22.3042023,114.1783839,10.7,NaN,20211106073628.00
1320219407,22.3042023,114.1783839,10.7,NaN,20211106073629.00
1320219408,22.3042023,114.1783839,10.7,NaN,20211106073630.00
1320219409,22.3042023,114.1783839,10.7,NaN,20211106073631.00
1320219410,22.3042061,114.1783867,10.7,NaN,20211106073632.00
1320219411,22.3042132,114.1783839,4.0,NaN,20211106073633.00
1320219412,22.3042205,114.1783855,4.0,NaN,20211106073634.00
1320219413,22.3042304,114.1783836,4.0,NaN,20211106073635.00
1320219414,22.3042391,114.1783852,4.0,NaN,20211106073636.00
1320219415,22.3042470,114.1783931,4.2,NaN,20211106073637.00
1320219416,22.3042568,114.1783991,4.2,NaN,20211106073638.00
1320219417,22.3042683,114.1784045,4.1,NaN,20211106073639.00
1320219418,22.3042765,114.1784083,4.2,NaN,20211106073640.00
1320219419,22.3042832,114.1784087,4.3,NaN,20211106073641.00
1320219420,22.3042920,114.1784096,4.3,NaN,20211106073642.00
1320219421,22.3043040,114.1784127,4.2,NaN,20211106073643.00
1320219422,22.3043154,114.1784204,4.6,NaN,20211106073644.00
1320219423,22.3043443,114.1784102,5.8,NaN,20211106073645.00
1320219424,22.3043554,114.1784147,5.8,NaN,20211106073646.00
1320219425,22.3043658,114.1784171,6.0,NaN,20211106073647.00
1320219426,22.3043745,114.1784156,6.1,NaN,20211106073648.00
1320219427,22.3043822,114.1784156,6.4,NaN,20211106073649.00
1320219428,22.3043902,114.1784126,6.7,NaN,20211106073650.00
1320219429,22.3043995,114.1784075,7.1,NaN,20211106073651.00
1320219430,22.3044098,114.1784060,7.4,NaN,20211106073652.00
1320219431,22.3044251,114.1784080,8.9,NaN,20211106073653.00
1320219432,22.3044366,114.1784099,9.0,NaN,20211106073654.00
1320219433,22.3044464,114.1784155,9.3,NaN,20211106073655.00
1320219434,22.3044557,114.1784215,9.5,NaN,20211106073656.00
1320219435,22.3044638,114.1784271,9.6,NaN,20211106073657.00
1320219436,22.3044722,114.1784318,9.6,NaN,20211106073658.00
1320219437,22.3044849,114.1784355,9.8,NaN,20211106073659.00
1320219438,22.3045094,114.1784532,10.4,NaN,20211106073700.00
1320219439,22.3045210,114.1784626,10.9,NaN,20211106073701.00
1320219440,22.3045311,114.1784663,10.9,NaN,20211106073702.00
1320219441,22.3045433,114.1784708,10.9,NaN,20211106073703.00
1320219442,22.3045553,114.1784735,10.9,NaN,20211106073704.00
1320219443,22.3045684,114.1784765,11.1,NaN,20211106073705.00
1320219444,22.3045799,114.1784802,11.2,NaN,20211106073706.00
1320219445,22.3045909,114.1784847,11.3,NaN,20211106073707.00
1320219446,22.3046025,114.1784919,11.4,NaN,20211106073708.00
1320219447,22.3046138,114.1784943,11.5,NaN,20211106073709.00
1320219448,22.3046342,114.1785047,11.5,NaN,20211106073710.00
1320219449,22.3046458,114.1785087,11.5,NaN,20211106073711.00
1320219450,22.3046578,114.1785182,11.3,NaN,20211106073712.00
1320219451,22.3046664,114.1785220,11.3,NaN,20211106073713.00
1320219452,22.3046833,114.1785298,11.2,NaN,20211106073714.00
1320219453,22.3046972,114.1785346,11.2,NaN,20211106073715.00
1320219454,22.3047087,114.1785390,11.1,NaN,20211106073716.00
1320219455,22.3047207,114.1785422,10.9,NaN,20211106073717.00
1320219456,22.3047332,114.1785432,10.8,NaN,20211106073718.00
1320219457,22.3047458,114.1785432,10.7,NaN,20211106073719.00
1320219458,22.3047593,114.1785437,10.7,NaN,20211106073720.00
1320219459,22.3047712,114.1785460,10.6,NaN,20211106073721.00
1320219460,22.3047823,114.1785565,10.3,NaN,20211106073722.00
1320219461,22.3047958,114.1785707,10.5,NaN,20211106073723.00
1320219462,22.3048155,114.1785724,10.0,NaN,20211106073724.00
1320219463,22.3048294,114.1785717,9.8,NaN,20211106073725.00
1320219464,22.3048386,114.1785747,9.7,NaN,20211106073726.00
1320219465,22.3048478,114.1785765,9.6,NaN,20211106073727.00
1320219466,22.3048565,114.1785782,9.6,NaN,20211106073728.00
1320219467,22.3048640,114.1785803,9.6,NaN,20211106073729.00
1320219468,22.3048726,114.1785836,9.5,NaN,20211106073730.00
1320219469,22.3048796,114.1785882,9.5,NaN,20211106073731.00
1320219470,22.3048884,114.1785936,9.5,NaN,20211106073732.00
1320219471,22.3048974,114.1785982,9.6,NaN,20211106073733.00
1320219472,22.3049060,114.1786014,9.8,NaN,20211106073734.00
1320219473,22.3049156,114.1786037,10.0,NaN,20211106073735.00
1320219474,22.3049234,114.1786045,9.9,NaN,20211106073736.00
1320219475,22.3049274,114.1786077,10.0,NaN,20211106073737.00
1320219476,22.3049278,114.1786087,9.9,NaN,20211106073738.00
1320219477,22.3049257,114.1786081,9.9,NaN,20211106073739.00
1320219478,22.3049232,114.1786072,9.9,NaN,20211106073740.00
1320219479,22.3049217,114.1786075,9.8,NaN,20211106073741.00
1320219480,22.3049217,114.1786075,9.8,NaN,20211106073742.00
1320219481,22.3049196,114.1786109,9.9,NaN,20211106073743.00
1320219482,22.3049196,114.1786109,9.9,NaN,20211106073744.00
1320219483,22.3049196,114.1786109,9.9,NaN,20211106073745.00
1320219484,22.3049196,114.1786109,9.9,NaN,20211106073746.00
1320219485,22.3049196,114.1786109,9.9,NaN,20211106073747.00
1320219486,22.3049196,114.1786109,9.9,NaN,20211106073748.00
1320219487,22.3049196,114.1786109,9.9,NaN,20211106073749.00
1320219488,22.3049196,114.1786109,9.9,NaN,20211106073750.00
1320219489,22.3049196,114.1786109,9.9,NaN,20211106073751.00
1320219490,22.3049196,114.1786109,9.9,NaN,20211106073752.00
1320219491,22.3049196,114.1786109,9.9,NaN,20211106073753.00
1320219492,22.3049196,114.1786109,9.9,NaN,20211106073754.00
1320219493,22.3049196,114.1786109,9.9,NaN,20211106073755.00
1320219494,22.3049196,114.1786109,9.9,NaN,20211106073756.00
1320219495,22.3049196,114.1786109,9.9,NaN,20211106073757.00
1320219496,22.3049196,114.1786109,9.9,NaN,20211106073758.00
1320219497,22.3049196,114.1786109,9.9,NaN,20211106073759.00
1320219498,22.3049196,114.1786109,9.9,NaN,20211106073800.00
1320219499,22.3049196,114.1786109,9.9,NaN,20211106073801.00
1320219500,22.3049196,114.1786109,9.9,NaN,20211106073802.00
1320219501,22.3049196,114.1786109,9.9,NaN,20211106073803.00
1320219502,22.3049196,114.1786109,9.9,NaN,20211106073804.00
1320219503,22.3049196,114.1786109,9.9,NaN,20211106073805.00
1320219504,22.3049196,114.1786109,9.9,NaN,20211106073806.00
1320219505,22.3049196,114.1786109,9.9,NaN,20211106073807.00
1320219506,22.3049196,114.1786109,9.9,NaN,20211106073808.00
1320219507,22.3049196,114.1786109,9.9,NaN,20211106073809.00
1320219508,22.3049196,114.1786109,9.9,NaN,20211106073810.00
1320219509,22.3049196,114.1786109,9.9,NaN,20211106073811.00
1320219510,22.3049196,114.1786109,9.9,NaN,20211106073812.00
1320219511,22.3049196,114.1786109,9.9,NaN,20211106073813.00
1320219512,22.3049196,114.1786109,9.9,NaN,20211106073814.00
1320219513,22.3049196,114.1786109,9.9,NaN,20211106073815.00
1320219514,22.3049196,114.1786109,9.9,NaN,20211106073816.00
1320219515,22.3049196,114.1786109,9.9,NaN,20211106073817.00
1320219516,22.3049196,114.1786109,9.9,NaN,20211106073818.00
1320219517,22.3049196,114.1786109,9.9,NaN,20211106073819.00
1320219518,22.3049196,114.1786109,9.9,NaN,20211106073820.00
1320219519,22.3049196,114.1786109,9.9,NaN,20211106073821.00
1320219520,22.3049196,114.1786109,9.9,NaN,20211106073822.00
1320219521,22.3049196,114.1786109,9.9,NaN,20211106073823.00
1320219522,22.3049196,114.1786109,9.9,NaN,20211106073824.00
1320219523,22.3049196,114.1786109,9.9,NaN,20211106073825.00
1320219524,22.3049196,114.1786109,9.9,NaN,20211106073826.00
1320219525,22.3049196,114.1786109,9.9,NaN,20211106073827.00
1320219526,22.3049196,114.1786109,9.9,NaN,20211106073828.00
1320219527,22.3049196,114.1786109,9.9,NaN,20211106073829.00
1320219528,22.3049196,114.1786109,9.9,NaN,20211106073830.00
1320219529,22.3049196,114.1786109,9.9,NaN,20211106073831.00
1320219530,22.3049196,114.1786109,9.9,NaN,20211106073832.00
1320219531,22.3049196,114.1786109,9.9,NaN,20211106073833.00
1320219532,22.3049196,114.1786109,9.9,NaN,20211106073834.00
1320219533,22.3049196,114.1786109,9.9,NaN,20211106073835.00
1320219534,22.3049196,114.1786109,9.9,NaN,20211106073836.00
1320219535,22.3049196,114.1786109,9.9,NaN,20211106073837.00
1320219536,22.3049196,114.1786109,9.9,NaN,20211106073838.00
1320219537,22.3049196,114.1786109,9.9,NaN,20211106073839.00
1320219538,22.3049196,114.1786109,9.9,NaN,20211106073840.00
1320219539,22.3049196,114.1786109,9.9,NaN,20211106073841.00
1320219540,22.3049196,114.1786109,9.9,NaN,20211106073842.00
1320219541,22.3049196,114.1786109,9.9,NaN,20211106073843.00
1320219542,22.3049196,114.1786109,9.9,NaN,20211106073844.00
1320219543,22.3049196,114.1786109,9.9,NaN,20211106073845.00
1320219544,22.3049196,114.1786109,9.9,NaN,20211106073846.00
1320219545,22.3049196,114.1786109,9.9,NaN,20211106073847.00
1320219546,22.3049196,114.1786109,9.9,NaN,20211106073848.00
1320219547,22.3049196,114.1786109,9.9,NaN,20211106073849.00
1320219548,22.3049196,114.1786109,9.9,NaN,20211106073850.00
1320219549,22.3049196,114.1786109,9.9,NaN,20211106073851.00
1320219550,22.3049196,114.1786109,9.9,NaN,20211106073852.00
1320219551,22.3049196,114.1786109,9.9,NaN,20211106073853.00
1320219552,22.3049196,114.1786109,9.9,NaN,20211106073854.00
1320219553,22.3049196,114.1786109,9.9,NaN,20211106073855.00
1320219554,22.3049196,114.1786109,9.9,NaN,20211106073856.00
1320219555,22.3049196,114.1786109,9.9,NaN,20211106073857.00
1320219556,22.3049196,114.1786109,9.9,NaN,20211106073858.00
1320219557,22.3049196,114.1786109,9.9,NaN,20211106073859.00
1320219558,22.3049196,114.1786109,9.9,NaN,20211106073900.00
1320219559,22.3049196,114.1786109,9.9,NaN,20211106073901.00
1320219560,22.3049196,114.1786109,9.9,NaN,20211106073902.00
1320219561,22.3049196,114.1786109,9.9,NaN,20211106073903.00
1320219562,22.3049196,114.1786109,9.9,NaN,20211106073904.00
1320219563,22.3049196,114.1786109,9.9,NaN,20211106073905.00
1320219564,22.3049196,114.1786109,9.9,NaN,20211106073906.00
1320219565,22.3049196,114.1786109,9.9,NaN,20211106073907.00
1320219566,22.3049196,114.1786109,9.9,NaN,20211106073908.00
1320219567,22.3049196,114.1786109,9.9,NaN,20211106073909.00
1320219568,22.3049196,114.1786109,9.9,NaN,20211106073910.00
1320219569,22.3049196,114.1786109,9.9,NaN,20211106073911.00
1320219570,22.3049196,114.1786109,9.9,NaN,20211106073912.00
1320219571,22.3049196,114.1786109,9.9,NaN,20211106073913.00
1320219572,22.3049196,114.1786109,9.9,NaN,20211106073914.00
1320219573,22.3049196,114.1786109,9.9,NaN,20211106073915.00
1320219574,22.3049196,114.1786109,9.9,NaN,20211106073916.00
1320219575,22.3049196,114.1786109,9.9,NaN,20211106073917.00
1320219576,22.3049196,114.1786109,9.9,NaN,20211106073918.00
1320219577,22.3049196,114.1786109,9.9,NaN,20211106073919.00
1320219578,22.3049196,114.1786109,9.9,NaN,20211106073920.00
1320219579,22.3049196,114.1786109,9.9,NaN,20211106073921.00
1320219580,22.3049196,114.1786109,9.9,NaN,20211106073922.00
1320219581,22.3049196,114.1786109,9.9,NaN,20211106073923.00
1320219582,22.3049196,114.1786109,9.9,NaN,20211106073924.00
1320219583,22.3049196,114.1786109,9.9,NaN,20211106073925.00
1320219584,22.3049196,114.1786109,9.9,NaN,20211106073926.00
1320219585,22.3049196,114.1786109,9.9,NaN,20211106073927.00
1320219586,22.3049196,114.1786109,9.9,NaN,20211106073928.00
1320219587,22.3049196,114.1786109,9.9,NaN,20211106073929.00
1320219588,22.3049196,114.1786109,9.9,NaN,20211106073930.00
1320219589,22.3049196,114.1786109,9.9,NaN,20211106073931.00
1320219590,22.3049196,114.1786109,9.9,NaN,20211106073932.00
1320219591,22.3049196,114.1786109,9.9,NaN,20211106073933.00
1320219592,22.3049196,114.1786109,9.9,NaN,20211106073934.00
1320219593,22.3049196,114.1786109,9.9,NaN,20211106073935.00
1320219594,22.3049196,114.1786109,9.9,NaN,20211106073936.00
1320219595,22.3049196,114.1786109,9.9,NaN,20211106073937.00
1320219596,22.3049196,114.1786109,9.9,NaN,20211106073938.00
1320219597,22.3049196,114.1786109,9.9,NaN,20211106073939.00
1320219598,22.3049196,114.1786109,9.9,NaN,20211106073940.00
1320219599,22.3049196,114.1786109,9.9,NaN,20211106073941.00
1320219600,22.3049196,114.1786109,9.9,NaN,20211106073942.00
1320219601,22.3049196,114.1786109,9.9,NaN,20211106073943.00
1320219602,22.3049196,114.1786109,9.9,NaN,20211106073944.00
1320219603,22.3049196,114.1786109,9.9,NaN,20211106073945.00
1320219604,22.3049196,114.1786109,9.9,NaN,20211106073946.00
1320219605,22.3049196,114.1786109,9.9,NaN,20211106073947.00
1320219606,22.3049196,114.1786109,9.9,NaN,20211106073948.00
1320219607,22.3049196,114.1786109,9.9,NaN,20211106073949.00
1320219608,22.3049196,114.1786109,9.9,NaN,20211106073950.00
1320219609,22.3049196,114.1786109,9.9,NaN,20211106073951.00
1320219610,22.3049196,114.1786109,9.9,NaN,20211106073952.00
1320219611,22.3049196,114.1786109,9.9,NaN,20211106073953.00
1320219612,22.3049196,114.1786109,9.9,NaN,20211106073954.00
1320219613,22.3049196,114.1786109,9.9,NaN,20211106073955.00
1320219614,22.3049196,114.1786109,9.9,NaN,20211106073956.00
1320219615,22.3049196,114.1786109,9.9,NaN,20211106073957.00
1320219616,22.3049196,114.1786109,9.9,NaN,20211106073958.00
1320219617,22.3049196,114.1786109,9.9,NaN,20211106073959.00
1320219618,22.3049196,114.1786109,9.9,NaN,20211106074000.00
1320219619,22.3049196,114.1786109,9.9,NaN,20211106074001.00
1320219620,22.3049196,114.1786109,9.9,NaN,20211106074002.00
1320219621,22.3049196,114.1786109,9.9,NaN,20211106074003.00
1320219622,22.3049196,114.1786109,9.9,NaN,20211106074004.00
1320219623,22.3049196,114.1786109,9.9,NaN,20211106074005.00
1320219624,22.3049196,114.1786109,9.9,NaN,20211106074006.00
1320219625,22.3049196,114.1786109,9.9,NaN,20211106074007.00
1320219626,22.3049196,114.1786109,9.9,NaN,20211106074008.00
1320219627,22.3049196,114.1786109,9.9,NaN,20211106074009.00
1320219628,22.3049196,114.1786109,9.9,NaN,20211106074010.00
1320219629,22.3049196,114.1786109,9.9,NaN,20211106074011.00
1320219630,22.3049196,114.1786109,9.9,NaN,20211106074012.00
1320219631,22.3049196,114.1786109,9.9,NaN,20211106074013.00
1320219632,22.3049196,114.1786109,9.9,NaN,20211106074014.00
1320219633,22.3049196,114.1786109,9.9,NaN,20211106074015.00
1320219634,22.3049196,114.1786109,9.9,NaN,20211106074016.00
1320219635,22.3049196,114.1786109,9.9,NaN,20211106074017.00
1320219636,22.3049196,114.1786109,9.9,NaN,20211106074018.00
1320219637,22.3049196,114.1786109,9.9,NaN,20211106074019.00
1320219638,22.3049196,114.1786109,9.9,NaN,20211106074020.00
1320219639,22.3049196,114.1786109,9.9,NaN,20211106074021.00
1320219640,22.3049196,114.1786109,9.9,NaN,20211106074022.00
1320219641,22.3049196,114.1786109,9.9,NaN,20211106074023.00
1320219642,22.3049196,114.1786109,9.9,NaN,20211106074024.00
1320219643,22.3049196,114.1786109,9.9,NaN,20211106074025.00
1320219644,22.3049196,114.1786109,9.9,NaN,20211106074026.00
1320219645,22.3049196,114.1786109,9.9,NaN,20211106074027.00
1320219646,22.3049196,114.1786109,9.9,NaN,20211106074028.00
1320219647,22.3049196,114.1786109,9.9,NaN,20211106074029.00
1320219648,22.3049196,114.1786109,9.9,NaN,20211106074030.00
1320219649,22.3049196,114.1786109,9.9,NaN,20211106074031.00
1320219650,22.3049196,114.1786109,9.9,NaN,20211106074032.00
1320219651,22.3049196,114.1786109,9.9,NaN,20211106074033.00
1320219652,22.3049196,114.1786109,9.9,NaN,20211106074034.00
1320219653,22.3049196,114.1786109,9.9,NaN,20211106074035.00
1320219654,22.3049196,114.1786109,9.9,NaN,20211106074036.00
1320219655,22.3049196,114.1786109,9.9,NaN,20211106074037.00
1320219656,22.3049196,114.1786109,9.9,NaN,20211106074038.00
1320219657,22.3049196,114.1786109,9.9,NaN,20211106074039.00
1320219658,22.3049196,114.1786109,9.9,NaN,20211106074040.00
1320219659,22.3049196,114.1786109,9.9,NaN,20211106074041.00
1320219660,22.3049196,114.1786109,9.9,NaN,20211106074042.00
1320219661,22.3049196,114.1786109,9.9,NaN,20211106074043.00
1320219662,22.3049196,114.1786109,9.9,NaN,20211106074044.00
1320219663,22.3049196,114.1786109,9.9,NaN,20211106074045.00
1320219664,22.3049196,114.1786109,9.9,NaN,20211106074046.00
1320219665,22.3049196,114.1786109,9.9,NaN,20211106074047.00
1320219666,22.3049196,114.1786109,9.9,NaN,20211106074048.00
1320219667,22.3049196,114.1786109,9.9,NaN,20211106074049.00
1320219668,22.3049196,114.1786109,9.9,NaN,20211106074050.00
1320219669,22.3049196,114.1786109,9.9,NaN,20211106074051.00
1320219670,22.3049196,114.1786109,9.9,NaN,20211106074052.00
1320219671,22.3049196,114.1786109,9.9,NaN,20211106074053.00
1320219672,22.3049196,114.1786109,9.9,NaN,20211106074054.00
1320219673,22.3049196,114.1786109,9.9,NaN,20211106074055.00
1320219674,22.3049196,114.1786109,9.9,NaN,20211106074056.00
1320219675,22.3049196,114.1786109,9.9,NaN,20211106074057.00
1320219676,22.3049196,114.1786109,9.9,NaN,20211106074058.00
1320219677,22.3049196,114.1786109,9.9,NaN,20211106074059.00
1320219678,22.3049196,114.1786109,9.9,NaN,20211106074100.00
1320219679,22.3049196,114.1786109,9.9,NaN,20211106074101.00
1320219680,22.3049196,114.1786109,9.9,NaN,20211106074102.00
1320219681,22.3049196,114.1786109,9.9,NaN,20211106074103.00
1320219682,22.3049196,114.1786109,9.9,NaN,20211106074104.00
1320219683,22.3049196,114.1786109,9.9,NaN,20211106074105.00
1320219684,22.3049196,114.1786109,9.9,NaN,20211106074106.00
1320219685,22.3049196,114.1786109,9.9,NaN,20211106074107.00
1320219686,22.3049196,114.1786109,9.9,NaN,20211106074108.00
1320219687,22.3049196,114.1786109,9.9,NaN,20211106074109.00
1320219688,22.3049196,114.1786109,9.9,NaN,20211106074110.00
1320219689,22.3049196,114.1786109,9.9,NaN,20211106074111.00
1320219690,22.3049196,114.1786109,9.9,NaN,20211106074112.00
1320219691,22.3049196,114.1786109,9.9,NaN,20211106074113.00
1320219692,22.3049196,114.1786109,9.9,NaN,20211106074114.00
1320219693,22.3049196,114.1786109,9.9,NaN,20211106074115.00
1320219694,22.3049196,114.1786109,9.9,NaN,20211106074116.00
1320219695,22.3049196,114.1786109,9.9,NaN,20211106074117.00
1320219696,22.3049196,114.1786109,9.9,NaN,20211106074118.00
1320219697,22.3049196,114.1786109,9.9,NaN,20211106074119.00
1320219698,22.3049196,114.1786109,9.9,NaN,20211106074120.00
1320219699,22.3049196,114.1786109,9.9,NaN,20211106074121.00
1320219700,22.3049196,114.1786109,9.9,NaN,20211106074122.00
1320219701,22.3049196,114.1786109,9.9,NaN,20211106074123.00
1320219702,22.3049196,114.1786109,9.9,NaN,20211106074124.00
1320219703,22.3049196,114.1786109,9.9,NaN,20211106074125.00
1320219704,22.3049196,114.1786109,9.9,NaN,20211106074126.00
1320219705,22.3049196,114.1786109,9.9,NaN,20211106074127.00
1320219706,22.3049196,114.1786109,9.9,NaN,20211106074128.00
1320219707,22.3049196,114.1786109,9.9,NaN,20211106074129.00
1320219708,22.3049196,114.1786109,9.9,NaN,20211106074130.00
1320219709,22.3049196,114.1786109,9.9,NaN,20211106074131.00
1320219710,22.3049196,114.1786109,9.9,NaN,20211106074132.00
1320219711,22.3049196,114.1786109,9.9,NaN,20211106074133.00
1320219712,22.3049196,114.1786109,9.9,NaN,20211106074134.00
1320219713,22.3049196,114.1786109,9.9,NaN,20211106074135.00
1320219714,22.3049196,114.1786109,9.9,NaN,20211106074136.00
1320219715,22.3049196,114.1786109,9.9,NaN,20211106074137.00
1320219716,22.3049196,114.1786109,9.9,NaN,20211106074138.00
1320219717,22.3049196,114.1786109,9.9,NaN,20211106074139.00
1320219718,22.3049196,114.1786109,9.9,NaN,20211106074140.00
1320219719,22.3049196,114.1786109,9.9,NaN,20211106074141.00
1320219720,22.3049196,114.1786109,9.9,NaN,20211106074142.00
1320219721,22.3049196,114.1786109,9.9,NaN,20211106074143.00
1320219722,22.3049196,114.1786109,9.9,NaN,20211106074144.00
1320219723,22.3049196,114.1786109,9.9,NaN,20211106074145.00
1320219724,22.3049196,114.1786109,9.9,NaN,20211106074146.00
1320219725,22.3049196,114.1786109,9.9,NaN,20211106074147.00
1320219726,22.3049196,114.1786109,9.9,NaN,20211106074148.00
1320219727,22.3049196,114.1786109,9.9,NaN,20211106074149.00
1320219728,22.3049196,114.1786109,9.9,NaN,20211106074150.00
1320219729,22.3049196,114.1786109,9.9,NaN,20211106074151.00
1320219730,22.3049196,114.1786109,9.9,NaN,20211106074152.00
1320219731,22.3049196,114.1786109,9.9,NaN,20211106074153.00
1320219732,22.3049196,114.1786109,9.9,NaN,20211106074154.00
1320219733,22.3049196,114.1786109,9.9,NaN,20211106074155.00
1320219734,22.3049196,114.1786109,9.9,NaN,20211106074156.00
1320219735,22.3049196,114.1786109,9.9,NaN,20211106074157.00
1320219736,22.3049196,114.1786109,9.9,NaN,20211106074158.00
1320219737,22.3049196,114.1786109,9.9,NaN,20211106074159.00
1320219738,22.3049196,114.1786109,9.9,NaN,20211106074200.00
1320219739,22.3049196,114.1786109,9.9,NaN,20211106074201.00
1320219740,22.3049196,114.1786109,9.9,NaN,20211106074202.00
1320219741,22.3049196,114.1786109,9.9,NaN,20211106074203.00
1320219742,22.3049196,114.1786109,9.9,NaN,20211106074204.00
1320219743,22.3049196,114.1786109,9.9,NaN,20211106074205.00
1320219744,22.3049196,114.1786109,9.9,NaN,20211106074206.00
1320219745,22.3049196,114.1786109,9.9,NaN,20211106074207.00
1320219746,22.3049196,114.1786109,9.9,NaN,20211106074208.00
1320219747,22.3049196,114.1786109,9.9,NaN,20211106074209.00
1320219748,22.3049196,114.1786109,9.9,NaN,20211106074210.00
1320219749,22.3049196,114.1786109,9.9,NaN,20211106074211.00
1320219750,22.3049196,114.1786109,9.9,NaN,20211106074212.00
1320219751,22.3049196,114.1786109,9.9,NaN,20211106074213.00
1320219752,22.3049196,114.1786109,9.9,NaN,20211106074214.00
1320219753,22.3049196,114.1786109,9.9,NaN,20211106074215.00
1320219754,22.3049196,114.1786109,9.9,NaN,20211106074216.00
1320219755,22.3049196,114.1786109,9.9,NaN,20211106074217.00
1320219756,22.3049196,114.1786109,9.9,NaN,20211106074218.00
1320219757,22.3049196,114.1786109,9.9,NaN,20211106074219.00
1320219758,22.3049196,114.1786109,9.9,NaN,20211106074220.00
1320219759,22.3049196,114.1786109,9.9,NaN,20211106074221.00
1320219760,22.3049196,114.1786109,9.9,NaN,20211106074222.00
1320219761,22.3049196,114.1786109,9.9,NaN,20211106074223.00
1320219762,22.3049196,114.1786109,9.9,NaN,20211106074224.00
1320219763,22.3049196,114.1786109,9.9,NaN,20211106074225.00
1320219764,22.3049196,114.1786109,9.9,NaN,20211106074226.00
1320219765,22.3049196,114.1786109,9.9,NaN,20211106074227.00
1320219766,22.3049196,114.1786109,9.9,NaN,20211106074228.00
1320219767,22.3049196,114.1786109,9.9,NaN,20211106074229.00
1320219768,22.3049196,114.1786109,9.9,NaN,20211106074230.00
1320219769,22.3049196,114.1786109,9.9,NaN,20211106074231.00
1320219770,22.3049196,114.1786109,9.9,NaN,20211106074232.00
1320219771,22.3049196,114.1786109,9.9,NaN,20211106074233.00
1320219772,22.3049196,114.1786109,9.9,NaN,20211106074234.00
1320219773,22.3049196,114.1786109,9.9,NaN,20211106074235.00
1320219774,22.3049196,114.1786109,9.9,NaN,20211106074236.00
1320219775,22.3049196,114.1786109,9.9,NaN,20211106074237.00
1320219776,22.3049196,114.1786109,9.9,NaN,20211106074238.00
1320219777,22.3049196,114.1786109,9.9,NaN,20211106074239.00
1320219778,22.3049196,114.1786109,9.9,NaN,20211106074240.00
1320219779,22.3049196,114.1786109,9.9,NaN,20211106074241.00
1320219780,22.3049196,114.1786109,9.9,NaN,20211106074242.00
1320219781,22.3049196,114.1786109,9.9,NaN,20211106074243.00
1320219782,22.3049196,114.1786109,9.9,NaN,20211106074244.00
1320219783,22.3049196,114.1786109,9.9,NaN,20211106074245.00
1320219784,22.3049196,114.1786109,9.9,NaN,20211106074246.00
1320219785,22.3049196,114.1786109,9.9,NaN,20211106074247.00
1320219786,22.3049196,114.1786109,9.9,NaN,20211106074248.00
1320219787,22.3049196,114.1786109,9.9,NaN,20211106074249.00
1320219788,22.3049196,114.1786109,9.9,NaN,20211106074250.00
1320219789,22.3049196,114.1786109,9.9,NaN,20211106074251.00
1320219790,22.3049196,114.1786109,9.9,NaN,20211106074252.00
1320219791,22.3049196,114.1786109,9.9,NaN,20211106074253.00
1320219792,22.3049196,114.1786109,9.9,NaN,20211106074254.00
1320219793,22.3049196,114.1786109,9.9,NaN,20211106074255.00
1320219794,22.3049196,114.1786109,9.9,NaN,20211106074256.00
1320219795,22.3049196,114.1786109,9.9,NaN,20211106074257.00
1320219796,22.3049196,114.1786109,9.9,NaN,20211106074258.00
1320219797,22.3049196,114.1786109,9.9,NaN,20211106074259.00
1320219798,22.3049196,114.1786109,9.9,NaN,20211106074300.00
1320219799,22.3049196,114.1786109,9.9,NaN,20211106074301.00
1320219800,22.3049196,114.1786109,9.9,NaN,20211106074302.00
1320219801,22.3049196,114.1786109,9.9,NaN,20211106074303.00
1320219802,22.3049196,114.1786109,9.9,NaN,20211106074304.00
1320219803,22.3049196,114.1786109,9.9,NaN,20211106074305.00
1320219804,22.3049196,114.1786109,9.9,NaN,20211106074306.00
1320219805,22.3049196,114.1786109,9.9,NaN,20211106074307.00
1320219806,22.3049196,114.1786109,9.9,NaN,20211106074308.00
1320219807,22.3049196,114.1786109,9.9,NaN,20211106074309.00
1320219808,22.3049196,114.1786109,9.9,NaN,20211106074310.00
1320219809,22.3049196,114.1786109,9.9,NaN,20211106074311.00
1320219810,22.3049196,114.1786109,9.9,NaN,20211106074312.00
1320219811,22.3049196,114.1786109,9.9,NaN,20211106074313.00
1320219812,22.3049196,114.1786109,9.9,NaN,20211106074314.00
1320219813,22.3049196,114.1786109,9.9,NaN,20211106074315.00
1320219814,22.3049196,114.1786109,9.9,NaN,20211106074316.00
1320219815,22.3049196,114.1786109,9.9,NaN,20211106074317.00
1320219816,22.3049196,114.1786109,9.9,NaN,20211106074318.00
1320219817,22.3049196,114.1786109,9.9,NaN,20211106074319.00
1320219818,22.3049196,114.1786109,9.9,NaN,20211106074320.00
1320219819,22.3049196,114.1786109,9.9,NaN,20211106074321.00
1320219820,22.3049196,114.1786109,9.9,NaN,20211106074322.00
1320219821,22.3049196,114.1786109,9.9,NaN,20211106074323.00
1320219822,22.3049196,114.1786109,9.9,NaN,20211106074324.00
1320219823,22.3049196,114.1786109,9.9,NaN,20211106074325.00
1320219824,22.3049196,114.1786109,9.9,NaN,20211106074326.00
1320219825,22.3049196,114.1786109,9.9,NaN,20211106074327.00
1320219826,22.3049196,114.1786109,9.9,NaN,20211106074328.00
1320219827,22.3049196,114.1786109,9.9,NaN,20211106074329.00
1320219828,22.3049196,114.1786109,9.9,NaN,20211106074330.00
1320219829,22.3049196,114.1786109,9.9,NaN,20211106074331.00
1320219830,22.3049196,114.1786109,9.9,NaN,20211106074332.00
1320219831,22.3049196,114.1786109,9.9,NaN,20211106074333.00
1320219832,22.3049196,114.1786109,9.9,NaN,20211106074334.00
1320219833,22.3049196,114.1786109,9.9,NaN,20211106074335.00
1320219834,22.3049196,114.1786109,9.9,NaN,20211106074336.00
1320219835,22.3049196,114.1786109,9.9,NaN,20211106074337.00
1320219836,22.3049196,114.1786109,9.9,NaN,20211106074338.00
1320219837,22.3049196,114.1786109,9.9,NaN,20211106074339.00
1320219838,22.3049196,114.1786109,9.9,NaN,20211106074340.00
1320219839,22.3049196,114.1786109,9.9,NaN,20211106074341.00
1320219840,22.3049196,114.1786109,9.9,NaN,20211106074342.00
1320219841,22.3049196,114.1786109,9.9,NaN,20211106074343.00
1320219842,22.3049196,114.1786109,9.9,NaN,20211106074344.00
1320219843,22.3049196,114.1786109,9.9,NaN,20211106074345.00
1320219844,22.3049196,114.1786109,9.9,NaN,20211106074346.00
1320219845,22.3049196,114.1786109,9.9,NaN,20211106074347.00
1320219846,22.3049196,114.1786109,9.9,NaN,20211106074348.00
1320219847,22.3049196,114.1786109,9.9,NaN,20211106074349.00
1320219848,22.3049196,114.1786109,9.9,NaN,20211106074350.00
1320219849,22.3049196,114.1786109,9.9,NaN,20211106074351.00
1320219850,22.3049196,114.1786109,9.9,NaN,20211106074352.00
1320219851,22.3049196,114.1786109,9.9,NaN,20211106074353.00
1320219852,22.3049196,114.1786109,9.9,NaN,20211106074354.00
1320219853,22.3049196,114.1786109,9.9,NaN,20211106074355.00
1320219854,22.3049196,114.1786109,9.9,NaN,20211106074356.00
1320219855,22.3049196,114.1786109,9.9,NaN,20211106074357.00
1320219856,22.3049196,114.1786109,9.9,NaN,20211106074358.00
1320219857,22.3049196,114.1786109,9.9,NaN,20211106074359.00
1320219858,22.3049196,114.1786109,9.9,NaN,20211106074400.00
1320219859,22.3049196,114.1786109,9.9,NaN,20211106074401.00
1320219860,22.3049196,114.1786109,9.9,NaN,20211106074402.00
1320219861,22.3049196,114.1786109,9.9,NaN,20211106074403.00
1320219862,22.3049196,114.1786109,9.9,NaN,20211106074404.00
1320219863,22.3049196,114.1786109,9.9,NaN,20211106074405.00
1320219864,22.3049196,114.1786109,9.9,NaN,20211106074406.00
1320219865,22.3049196,114.1786109,9.9,NaN,20211106074407.00
1320219866,22.3049196,114.1786109,9.9,NaN,20211106074408.00
1320219867,22.3049196,114.1786109,9.9,NaN,20211106074409.00
1320219868,22.3049196,114.1786109,9.9,NaN,20211106074410.00
1320219869,22.3049196,114.1786109,9.9,NaN,20211106074411.00
1320219870,22.3049196,114.1786109,9.9,NaN,20211106074412.00
1320219871,22.3049196,114.1786109,9.9,NaN,20211106074413.00
1320219872,22.3049196,114.1786109,9.9,NaN,20211106074414.00
1320219873,22.3049196,114.1786109,9.9,NaN,20211106074415.00
1320219874,22.3049196,114.1786109,9.9,NaN,20211106074416.00
1320219875,22.3049196,114.1786109,9.9,NaN,20211106074417.00
1320219876,22.3049196,114.1786109,9.9,NaN,20211106074418.00
1320219877,22.3049196,114.1786109,9.9,NaN,20211106074419.00
1320219878,22.3049196,114.1786109,9.9,NaN,20211106074420.00
1320219879,22.3049196,114.1786109,9.9,NaN,20211106074421.00
1320219880,22.3049196,114.1786109,9.9,NaN,20211106074422.00
1320219881,22.3049196,114.1786109,9.9,NaN,20211106074423.00
1320219882,22.3049196,114.1786109,9.9,NaN,20211106074424.00
1320219883,22.3049196,114.1786109,9.9,NaN,20211106074425.00
1320219884,22.3049196,114.1786109,9.9,NaN,20211106074426.00
1320219885,22.3049196,114.1786109,9.9,NaN,20211106074427.00
1320219886,22.3049196,114.1786109,9.9,NaN,20211106074428.00
1320219887,22.3049196,114.1786109,9.9,NaN,20211106074429.00
1320219888,22.3049196,114.1786109,9.9,NaN,20211106074430.00
1320219889,22.3049196,114.1786109,9.9,NaN,20211106074431.00
1320219890,22.3049196,114.1786109,9.9,NaN,20211106074432.00
1320219891,22.3049196,114.1786109,9.9,NaN,20211106074433.00
1320219892,22.3049196,114.1786109,9.9,NaN,20211106074434.00
1320219893,22.3049196,114.1786109,9.9,NaN,20211106074435.00
1320219894,22.3049196,114.1786109,9.9,NaN,20211106074436.00
1320219895,22.3049196,114.1786109,9.9,NaN,20211106074437.00
1320219896,22.3049196,114.1786109,9.9,NaN,20211106074438.00
1320219897,22.3049196,114.1786109,9.9,NaN,20211106074439.00
1320219898,22.3049196,114.1786109,9.9,NaN,20211106074440.00
1320219899,22.3049196,114.1786109,9.9,NaN,20211106074441.00
1320219900,22.3049196,114.1786109,9.9,NaN,20211106074442.00
1320219901,22.3049196,114.1786109,9.9,NaN,20211106074443.00
1320219902,22.3049196,114.1786109,9.9,NaN,20211106074444.00
1320219903,22.3049196,114.1786109,9.9,NaN,20211106074445.00
1320219904,22.3049196,114.1786109,9.9,NaN,20211106074446.00
1320219905,22.3049196,114.1786109,9.9,NaN,20211106074447.00
1320219906,22.3049196,114.1786109,9.9,NaN,20211106074448.00
1320219907,22.3049196,114.1786109,9.9,NaN,20211106074449.00
1320219908,22.3049196,114.1786109,9.9,NaN,20211106074450.00
1320219909,22.3049196,114.1786109,9.9,NaN,20211106074451.00
1320219910,22.3049196,114.1786109,9.9,NaN,20211106074452.00
1320219911,22.3049196,114.1786109,9.9,NaN,20211106074453.00
1320219912,22.3049196,114.1786109,9.9,NaN,20211106074454.00
1320219913,22.3049196,114.1786109,9.9,NaN,20211106074455.00
1320219914,22.3049196,114.1786109,9.9,NaN,20211106074456.00
1320219915,22.3049196,114.1786109,9.9,NaN,20211106074457.00
1320219916,22.3049196,114.1786109,9.9,NaN,20211106074458.00
1320219917,22.3049196,114.1786109,9.9,NaN,20211106074459.00
1320219918,22.3049196,114.1786109,9.9,NaN,20211106074500.00
1320219919,22.3049196,114.1786109,9.9,NaN,20211106074501.00
1320219920,22.3049196,114.1786109,9.9,NaN,20211106074502.00
1320219921,22.3049196,114.1786109,9.9,NaN,20211106074503.00
1320219922,22.3049196,114.1786109,9.9,NaN,20211106074504.00
1320219923,22.3049196,114.1786109,9.9,NaN,20211106074505.00
1320219924,22.3049196,114.1786109,9.9,NaN,20211106074506.00
1320219925,22.3049196,114.1786109,9.9,NaN,20211106074507.00
1320219926,22.3049196,114.1786109,9.9,NaN,20211106074508.00
1320219927,22.3049196,114.1786109,9.9,NaN,20211106074509.00
1320219928,22.3049196,114.1786109,9.9,NaN,20211106074510.00
1320219929,22.3049196,114.1786109,9.9,NaN,20211106074511.00
1320219930,22.3049196,114.1786109,9.9,NaN,20211106074512.00
1320219931,22.3049196,114.1786109,9.9,NaN,20211106074513.00
1320219932,22.3049196,114.1786109,9.9,NaN,20211106074514.00
1320219933,22.3049196,114.1786109,9.9,NaN,20211106074515.00
1320219934,22.3049196,114.1786109,9.9,NaN,20211106074516.00
1320219935,22.3049196,114.1786109,9.9,NaN,20211106074517.00
1320219936,22.3049196,114.1786109,9.9,NaN,20211106074518.00
1320219937,22.3049196,114.1786109,9.9,NaN,20211106074519.00
1320219938,22.3049196,114.1786109,9.9,NaN,20211106074520.00
1320219939,22.3049196,114.1786109,9.9,NaN,20211106074521.00
1320219940,22.3049196,114.1786109,9.9,NaN,20211106074522.00
1320219941,22.3049196,114.1786109,9.9,NaN,20211106074523.00
1320219942,22.3049196,114.1786109,9.9,NaN,20211106074524.00
1320219943,22.3049196,114.1786109,9.9,NaN,20211106074525.00
1320219944,22.3049196,114.1786109,9.9,NaN,20211106074526.00
1320219945,22.3049196,114.1786109,9.9,NaN,20211106074527.00
1320219946,22.3049196,114.1786109,9.9,NaN,20211106074528.00
1320219947,22.3049196,114.1786109,9.9,NaN,20211106074529.00
1320219948,22.3049196,114.1786109,9.9,NaN,20211106074530.00
1320219949,22.3049196,114.1786109,9.9,NaN,20211106074531.00
1320219950,22.3049196,114.1786109,9.9,NaN,20211106074532.00
1320219951,22.3049196,114.1786109,9.9,NaN,20211106074533.00
1320219952,22.3049196,114.1786109,9.9,NaN,20211106074534.00
1320219953,22.3049196,114.1786109,9.9,NaN,20211106074535.00
1320219954,22.3049196,114.1786109,9.9,NaN,20211106074536.00
1320219955,22.3049196,114.1786109,9.9,NaN,20211106074537.00
1320219956,22.3049196,114.1786109,9.9,NaN,20211106074538.00
1320219957,22.3049196,114.1786109,9.9,NaN,20211106074539.00
1320219958,22.3049196,114.1786109,9.9,NaN,20211106074540.00
1320219959,22.3049196,114.1786109,9.9,NaN,20211106074541.00
1320219960,22.3049196,114.1786109,9.9,NaN,20211106074542.00
1320219961,22.3049196,114.1786109,9.9,NaN,20211106074543.00
1320219962,22.3049196,114.1786109,9.9,NaN,20211106074544.00
1320219963,22.3049196,114.1786109,9.9,NaN,20211106074545.00
1320219964,22.3049196,114.1786109,9.9,NaN,20211106074546.00
1320219965,22.3049196,114.1786109,9.9,NaN,20211106074547.00
1320219966,22.3049196,114.1786109,9.9,NaN,20211106074548.00
1320219967,22.3049196,114.1786109,9.9,NaN,20211106074549.00
1320219968,22.3049196,114.1786109,9.9,NaN,20211106074550.00
1320219969,22.3049196,114.1786109,9.9,NaN,20211106074551.00
1320219970,22.3049196,114.1786109,9.9,NaN,20211106074552.00
1320219971,22.3049196,114.1786109,9.9,NaN,20211106074553.00
1320219972,22.3049196,114.1786109,9.9,NaN,20211106074554.00
1320219973,22.3049196,114.1786109,9.9,NaN,20211106074555.00
1320219974,22.3049196,114.1786109,9.9,NaN,20211106074556.00
1320219975,22.3049196,114.1786109,9.9,NaN,20211106074557.00
1320219976,22.3049196,114.1786109,9.9,NaN,20211106074558.00
1320219977,22.3049196,114.1786109,9.9,NaN,20211106074559.00
1320219978,22.3049196,114.1786109,9.9,NaN,20211106074600.00
1320219979,22.3049196,114.1786109,9.9,NaN,20211106074601.00
1320219980,22.3049196,114.1786109,9.9,NaN,20211106074602.00
1320219981,22.3049196,114.1786109,9.9,NaN,20211106074603.00
1320219982,22.3049196,114.1786109,9.9,NaN,20211106074604.00
1320219983,22.3049196,114.1786109,9.9,NaN,20211106074605.00
1320219984,22.3049196,114.1786109,9.9,NaN,20211106074606.00
1320219985,22.3049196,114.1786109,9.9,NaN,20211106074607.00
1320219986,22.3049196,114.1786109,9.9,NaN,20211106074608.00
1320219987,22.3049196,114.1786109,9.9,NaN,20211106074609.00
1320219988,22.3049196,114.1786109,9.9,NaN,20211106074610.00
1320219989,22.3049196,114.1786109,9.9,NaN,20211106074611.00
1320219990,22.3049196,114.1786109,9.9,NaN,20211106074612.00
1320219991,22.3049196,114.1786109,9.9,NaN,20211106074613.00
1320219992,22.3049196,114.1786109,9.9,NaN,20211106074614.00
1320219993,22.3049196,114.1786109,9.9,NaN,20211106074615.00
1320219994,22.3049196,114.1786109,9.9,NaN,20211106074616.00
1320219995,22.3049196,114.1786109,9.9,NaN,20211106074617.00
1320219996,22.3049196,114.1786109,9.9,NaN,20211106074618.00
1320219997,22.3049196,114.1786109,9.9,NaN,20211106074619.00
1320219998,22.3049196,114.1786109,9.9,NaN,20211106074620.00
1320219999,22.3049196,114.1786109,9.9,NaN,20211106074621.00
1320220000,22.3049196,114.1786109,9.9,NaN,20211106074622.00
1320220001,22.3049196,114.1786109,9.9,NaN,20211106074623.00
1320220002,22.3049196,114.1786109,9.9,NaN,20211106074624.00
1320220003,22.3049196,114.1786109,9.9,NaN,20211106074625.00
1320220004,22.3049196,114.1786109,9.9,NaN,20211106074626.00
1320220005,22.3049196,114.1786109,9.9,NaN,20211106074627.00
1320220006,22.3049196,114.1786109,9.9,NaN,20211106074628.00
1320220007,22.3049196,114.1786109,9.9,NaN,20211106074629.00
1320220008,22.3049196,114.1786109,9.9,NaN,20211106074630.00
1320220009,22.3049196,114.1786109,9.9,NaN,20211106074631.00
1320220010,22.3049196,114.1786109,9.9,NaN,20211106074632.00
1320220011,22.3049196,114.1786109,9.9,NaN,20211106074633.00
1320220012,22.3049196,114.1786109,9.9,NaN,20211106074634.00
1320220013,22.3049196,114.1786109,9.9,NaN,20211106074635.00
1320220014,22.3049196,114.1786109,9.9,NaN,20211106074636.00
1320220015,22.3049196,114.1786109,9.9,NaN,20211106074637.00
1320220016,22.3049196,114.1786109,9.9,NaN,20211106074638.00
1320220017,22.3049196,114.1786109,9.9,NaN,20211106074639.00
1320220018,22.3049196,114.1786109,9.9,NaN,20211106074640.00
1320220019,22.3049196,114.1786109,9.9,NaN,20211106074641.00
1320220020,22.3049196,114.1786109,9.9,NaN,20211106074642.00
1320220021,22.3049196,114.1786109,9.9,NaN,20211106074643.00
1320220022,22.3049196,114.1786109,9.9,NaN,20211106074644.00
1320220023,22.3049196,114.1786109,9.9,NaN,20211106074645.00
1320220024,22.3049196,114.1786109,9.9,NaN,20211106074646.00
1320220025,22.3049196,114.1786109,9.9,NaN,20211106074647.00
1320220026,22.3049196,114.1786109,9.9,NaN,20211106074648.00
1320220027,22.3049196,114.1786109,9.9,NaN,20211106074649.00
1320220028,22.3049196,114.1786109,9.9,NaN,20211106074650.00
1320220029,22.3049196,114.1786109,9.9,NaN,20211106074651.00
1320220030,22.3049196,114.1786109,9.9,NaN,20211106074652.00
1320220031,22.3049196,114.1786109,9.9,NaN,20211106074653.00
1320220032,22.3049196,114.1786109,9.9,NaN,20211106074654.00
1320220033,22.3049196,114.1786109,9.9,NaN,20211106074655.00
1320220034,22.3049196,114.1786109,9.9,NaN,20211106074656.00
1320220035,22.3049196,114.1786109,9.9,NaN,20211106074657.00
1320220036,22.3049196,114.1786109,9.9,NaN,20211106074658.00
1320220037,22.3049196,114.1786109,9.9,NaN,20211106074659.00
1320220038,22.3049196,114.1786109,9.9,NaN,20211106074700.00
1320220039,22.3049196,114.1786109,9.9,NaN,20211106074701.00
1320220040,22.3049196,114.1786109,9.9,NaN,20211106074702.00
1320220041,22.3049196,114.1786109,9.9,NaN,20211106074703.00
1320220042,22.3049196,114.1786109,9.9,NaN,20211106074704.00
1320220043,22.3049196,114.1786109,9.9,NaN,20211106074705.00
1320220044,22.3049196,114.1786109,9.9,NaN,20211106074706.00
1320220045,22.3049196,114.1786109,9.9,NaN,20211106074707.00
1320220046,22.3049196,114.1786109,9.9,NaN,20211106074708.00
1320220047,22.3049196,114.1786109,9.9,NaN,20211106074709.00
1320220048,22.3049196,114.1786109,9.9,NaN,20211106074710.00
1320220049,22.3049196,114.1786109,9.9,NaN,20211106074711.00
1320220050,22.3049196,114.1786109,9.9,NaN,20211106074712.00
1320220051,22.3049196,114.1786109,9.9,NaN,20211106074713.00
1320220052,22.3049196,114.1786109,9.9,NaN,20211106074714.00
1320220053,22.3049196,114.1786109,9.9,NaN,20211106074715.00
1320220054,22.3049196,114.1786109,9.9,NaN,20211106074716.00
1320220055,22.3049196,114.1786109,9.9,NaN,20211106074717.00
1320220056,22.3049196,114.1786109,9.9,NaN,20211106074718.00
1320220057,22.3049196,114.1786109,9.9,NaN,20211106074719.00
1320220058,22.3049196,114.1786109,9.9,NaN,20211106074720.00
1320220059,22.3049196,114.1786109,9.9,NaN,20211106074721.00
1320220060,22.3049196,114.1786109,9.9,NaN,20211106074722.00
1320220061,22.3049196,114.1786109,9.9,NaN,20211106074723.00
1320220062,22.3049196,114.1786109,9.9,NaN,20211106074724.00
1320220063,22.3049196,114.1786109,9.9,NaN,20211106074725.00
1320220064,22.3049196,114.1786109,9.9,NaN,20211106074726.00
1320220065,22.3049196,114.1786109,9.9,NaN,20211106074727.00
1320220066,22.3049196,114.1786109,9.9,NaN,20211106074728.00
1320220067,22.3049196,114.1786109,9.9,NaN,20211106074729.00
1320220068,22.3049196,114.1786109,9.9,NaN,20211106074730.00
1320220069,22.3049196,114.1786109,9.9,NaN,20211106074731.00
1320220070,22.3049196,114.1786109,9.9,NaN,20211106074732.00
1320220071,22.3049196,114.1786109,9.9,NaN,20211106074733.00
1320220072,22.3049196,114.1786109,9.9,NaN,20211106074734.00
1320220073,22.3049196,114.1786109,9.9,NaN,20211106074735.00
1320220074,22.3049196,114.1786109,9.9,NaN,20211106074736.00
1320220075,22.3049150,114.1786072,9.6,NaN,20211106074737.00
1320220076,22.3049075,114.1786045,9.3,NaN,20211106074738.00
1320220077,22.3049013,114.1786082,9.0,NaN,20211106074739.00
1320220078,22.3048916,114.1786062,8.9,NaN,20211106074740.00
1320220079,22.3048835,114.1786020,8.5,NaN,20211106074741.00
1320220080,22.3048764,114.1786047,8.0,NaN,20211106074742.00
1320220081,22.3048634,114.1785975,7.8,NaN,20211106074743.00
1320220082,22.3048440,114.1785919,7.7,NaN,20211106074744.00
1320220083,22.3048379,114.1785900,7.5,NaN,20211106074745.00
1320220084,22.3048292,114.1785924,7.5,NaN,20211106074746.00
1320220085,22.3048239,114.1785930,7.3,NaN,20211106074747.00
1320220086,22.3048141,114.1785934,7.2,NaN,20211106074748.00
1320220087,22.3048042,114.1785860,7.3,NaN,20211106074749.00
1320220088,22.3047995,114.1785877,7.3,NaN,20211106074750.00
1320220089,22.3047911,114.1785844,7.3,NaN,20211106074751.00
1320220090,22.3047755,114.1785864,7.3,NaN,20211106074752.00
1320220091,22.3047663,114.1785817,7.5,NaN,20211106074753.00
1320220092,22.3047550,114.1785709,7.6,NaN,20211106074754.00
1320220093,22.3047470,114.1785647,7.7,NaN,20211106074755.00
1320220094,22.3047386,114.1785622,7.7,NaN,20211106074756.00
1320220095,22.3047326,114.1785605,7.6,NaN,20211106074757.00
1320220096,22.3047245,114.1785571,7.4,NaN,20211106074758.00
1320220097,22.3047179,114.1785530,7.2,NaN,20211106074759.00
1320220098,22.3047103,114.1785528,7.1,NaN,20211106074800.00
1320220099,22.3047025,114.1785529,7.3,NaN,20211106074801.00
1320220100,22.3046946,114.1785523,7.5,NaN,20211106074802.00
1320220101,22.3046872,114.1785475,7.6,NaN,20211106074803.00
1320220102,22.3046820,114.1785458,7.7,NaN,20211106074804.00
1320220103,22.3046786,114.1785453,7.7,NaN,20211106074805.00
1320220104,22.3046748,114.1785455,7.5,NaN,20211106074806.00
1320220105,22.3046664,114.1785431,7.3,NaN,20211106074807.00
1320220106,22.3046581,114.1785389,7.3,NaN,20211106074808.00
1320220107,22.3046496,114.1785354,7.2,NaN,20211106074809.00
1320220108,22.3046411,114.1785331,7.1,NaN,20211106074810.00
1320220109,22.3046330,114.1785320,6.9,NaN,20211106074811.00
1320220110,22.3046190,114.1785297,6.8,NaN,20211106074812.00
1320220111,22.3046032,114.1785239,6.9,NaN,20211106074813.00
1320220112,22.3045915,114.1785210,6.7,NaN,20211106074814.00
1320220113,22.3045781,114.1785172,6.9,NaN,20211106074815.00
1320220114,22.3045658,114.1785135,6.8,NaN,20211106074816.00
1320220115,22.3045529,114.1785084,6.8,NaN,20211106074817.00
1320220116,22.3045416,114.1785025,6.9,NaN,20211106074818.00
1320220117,22.3045275,114.1784971,6.9,NaN,20211106074819.00
1320220118,22.3045133,114.1784950,6.6,NaN,20211106074820.00
1320220119,22.3045011,114.1784935,6.6,NaN,20211106074821.00
1320220120,22.3044900,114.1784921,6.7,NaN,20211106074822.00
1320220121,22.3044802,114.1784897,6.8,NaN,20211106074823.00
1320220122,22.3044709,114.1784864,6.9,NaN,20211106074824.00
1320220123,22.3044624,114.1784822,6.8,NaN,20211106074825.00
1320220124,22.3044515,114.1784809,6.8,NaN,20211106074826.00
1320220125,22.3044429,114.1784805,6.7,NaN,20211106074827.00
1320220126,22.3044326,114.1784836,6.9,NaN,20211106074828.00
1320220127,22.3044227,114.1784858,6.9,NaN,20211106074829.00
1320220128,22.3044120,114.1784863,7.2,NaN,20211106074830.00
1320220129,22.3044035,114.1784853,7.2,NaN,20211106074831.00
1320220130,22.3043918,114.1784835,7.3,NaN,20211106074832.00
1320220131,22.3043804,114.1784813,7.4,NaN,20211106074833.00
1320220132,22.3043687,114.1784777,7.6,NaN,20211106074834.00
1320220133,22.3043575,114.1784709,7.8,NaN,20211106074835.00
1320220134,22.3043466,114.1784655,7.9,NaN,20211106074836.00
1320220135,22.3043286,114.1784623,9.9,NaN,20211106074837.00
1320220136,22.3043137,114.1784488,13.2,NaN,20211106074838.00
1320220137,22.3043058,114.1784433,13.2,NaN,20211106074839.00
1320220138,22.3042984,114.1784397,13.2,NaN,20211106074840.00
1320220139,22.3042919,114.1784361,13.2,NaN,20211106074841.00
1320220140,22.3042855,114.1784336,13.2,NaN,20211106074842.00
1320220141,22.3042775,114.1784305,13.0,NaN,20211106074843.00
1320220142,22.3042637,114.1784308,12.7,NaN,20211106074844.00
1320220143,22.3042526,114.1784274,12.8,NaN,20211106074845.00
1320220144,22.3042410,114.1784232,12.8,NaN,20211106074846.00
1320220145,22.3042320,114.1784204,12.7,NaN,20211106074847.00
1320220146,22.3042236,114.1784172,12.7,NaN,20211106074848.00
1320220147,22.3042157,114.1784153,12.6,NaN,20211106074849.00
1320220148,22.3042072,114.1784117,12.6,NaN,20211106074850.00
1320220149,22.3041981,114.1784088,12.6,NaN,20211106074851.00
1320220150,22.3041884,114.1784054,12.5,NaN,20211106074852.00
1320220151,22.3041796,114.1784040,12.2,NaN,20211106074853.00
1320220152,22.3041724,114.1784062,12.0,NaN,20211106074854.00
1320220153,22.3041645,114.1784063,12.0,NaN,20211106074855.00
1320220154,22.3041564,114.1784082,12.0,NaN,20211106074856.00
1320220155,22.3041472,114.1784089,11.8,NaN,20211106074857.00
1320220156,22.3041419,114.1784094,11.7,NaN,20211106074858.00
1320220157,22.3041388,114.1784116,11.7,NaN,20211106074859.00
1320220158,22.3041370,114.1784144,10.7,NaN,20211106074900.00
1320220159,22.3041352,114.1784209,10.1,NaN,20211106074901.00
1320220160,22.3041297,114.1784339,10.0,NaN,20211106074902.00
1320220161,22.3041297,114.1784339,10.0,NaN,20211106074903.00
1320220162,22.3041297,114.1784339,10.0,NaN,20211106074904.00
1320220163,22.3041292,114.1784269,10.0,NaN,20211106074905.00
1320220164,22.3041263,114.1784225,10.0,NaN,20211106074906.00
1320220165,22.3041196,114.1784190,9.8,NaN,20211106074907.00
1320220166,22.3041101,114.1784113,9.6,NaN,20211106074908.00
1320220167,22.3040987,114.1784042,9.5,NaN,20211106074909.00
1320220168,22.3040913,114.1783983,9.6,NaN,20211106074910.00
1320220169,22.3040846,114.1783958,9.4,NaN,20211106074911.00
1320220170,22.3040756,114.1783967,9.4,NaN,20211106074912.00
1320220171,22.3040656,114.1783951,9.3,NaN,20211106074913.00
1320220172,22.3040591,114.1783991,9.2,NaN,20211106074914.00
1320220173,22.3040547,114.1784086,9.0,NaN,20211106074915.00
1320220174,22.3040489,114.1784171,9.0,NaN,20211106074916.00
1320220175,22.3040431,114.1784277,8.9,NaN,20211106074917.00
1320220176,22.3040373,114.1784375,8.7,NaN,20211106074918.00
1320220177,22.3040315,114.1784429,8.7,NaN,20211106074919.00
1320220178,22.3040253,114.1784490,8.8,NaN,20211106074920.00
1320220179,22.3040199,114.1784545,8.7,NaN,20211106074921.00
1320220180,22.3040130,114.1784631,8.9,NaN,20211106074922.00
1320220181,22.3040105,114.1784707,9.1,NaN,20211106074923.00
1320220182,22.3040086,114.1784822,9.2,NaN,20211106074924.00
1320220183,22.3040062,114.1784959,9.3,NaN,20211106074925.00
1320220184,22.3040019,114.1785081,9.4,NaN,20211106074926.00
1320220185,22.3039918,114.1785110,10.0,NaN,20211106074927.00
1320220186,22.3039856,114.1785160,9.4,NaN,20211106074928.00
1320220187,22.3039799,114.1785189,9.4,NaN,20211106074929.00
1320220188,22.3039709,114.1785237,9.9,NaN,20211106074930.00
1320220189,22.3039659,114.1785306,10.1,NaN,20211106074931.00
1320220190,22.3039679,114.1785474,10.1,NaN,20211106074932.00
1320220191,22.3039703,114.1785619,9.9,NaN,20211106074933.00
1320220192,22.3039761,114.1785828,9.8,NaN,20211106074934.00
1320220193,22.3039752,114.1785995,9.6,NaN,20211106074935.00
1320220194,22.3039756,114.1786152,9.8,NaN,20211106074936.00
1320220195,22.3039748,114.1786296,10.1,NaN,20211106074937.00
1320220196,22.3039704,114.1786336,10.4,NaN,20211106074938.00
1320220197,22.3039646,114.1786376,11.0,NaN,20211106074939.00
1320220198,22.3039679,114.1786388,12.9,NaN,20211106074940.00
1320220199,22.3039712,114.1786487,13.3,NaN,20211106074941.00
1320220200,22.3039741,114.1786573,13.4,NaN,20211106074942.00
1320220201,22.3039663,114.1786637,13.6,NaN,20211106074943.00
1320220202,22.3039520,114.1786694,14.1,NaN,20211106074944.00
1320220203,22.3039458,114.1786738,14.2,NaN,20211106074945.00
1320220204,22.3039412,114.1786771,14.1,NaN,20211106074946.00
1320220205,22.3039353,114.1786798,13.9,NaN,20211106074947.00
1320220206,22.3039343,114.1786835,14.2,NaN,20211106074948.00
1320220207,22.3039363,114.1786887,14.5,NaN,20211106074949.00
1320220208,22.3039408,114.1786971,14.7,NaN,20211106074950.00
1320220209,22.3039383,114.1787035,14.8,NaN,20211106074951.00
1320220210,22.3039402,114.1787115,14.9,NaN,20211106074952.00
1320220211,22.3039451,114.1787239,15.1,NaN,20211106074953.00
1320220212,22.3039494,114.1787352,15.2,NaN,20211106074954.00
1320220213,22.3039552,114.1787430,15.2,NaN,20211106074955.00
1320220214,22.3039592,114.1787537,15.1,NaN,20211106074956.00
1320220215,22.3039620,114.1787670,15.1,NaN,20211106074957.00
1320220216,22.3039652,114.1787798,15.2,NaN,20211106074958.00
1320220217,22.3039684,114.1787913,15.5,NaN,20211106074959.00
1320220218,22.3039728,114.1788028,15.8,NaN,20211106075000.00
1320220219,22.3039766,114.1788147,15.9,NaN,20211106075001.00
1320220220,22.3039786,114.1788279,16.0,NaN,20211106075002.00
1320220221,22.3039831,114.1788449,15.8,NaN,20211106075003.00
1320220222,22.3039833,114.1788636,15.6,NaN,20211106075004.00
1320220223,22.3039835,114.1788814,15.6,NaN,20211106075005.00
1320220224,22.3039839,114.1789029,15.5,NaN,20211106075006.00
1320220225,22.3039841,114.1789208,15.4,NaN,20211106075007.00
1320220226,22.3039839,114.1789324,15.3,NaN,20211106075008.00
1320220227,22.3039876,114.1789361,15.3,NaN,20211106075009.00
1320220228,22.3039878,114.1789337,15.3,NaN,20211106075010.00
1320220229,22.3039801,114.1789236,15.4,NaN,20211106075011.00
1320220230,22.3039683,114.1789120,15.1,NaN,20211106075012.00
1320220231,22.3039561,114.1789114,14.8,NaN,20211106075013.00
1320220232,22.3039452,114.1789058,14.4,NaN,20211106075014.00
1320220233,22.3039486,114.1788886,14.3,NaN,20211106075015.00
1320220234,22.3039503,114.1788782,14.4,NaN,20211106075016.00
1320220235,22.3039513,114.1788682,14.5,NaN,20211106075017.00
1320220236,22.3039494,114.1788540,14.5,NaN,20211106075018.00
1320220237,22.3039445,114.1788397,14.5,NaN,20211106075019.00
1320220238,22.3039349,114.1788097,14.3,NaN,20211106075020.00
1320220239,22.3039146,114.1788094,15.0,NaN,20211106075021.00
1320220240,22.3038963,114.1788083,16.4,NaN,20211106075022.00
1320220241,22.3038835,114.1788115,17.3,NaN,20211106075023.00
1320220242,22.3038757,114.1788093,17.7,NaN,20211106075024.00
1320220243,22.3038812,114.1788061,17.7,NaN,20211106075025.00
1320220244,22.3038930,114.1788057,17.7,NaN,20211106075026.00
1320220245,22.3038930,114.1788057,17.7,NaN,20211106075027.00
1320220246,22.3039038,114.1788076,17.6,NaN,20211106075028.00
1320220247,22.3039121,114.1788108,17.4,NaN,20211106075029.00
1320220248,22.3039156,114.1788144,17.0,NaN,20211106075030.00
1320220249,22.3039226,114.1788161,16.4,NaN,20211106075031.00
1320220250,22.3039314,114.1788181,16.2,NaN,20211106075032.00
1320220251,22.3039400,114.1788147,15.1,NaN,20211106075033.00
1320220252,22.3039476,114.1788139,15.2,NaN,20211106075034.00
1320220253,22.3039569,114.1788107,14.6,NaN,20211106075035.00
1320220254,22.3039590,114.1788097,14.5,NaN,20211106075036.00
1320220255,22.3039623,114.1788078,14.8,NaN,20211106075037.00
1320220256,22.3039673,114.1788073,14.8,NaN,20211106075038.00
1320220257,22.3039719,114.1788067,14.6,NaN,20211106075039.00
1320220258,22.3039772,114.1788071,14.4,NaN,20211106075040.00
1320220259,22.3039851,114.1788085,14.3,NaN,20211106075041.00
1320220260,22.3039923,114.1788109,14.1,NaN,20211106075042.00
1320220261,22.3040016,114.1788128,14.0,NaN,20211106075043.00
1320220262,22.3040117,114.1788175,13.8,NaN,20211106075044.00
1320220263,22.3040232,114.1788217,13.5,NaN,20211106075045.00
1320220264,22.3040348,114.1788269,13.5,NaN,20211106075046.00
1320220265,22.3040508,114.1788276,13.4,NaN,20211106075047.00
1320220266,22.3040649,114.1788319,13.3,NaN,20211106075048.00
1320220267,22.3040777,114.1788370,13.2,NaN,20211106075049.00
1320220268,22.3040930,114.1788431,13.3,NaN,20211106075050.00
1320220269,22.3041102,114.1788454,13.1,NaN,20211106075051.00
1320220270,22.3041266,114.1788456,12.9,NaN,20211106075052.00
1320220271,22.3041414,114.1788484,12.5,NaN,20211106075053.00
1320220272,22.3041532,114.1788510,12.2,NaN,20211106075054.00
1320220273,22.3041656,114.1788515,12.1,NaN,20211106075055.00
1320220274,22.3041772,114.1788511,11.8,NaN,20211106075056.00
1320220275,22.3041853,114.1788563,11.7,NaN,20211106075057.00
1320220276,22.3041922,114.1788624,11.4,NaN,20211106075058.00
1320220277,22.3042011,114.1788660,11.2,NaN,20211106075059.00
1320220278,22.3042150,114.1788654,10.7,NaN,20211106075100.00
1320220279,22.3042285,114.1788660,10.4,NaN,20211106075101.00
1320220280,22.3042393,114.1788711,10.0,NaN,20211106075102.00
1320220281,22.3042501,114.1788752,9.5,NaN,20211106075103.00
1320220282,22.3042629,114.1788735,9.0,NaN,20211106075104.00
1320220283,22.3042727,114.1788747,8.8,NaN,20211106075105.00
1320220284,22.3042815,114.1788764,8.4,NaN,20211106075106.00
1320220285,22.3042882,114.1788828,8.3,NaN,20211106075107.00
1320220286,22.3042959,114.1788906,8.2,NaN,20211106075108.00
1320220287,22.3043052,114.1788991,8.2,NaN,20211106075109.00
1320220288,22.3043161,114.1789023,8.1,NaN,20211106075110.00
1320220289,22.3043270,114.1789058,8.3,NaN,20211106075111.00
1320220290,22.3043353,114.1789110,8.9,NaN,20211106075112.00
1320220291,22.3043403,114.1789162,9.1,NaN,20211106075113.00
1320220292,22.3043444,114.1789249,9.2,NaN,20211106075114.00
1320220293,22.3043446,114.1789341,9.1,NaN,20211106075115.00
1320220294,22.3043439,114.1789436,9.3,NaN,20211106075116.00
1320220295,22.3043438,114.1789558,9.2,NaN,20211106075117.00
1320220296,22.3043458,114.1789714,9.2,NaN,20211106075118.00
1320220297,22.3043460,114.1789866,9.3,NaN,20211106075119.00
1320220298,22.3043437,114.1790018,9.5,NaN,20211106075120.00
1320220299,22.3043411,114.1790114,9.7,NaN,20211106075121.00
1320220300,22.3043385,114.1790196,9.8,NaN,20211106075122.00
1320220301,22.3043349,114.1790260,9.9,NaN,20211106075123.00
1320220302,22.3043311,114.1790329,9.9,NaN,20211106075124.00
1320220303,22.3043281,114.1790443,9.9,NaN,20211106075125.00
1320220304,22.3043269,114.1790572,9.9,NaN,20211106075126.00
1320220305,22.3043260,114.1790685,9.8,NaN,20211106075127.00
1320220306,22.3043254,114.1790789,9.9,NaN,20211106075128.00
1320220307,22.3043227,114.1790907,9.8,NaN,20211106075129.00
1320220308,22.3043193,114.1790980,9.9,NaN,20211106075130.00
1320220309,22.3043144,114.1791061,9.9,NaN,20211106075131.00
1320220310,22.3043110,114.1791157,9.8,NaN,20211106075132.00
1320220311,22.3043086,114.1791266,9.7,NaN,20211106075133.00
1320220312,22.3043073,114.1791435,9.8,NaN,20211106075134.00
1320220313,22.3043072,114.1791637,10.0,NaN,20211106075135.00
1320220314,22.3043063,114.1791824,10.3,NaN,20211106075136.00
1320220315,22.3043061,114.1792022,10.6,NaN,20211106075137.00
1320220316,22.3043062,114.1792207,10.6,NaN,20211106075138.00
1320220317,22.3043061,114.1792372,10.9,NaN,20211106075139.00
1320220318,22.3043036,114.1792559,11.3,NaN,20211106075140.00
1320220319,22.3042990,114.1792738,11.4,NaN,20211106075141.00
1320220320,22.3042966,114.1792855,11.6,NaN,20211106075142.00
1320220321,22.3042935,114.1792959,12.0,NaN,20211106075143.00
1320220322,22.3042939,114.1793105,11.9,NaN,20211106075144.00
1320220323,22.3042965,114.1793240,11.9,NaN,20211106075145.00
1320220324,22.3042989,114.1793301,11.7,NaN,20211106075146.00
1320220325,22.3043008,114.1793344,11.6,NaN,20211106075147.00
1320220326,22.3043019,114.1793379,11.5,NaN,20211106075148.00
1320220327,22.3043025,114.1793399,11.0,NaN,20211106075149.00
1320220328,22.3043040,114.1793421,10.7,NaN,20211106075150.00
1320220329,22.3043085,114.1793442,10.5,NaN,20211106075151.00
1320220330,22.3043163,114.1793530,10.4,NaN,20211106075152.00
1320220331,22.3043255,114.1793673,10.4,NaN,20211106075153.00
1320220332,22.3043330,114.1793780,10.6,NaN,20211106075154.00
1320220333,22.3043403,114.1793892,10.6,NaN,20211106075155.00
1320220334,22.3043449,114.1794045,10.7,NaN,20211106075156.00
1320220335,22.3043398,114.1794350,11.3,NaN,20211106075157.00
1320220336,22.3043339,114.1794583,12.2,NaN,20211106075158.00
1320220337,22.3043389,114.1794867,12.8,NaN,20211106075159.00
1320220338,22.3043534,114.1794964,11.9,NaN,20211106075200.00
1320220339,22.3043698,114.1795020,11.0,NaN,20211106075201.00
1320220340,22.3043813,114.1795042,11.0,NaN,20211106075202.00
1320220341,22.3043909,114.1795061,11.1,NaN,20211106075203.00
1320220342,22.3044026,114.1795066,11.1,NaN,20211106075204.00
1320220343,22.3044163,114.1795045,11.0,NaN,20211106075205.00
1320220344,22.3044288,114.1795036,11.1,NaN,20211106075206.00
1320220345,22.3044392,114.1795071,11.1,NaN,20211106075207.00
1320220346,22.3044503,114.1795087,10.9,NaN,20211106075208.00
1320220347,22.3044604,114.1795099,10.8,NaN,20211106075209.00
1320220348,22.3044722,114.1795117,10.7,NaN,20211106075210.00
1320220349,22.3044819,114.1795145,10.8,NaN,20211106075211.00
1320220350,22.3044904,114.1795199,10.8,NaN,20211106075212.00
1320220351,22.3044983,114.1795223,10.8,NaN,20211106075213.00
1320220352,22.3045065,114.1795247,10.8,NaN,20211106075214.00
1320220353,22.3045177,114.1795247,10.8,NaN,20211106075215.00
1320220354,22.3045273,114.1795269,10.7,NaN,20211106075216.00
1320220355,22.3045389,114.1795284,10.7,NaN,20211106075217.00
1320220356,22.3045530,114.1795276,10.6,NaN,20211106075218.00
1320220357,22.3045662,114.1795272,10.7,NaN,20211106075219.00
1320220358,22.3045801,114.1795264,10.7,NaN,20211106075220.00
1320220359,22.3045925,114.1795289,10.6,NaN,20211106075221.00
1320220360,22.3046029,114.1795321,10.4,NaN,20211106075222.00
1320220361,22.3046096,114.1795395,10.4,NaN,20211106075223.00
1320220362,22.3046169,114.1795501,10.6,NaN,20211106075224.00
1320220363,22.3046244,114.1795647,10.6,NaN,20211106075225.00
1320220364,22.3046326,114.1795797,10.7,NaN,20211106075226.00
1320220365,22.3046398,114.1795925,10.7,NaN,20211106075227.00
1320220366,22.3046460,114.1796036,10.7,NaN,20211106075228.00
1320220367,22.3046531,114.1796156,10.7,NaN,20211106075229.00
1320220368,22.3046631,114.1796246,10.7,NaN,20211106075230.00
1320220369,22.3046692,114.1796319,10.6,NaN,20211106075231.00
1320220370,22.3046648,114.1796493,10.5,NaN,20211106075232.00
1320220371,22.3046633,114.1796705,10.4,NaN,20211106075233.00
1320220372,22.3046660,114.1796844,10.4,NaN,20211106075234.00
1320220373,22.3046666,114.1797008,10.5,NaN,20211106075235.00
1320220374,22.3046640,114.1797165,10.5,NaN,20211106075236.00
1320220375,22.3046612,114.1797295,10.7,NaN,20211106075237.00
1320220376,22.3046640,114.1797426,10.9,NaN,20211106075238.00
1320220377,22.3046652,114.1797529,11.0,NaN,20211106075239.00
1320220378,22.3046693,114.1797635,11.1,NaN,20211106075240.00
1320220379,22.3046758,114.1797725,11.1,NaN,20211106075241.00
1320220380,22.3046773,114.1797858,11.1,NaN,20211106075242.00
1320220381,22.3046798,114.1797951,11.1,NaN,20211106075243.00
1320220382,22.3046789,114.1798036,11.0,NaN,20211106075244.00
1320220383,22.3046800,114.1798135,10.9,NaN,20211106075245.00
1320220384,22.3046802,114.1798227,10.7,NaN,20211106075246.00
1320220385,22.3046786,114.1798340,10.7,NaN,20211106075247.00
1320220386,22.3046809,114.1798443,10.8,NaN,20211106075248.00
1320220387,22.3046810,114.1798543,10.6,NaN,20211106075249.00
1320220388,22.3046825,114.1798621,10.3,NaN,20211106075250.00
1320220389,22.3046844,114.1798703,10.1,NaN,20211106075251.00
1320220390,22.3046870,114.1798801,9.9,NaN,20211106075252.00
1320220391,22.3046946,114.1798884,10.5,NaN,20211106075253.00
1320220392,22.3046989,114.1798960,10.4,NaN,20211106075254.00
1320220393,22.3047049,114.1799037,10.8,NaN,20211106075255.00
1320220394,22.3047092,114.1799120,11.1,NaN,20211106075256.00
1320220395,22.3047115,114.1799216,11.0,NaN,20211106075257.00
1320220396,22.3047138,114.1799322,11.0,NaN,20211106075258.00
1320220397,22.3047145,114.1799436,11.0,NaN,20211106075259.00
1320220398,22.3047161,114.1799554,11.1,NaN,20211106075300.00
1320220399,22.3047181,114.1799657,11.1,NaN,20211106075301.00
1320220400,22.3047201,114.1799740,11.3,NaN,20211106075302.00
1320220401,22.3047246,114.1799828,11.3,NaN,20211106075303.00
1320220402,22.3047298,114.1799879,11.8,NaN,20211106075304.00
1320220403,22.3047299,114.1799881,11.9,NaN,20211106075305.00
1320220404,22.3047297,114.1799870,12.0,NaN,20211106075306.00
1320220405,22.3047323,114.1799896,12.0,NaN,20211106075307.00
1320220406,22.3047326,114.1799889,12.1,NaN,20211106075308.00
1320220407,22.3047328,114.1799887,12.3,NaN,20211106075309.00
