46947,-1138.6425815331,-3452.5301915521,-1159.1935853960,-3386.0712219393,
46948,-1138.6425815331,-3452.5301915521,-1191.0758956184,-3410.3668364203,
46949,-1138.6425815331,-3452.5301915521,-1191.2423389588,-3410.5093808498,
46950,-1138.6425815331,-3452.5301915521,-1191.6778836707,-3410.8621897165,
46951,-1138.6425815331,-3452.5301915521,-1193.7010414145,-3413.0047036157,
46952,-1138.6425815331,-3452.5301915521,-1194.9498073770,-3413.9820152300,
46953,-1138.6425815331,-3452.5301915521,-1196.0586064595,-3414.8040963575,
46954,-1138.6425815331,-3452.5301915521,-1197.5149873114,-3416.9465403992,
46955,-1138.6425815331,-3452.5301915521,-1198.2466118339,-3417.8507616672,
46956,-1138.6425815331,-3452.5301915521,-1199.6691259708,-3418.8339101167,
46957,-1138.6425815331,-3452.5301915521,-1201.7239010952,-3419.6708506878,
46958,-1138.6425815331,-3452.5301915521,-1204.3950982260,-3422.1944309170,
46959,-1138.6425815331,-3452.5301915521,-1205.9476962493,-3424.1185324430,
46960,-1138.6425815331,-3452.5301915521,-1207.6114318772,-3425.6292291394,
46961,-1138.6425815331,-3452.5301915521,-1209.0821602669,-3426.3915585569,
46962,-1138.6425815331,-3452.5301915521,-1189.5944443324,-3423.2187634242,
46963,-1138.6425815331,-3452.5301915521,-1190.3666987393,-3424.0397777064,
46964,-1138.6425815331,-3452.5301915521,-1191.4196056150,-3424.9719578053,
46965,-1138.6425815331,-3452.5301915521,-1191.7050646735,-3425.3481901024,
46966,-1138.6425815331,-3452.5301915521,-1187.7443894867,-3423.4517817227,
46967,-1138.6425815331,-3452.5301915521,-1185.0076575757,-3422.2841639666,
46968,-1138.6425815331,-3452.5301915521,-1185.3699137705,-3422.8172926398,
46969,-1138.4262664602,-3453.5910429793,-1152.8446268869,-3414.4134956212,
46970,-1138.2099512780,-3454.6507870592,-1137.0366487094,-3410.3910101306,
46971,-1137.9936361456,-3455.7116384785,-1134.3500274300,-3409.8801233828,
46972,-1137.7773209041,-3456.7713825485,-1134.7466745200,-3410.9793591084,
46973,-1137.5610057111,-3457.8322339585,-1135.6121782666,-3412.6671855947,
46974,-1137.3446904903,-3458.8930853646,-1136.6737789153,-3414.2967566498,
46975,-1137.1283751602,-3459.9528294221,-1136.3777583281,-3414.9046730825,
46976,-1136.9120598804,-3461.0136808190,-1137.9090369109,-3413.8486752734,
46977,-1136.6957445706,-3462.0745322128,-1137.6349659968,-3414.3406211038,
46978,-1136.4794291520,-3463.1342762564,-1137.3836629159,-3414.6897249682,
46979,-1136.2631137821,-3464.1951276400,-1136.7702440769,-3415.1143677324,
46980,-1136.0467983056,-3465.2548716769,-1136.6616139580,-3415.6433725854,
46981,-1135.8304828771,-3466.3157230521,-1135.9363819088,-3416.1812438688,
46982,-1135.6141674194,-3467.3765744227,-1135.0585482714,-3416.6161135707,
46983,-1135.3978518532,-3468.4363184454,-1132.3530649686,-3420.2051777051,
46984,-1135.1815363370,-3469.4971698080,-1131.4158369172,-3420.7473329537,
46985,-1134.9652207114,-3470.5569138216,-1130.1022632815,-3421.2862329595,
46986,-1134.7489051365,-3471.6177651761,-1128.7242403490,-3421.8242264646,
46987,-1134.5325895302,-3472.6786165246,-1133.4346009217,-3428.4057131692,
46988,-1134.3162738161,-3473.7383605250,-1134.5332095973,-3431.6044266588,
46989,-1134.0999581523,-3474.7992118660,-1125.7343960257,-3438.1787127187,
46990,-1133.8836423800,-3475.8589558582,-1120.5994847692,-3443.1607419869,
46991,-1133.6673266569,-3476.9198071896,-1115.6581395771,-3448.1441902259,
46992,-1133.4510109055,-3477.9806585169,-1112.3917031589,-3451.0040769833,
46993,-1133.2346950426,-3479.0404024963,-1111.6143162390,-3452.5819283439,
46994,-1133.0183792327,-3480.1012538147,-1110.7220235212,-3454.1509620577,
46995,-1132.8020633899,-3481.1621051292,-1109.8315826133,-3455.6664555659,
46996,-1132.5857474388,-3482.2218490953,-1108.9576997779,-3457.1205537322,
46997,-1132.3694315396,-3483.2827004007,-1108.1383111427,-3458.6551622775,
46998,-1132.1531155295,-3484.3424443579,-1107.2673818028,-3460.0625259486,
46999,-1131.9367995703,-3485.4032956550,-1106.3809499542,-3461.5454894300,
47000,-1131.7204835826,-3486.4641469467,-1105.0877009265,-3462.7418572102,
47001,-1131.5041674827,-3487.5238908918,-1103.0384119285,-3463.4099368774,
47002,-1131.2775469982,-3488.5847429253,-1101.7488444320,-3464.5862415226,
47003,-1131.0612308397,-3489.6444868607,-1100.3151306583,-3465.7478304871,
47004,-1130.8449147331,-3490.7053381354,-1100.7606062637,-3467.6239047331,
47005,-1130.6285985961,-3491.7661894066,-1099.8280403939,-3468.9998059417,
47006,-1130.4122823489,-3492.8259333285,-1098.3754356387,-3470.7226003994,
47007,-1130.1959661529,-3493.8867845905,-1099.7614580053,-3464.7260779951,
47008,-1129.9796498482,-3494.9465285041,-1099.7522732397,-3463.1402523057,
47009,-1129.7633335916,-3496.0073797567,-1099.4669882273,-3463.4750216104,
47010,-1129.5470173080,-3497.0682310058,-1098.8856904160,-3464.1998355703,
47011,-1129.3307009131,-3498.1279749060,-1098.4182396914,-3464.6228528143,
47012,-1129.1143845679,-3499.1888261468,-1098.1081434175,-3464.7302517035,
47013,-1128.8980681971,-3500.2496773816,-1100.2254773765,-3465.4425945063,
47014,-1128.6817517150,-3501.3094212693,-1099.5401744735,-3466.7419705702,
47015,-1128.4654352813,-3502.3702724968,-1098.8041910474,-3468.0923003732,
47016,-1128.2491187390,-3503.4300163750,-1098.3263516440,-3468.9458467156,
47017,-1128.0328022484,-3504.4908675934,-1097.7785225744,-3470.0019503062,
47018,-1127.8164857275,-3505.5517188075,-1097.3049885334,-3470.8682779157,
47019,-1127.6001690983,-3506.6114626730,-1096.8348438021,-3471.6987981704,
47020,-1127.3838525180,-3507.6723138784,-1096.3559143897,-3472.5670541954,
47023,-1126.7349025200,-3510.8537601238,-1095.0091102791,-3475.2196182377,
47024,-1126.5185857428,-3511.9135039677,-1094.5641624546,-3475.8871218262,
47026,-1126.0859521788,-3514.0340989863,-1093.6989392962,-3477.3366705776,
47029,-1125.4370016493,-3517.2155451529,-1092.3883373409,-3479.8386940338,
47031,-1125.0043678689,-3519.3372474713,-1091.5396491775,-3481.6490913999,
47032,-1124.7880508555,-3520.3969912809,-1091.3018846742,-3482.3412144514,
47033,-1124.5717338914,-3521.4578424291,-1090.0412150824,-3484.4825826265,
47034,-1124.3554168162,-3522.5175862283,-1089.6137325841,-3485.1519434721,
47035,-1124.1390997959,-3523.5784373690,-1087.7232119518,-3487.9808117373,
47036,-1123.9227827445,-3524.6392885046,-1087.2601439354,-3488.6994084435,
47037,-1123.7064655808,-3525.6990322919,-1086.7690635059,-3489.3000082893,
47039,-1123.2738312492,-3527.8196271972,-1085.8349399404,-3490.8613167703,
47040,-1123.0575140785,-3528.8804783142,-1085.3778393055,-3491.5265778852,
47042,-1122.6248795679,-3531.0010731931,-1084.4251228660,-3492.8165935208,
47043,-1122.4085623087,-3532.0619242991,-1083.9944658501,-3493.3460963055,
47044,-1122.1922450226,-3533.1227753985,-1083.5308590829,-3493.9499691853,
47045,-1121.9759276228,-3534.1825191513,-1083.1131598948,-3494.6742387957,
47046,-1121.7596102759,-3535.2433702426,-1082.7144955023,-3495.2934503904,
47047,-1121.5432928188,-3536.3031139867,-1082.5337546999,-3496.0095118904,
47048,-1121.3269754129,-3537.3639650696,-1082.0957466666,-3496.5407453488,
47049,-1121.1106579763,-3538.4248161479,-1083.6589877437,-3494.3688411498,
47050,-1120.8943404286,-3539.4845598784,-1083.2268704946,-3493.9672267879,
47051,-1120.6780229350,-3540.5454109487,-1082.7636706678,-3493.7581177516,
47052,-1120.4617053312,-3541.6051546707,-1082.1018555874,-3493.6310752367,
47053,-1120.2453877746,-3542.6660057314,-1081.5420769392,-3493.8402612033,
47054,-1120.0290701917,-3543.7268567883,-1081.2392111239,-3493.8917525560,
47055,-1119.8127524985,-3544.7866004972,-1080.6910658344,-3494.4325072488,
47056,-1119.5964348542,-3545.8474515450,-1079.6722732233,-3495.6363143185,
47057,-1119.3801171036,-3546.9071952446,-1079.2147119186,-3496.0911412830,
47058,-1119.1637994028,-3547.9680462844,-1078.6572143137,-3496.4774698775,
47059,-1118.9474816695,-3549.0288973199,-1077.7941299616,-3496.8543271671,
47060,-1118.7311638284,-3550.0886410056,-1077.1960161469,-3497.2696370588,
47061,-1118.5148460386,-3551.1494920330,-1073.0594875389,-3495.5249378200,
47062,-1118.2985282180,-3552.2103430546,-1072.3438654378,-3495.7172359196,
47063,-1118.0822102896,-3553.2700867285,-1065.1949539357,-3491.5695411040,
47064,-1117.8658924088,-3554.3309377419,-1062.0162015562,-3490.2495698365,
47065,-1117.6495744198,-3555.3906814065,-1054.5232866593,-3486.2806256534,
47066,-1117.4332564841,-3556.4515324116,-1045.0411472852,-3481.0951394870,
47067,-1117.2169385145,-3557.5123834115,-1038.9243605392,-3478.1285707012,
47068,-1117.0006204385,-3558.5721270638,-1032.7317650870,-3475.0230018256,
47069,-1116.7739979268,-3559.6329787957,-1031.4546371119,-3474.9379690476,
47070,-1116.5576797885,-3560.6927224389,-1030.2022203939,-3474.8681712857,
47071,-1116.3413617025,-3561.7535734218,-1023.3986284672,-3471.4841849971,
47072,-1116.1250435887,-3562.8144243991,-1020.5673333048,-3470.4134639887,
47073,-1115.9087253615,-3563.8741680291,-1018.9343249404,-3470.2225584805,
47074,-1115.6924071857,-3564.9350189991,-1017.7812745912,-3470.4944597363,
47075,-1115.4760889028,-3565.9947626205,-1016.5496944693,-3470.6003278533,
47076,-1115.2597706680,-3567.0556135812,-1015.1735451657,-3471.1435759837,
47077,-1115.0434524050,-3568.1164645376,-1014.9829304044,-3470.1441264985,
47078,-1114.8271340307,-3569.1762081460,-1011.9335339445,-3469.0502393522,
47079,-1114.6108157075,-3570.2370590935,-1009.3077984686,-3468.1283675392,
47080,-1114.3944973559,-3571.2979100375,-1006.2458355945,-3465.0104572426,
47081,-1114.1781788944,-3572.3576536317,-1010.1266191150,-3468.0159340487,
47082,-1113.9618604822,-3573.4185045664,-1014.1853214961,-3466.6751812167,
47083,-1113.7455419632,-3574.4782481534,-1017.6931864377,-3469.3594269648,
47084,-1113.5292234912,-3575.5390990791,-1016.5726902954,-3468.7773273541,
47085,-1113.3129049931,-3576.5999500007,-1015.4610049941,-3468.4548109627,
47086,-1113.0965863839,-3577.6596935739,-1021.1530349324,-3472.1618766823,
47087,-1112.8802678226,-3578.7205444866,-1020.3198856153,-3471.9290246247,
47088,-1112.6639491561,-3579.7802880512,-1019.5264975114,-3471.7483058588,
47089,-1112.4476305370,-3580.8411389552,-1018.7102025117,-3471.5113490032,
47090,-1112.2313118905,-3581.9019898553,-1021.0722197287,-3472.8476248131,
47092,-1111.7986744250,-3584.0225842976,-1022.8873481384,-3469.4618484841,
47093,-1111.5823556101,-3585.0823278408,-1022.3597653028,-3468.9879406369,
47094,-1111.3660368465,-3586.1431787227,-1021.8223621357,-3468.2537447254,
47095,-1111.1497180495,-3587.2040296000,-1023.1261447636,-3469.0039929279,
47096,-1110.9333991450,-3588.2637731298,-1025.2113938644,-3470.2033324780,
47097,-1110.7170802915,-3589.3246239987,-1024.7639218906,-3469.0853312790,
47098,-1110.5007614073,-3590.3854748634,-1023.9533341508,-3483.3640796650,
47099,-1110.2844424154,-3591.4452183806,-1022.7115103490,-3488.5686385207,
47100,-1110.0681234710,-3592.5060692368,-1022.4286847746,-3488.9057463506,
47101,-1109.8518044185,-3593.5658127437,-1021.0316055841,-3493.2969646680,
47102,-1109.6354854179,-3594.6266635918,-1021.7667143250,-3499.4106449226,
47103,-1109.4191663854,-3595.6875144351,-1021.0077661760,-3500.2675111991,
47104,-1109.2028472452,-3596.7472579300,-1019.1679478769,-3507.0394186980,
47105,-1108.9865281553,-3597.8081087646,-1017.3793448757,-3512.6648625572,
47106,-1108.7702089544,-3598.8678522501,-1015.7958241207,-3517.2084779107,
47107,-1108.5538898068,-3599.9287030752,-1014.7055067029,-3519.4129443441,
47108,-1108.3375706255,-3600.9895538968,-1013.8677337839,-3520.7396193887,
47109,-1108.1212513374,-3602.0492973697,-1013.0907240374,-3521.9405361774,
47110,-1107.9049321004,-3603.1101481826,-1012.3050086352,-3523.0642395944,
47111,-1107.6886128306,-3604.1709989909,-1011.4736187303,-3523.6642454086,
47112,-1107.4722934564,-3605.2307424506,-1010.6272372173,-3524.1275166839,
47113,-1107.2559741285,-3606.2915932496,-1009.6762760471,-3524.5516855255,
47114,-1107.0396546919,-3607.3513367010,-1008.9710524352,-3524.4527399673,
47115,-1106.8233353067,-3608.4121874913,-992.8023449967,-3523.9991098192,
47116,-1106.6070158907,-3609.4730382782,-991.1795395104,-3524.5975172314,
47117,-1106.3906963677,-3610.5327817160,-989.1337385616,-3525.2585119128,
47118,-1106.1743768927,-3611.5936324937,-988.3740560980,-3526.4851293619,
47119,-1105.9580573106,-3612.6533759231,-987.3485006884,-3527.5867897208,
47120,-1105.7417377766,-3613.7142266916,-985.6749082205,-3528.4737440577,
47122,-1105.3090985414,-3615.8348208726,-983.8887478108,-3530.7220323103,
47123,-1105.0927789188,-3616.8956716287,-989.1100212245,-3534.2918226285,
47124,-1104.8764591892,-3617.9554150365,-988.1177267843,-3535.2540427171,
47126,-1104.4438197963,-3620.0771165256,-986.6278171614,-3537.4672193349,
47128,-1104.0111802061,-3622.1977106534,-989.9824308446,-3523.6127653637,
47131,-1103.3622206403,-3625.3791554857,-988.5249735204,-3524.5310856347,
47133,-1102.9295807555,-3627.4997495702,-987.3253334379,-3524.9350284538,
47135,-1102.4969407552,-3629.6203436380,-986.9441103830,-3525.5971976223,
47143,-1100.7560751050,-3638.1038278058,-982.9080228498,-3527.6296493989,
47145,-1100.3234345113,-3640.2244217853,-1052.7852297501,-3576.3383443325,
47146,-1100.1071142099,-3641.2852724415,-1054.1390010941,-3578.6790463624,
47147,-1099.8907938782,-3642.3461230918,-1055.1328875396,-3580.1741308827,
47148,-1099.6744734367,-3643.4058663950,-1055.4332161421,-3580.7965980319,
47149,-1099.4581530481,-3644.4667170361,-1054.9724538566,-3583.6682954848,
47150,-1099.2418325476,-3645.5264603309,-1056.5304392343,-3606.7936283468,
47151,-1099.0255120987,-3646.5873109635,-1054.8106194127,-3609.4745613980,
47152,-1098.8091916186,-3647.6481615928,-1053.4623080829,-3610.5817529980,
47153,-1098.5928710330,-3648.7079048737,-1054.2016320539,-3612.3805578218,
47154,-1098.3765504939,-3649.7687554938,-1056.0281894915,-3615.7530189845,
47155,-1098.1602298488,-3650.8284987664,-1056.2969340163,-3617.2440890949,
47156,-1097.9439092495,-3651.8893493784,-1057.0722210005,-3618.9333898875,
47157,-1097.7275886232,-3652.9501999850,-1058.6311410929,-3621.0318348784,
47158,-1097.5112678874,-3654.0099432443,-1057.6296393024,-3621.8211004321,
47159,-1097.2949472017,-3655.0707938427,-1057.6393099612,-3621.4478459514,
47160,-1097.0786264074,-3656.1305370932,-1057.9487442730,-3622.6532518269,
47161,-1096.8623056605,-3657.1913876835,-1058.6003954127,-3622.3212093064,
47162,-1096.6459848884,-3658.2522382683,-1058.9144686703,-3622.2513124388,
47163,-1096.4296640069,-3659.3119815057,-1059.2671653783,-3623.0620525631,
47164,-1096.2133431715,-3660.3728320824,-1059.3618834722,-3624.4605515010,
47165,-1095.9970223075,-3661.4336826550,-1059.6055363168,-3625.5509231645,
47166,-1095.7807013379,-3662.4934258792,-1059.6657998510,-3626.4478237484,
47167,-1095.5643804149,-3663.5542764426,-1059.9259854524,-3627.3856739612,
47168,-1095.3480593858,-3664.6140196575,-1059.3861713628,-3627.9886000658,
47169,-1095.1317384030,-3665.6748702127,-1060.1019553022,-3626.6780989526,
47170,-1094.9154173915,-3666.7357207632,-1060.3898082691,-3627.5284877446,
47171,-1094.6990962751,-3667.7954639661,-1061.1996622968,-3626.7070406064,
47172,-1094.4827752038,-3668.8563145076,-1061.4136029870,-3627.2921067104,
47173,-1094.2664540268,-3669.9160577011,-1061.6643365147,-3627.8957450165,
47174,-1094.0501328977,-3670.9769082339,-1061.9338602814,-3628.5522138057,
47175,-1093.8338117400,-3672.0377587627,-1061.5140786951,-3628.9288374387,
47176,-1093.6174904735,-3673.0975019430,-1061.8698715600,-3629.6122013430,
47177,-1093.4011692543,-3674.1583524635,-1061.9120388737,-3630.1653852488,
47178,-1093.1848480080,-3675.2192029790,-1062.6386901301,-3630.9251530838,
47179,-1092.9685266540,-3676.2789461457,-1062.9090285337,-3631.3822525440,
47180,-1092.7522053463,-3677.3397966529,-1063.1513219244,-3631.9136175395,
47181,-1092.5358839336,-3678.3995398118,-1063.4983250903,-3632.4186483188,
47182,-1092.3195625681,-3679.4603903100,-1063.7962771614,-3632.9927738565,
47183,-1092.1032411710,-3680.5212408034,-1064.0722530399,-3633.5209933894,
47184,-1091.8869196715,-3681.5809839492,-1064.3046785766,-3633.9193372757,
47185,-1091.6705982184,-3682.6418344332,-1064.5260891017,-3634.2944617381,
47186,-1091.4542766560,-3683.7015775713,-1060.7801210094,-3633.3748976072,
47187,-1091.2379551422,-3684.7624280477,-1057.5387092632,-3632.8144918701,
47188,-1091.0216336006,-3685.8232785189,-1057.6663098363,-3633.5103467778,
47189,-1090.8053119506,-3686.8830216428,-1057.7818746968,-3634.3745820351,
47190,-1090.5889903503,-3687.9438721064,-1057.7793196691,-3634.8631815409,
47191,-1090.3726686396,-3689.0036152214,-1057.7010396400,-3635.3449886761,
47192,-1090.1563469788,-3690.0644656752,-1057.6823084511,-3635.8285781472,
47193,-1089.9400252905,-3691.1253161251,-1056.7327119432,-3637.6093507487,
47195,-1089.5073817435,-3693.2459096693,-1056.5325956508,-3638.9205459674,
47196,-1089.2910599642,-3694.3067601057,-1056.7993890556,-3638.8357387797,
47197,-1089.0747380794,-3695.3665031945,-1056.5237224018,-3639.6419297483,
47198,-1088.8584162411,-3696.4273536229,-1056.3857504656,-3640.0605399257,
47201,-1088.2094504723,-3699.6087975377,-1056.0762793229,-3642.1838354645,
47202,-1087.9931284379,-3700.6685406046,-1055.9067997585,-3642.5670170436,
47203,-1087.7665018745,-3701.7293917321,-1055.8170080339,-3642.9949004430,
47204,-1087.5501797831,-3702.7891347914,-1055.7357801025,-3643.1631717580,
47205,-1087.3338577354,-3703.8499851891,-1055.6382578730,-3643.4037898634,
47206,-1087.1175356607,-3704.9108355815,-1055.5288686220,-3643.6860340425,
47207,-1086.9012134800,-3705.9705786268,-1055.3942283290,-3644.2505882751,
47208,-1086.6848913454,-3707.0314290110,-1055.3464846705,-3644.5738234598,
47209,-1086.4685691061,-3708.0911720479,-1054.8132316985,-3645.3186440911,
47210,-1086.2522469130,-3709.1520224236,-1054.6141431851,-3645.9018271725,
47211,-1086.0359246887,-3710.2128727948,-1054.5511260840,-3646.5921113446,
47212,-1085.8196023617,-3711.2726158179,-1054.4453515263,-3647.0613625277,
47213,-1085.6032800797,-3712.3334661804,-1043.5254522368,-3643.6103510314,
47214,-1085.3869577669,-3713.3943165384,-1037.6672870092,-3641.1752211138,
47215,-1085.1706353506,-3714.4540595489,-1035.3574592625,-3640.4137964912,
47216,-1084.9543129800,-3715.5149098978,-1031.1111797860,-3639.3337170708,
47217,-1084.7379905039,-3716.5746528997,-1025.2700740191,-3637.8098156687,
47218,-1084.5216680747,-3717.6355032409,-1024.6209033692,-3638.0043589002,
47219,-1084.3053456144,-3718.6963535770,-1023.8084215169,-3638.0600726121,
47220,-1084.0890230497,-3719.7560965655,-1023.4455555968,-3638.5734855421,
47221,-1083.8727005342,-3720.8169468928,-1022.7692965071,-3638.8288159882,
47222,-1083.6563779084,-3721.8766898730,-1023.2951149603,-3640.0608999941,
47223,-1083.4400553309,-3722.9375401912,-1022.5424556615,-3640.1014503789,
47224,-1083.2237327260,-3723.9983905067,-1021.8779320065,-3640.1363036113,
47225,-1083.0074100126,-3725.0581334722,-1021.0919955823,-3639.9944555470,
47226,-1082.7910873479,-3726.1189837779,-1016.5540582102,-3638.3723460187,
47227,-1082.5747645745,-3727.1787267364,-1015.7703153377,-3638.5363640246,
47228,-1082.3584418496,-3728.2395770334,-1014.8526653367,-3638.3413858224,
47229,-1082.1421190968,-3729.3004273262,-1014.1583908384,-3638.7433576518,
47230,-1081.9257962357,-3730.3601702714,-1013.4342394069,-3639.0218489104,
47231,-1081.7094734240,-3731.4210205545,-1012.5940172193,-3638.7975107244,
47232,-1081.4931505806,-3732.4818708340,-1011.8309978538,-3638.8176781341,
47233,-1081.2768276302,-3733.5416137661,-1011.0997099076,-3638.9361948682,
47234,-1081.0605047308,-3734.6024640367,-1010.4099693016,-3639.0898829594,
47235,-1080.8441817209,-3735.6622069592,-1009.7258066636,-3638.8931760170,
47236,-1080.6278587600,-3736.7230572219,-1009.0637233765,-3639.0781402397,
47237,-1080.4115357708,-3737.7839074799,-1008.5872949034,-3639.9960298770,
47238,-1080.1952126737,-3738.8436503894,-1008.0388515282,-3640.7980657113,
47239,-1079.9788896259,-3739.9045006386,-1007.3884535266,-3641.0459861884,
47240,-1079.7625664698,-3740.9642435397,-1005.6764022257,-3644.4046897101,
47241,-1079.5462433596,-3742.0250937806,-1004.8390262835,-3644.6148548056,
47242,-1079.3299202225,-3743.0859440159,-1002.2033745608,-3649.5766992818,
47243,-1079.1135969784,-3744.1456869041,-1001.1689266791,-3650.1270761908,
47244,-1078.8972737823,-3745.2065371315,-999.7134671774,-3652.0973740797,
47245,-1078.6809505554,-3746.2673873542,-1001.6776848003,-3693.2475013215,
47246,-1078.4646272235,-3747.3271302290,-1000.9711054118,-3695.7450880817,
47247,-1078.2483039376,-3748.3879804434,-1000.3090752257,-3696.8052972267,
47248,-1078.0319805468,-3749.4477233090,-999.8901299183,-3699.0804752946,
47249,-1077.8156572006,-3750.5085735143,-999.8000864150,-3700.2791495991,
47250,-1077.5993338263,-3751.5694237155,-999.8406148308,-3701.2299730913,
47251,-1077.3830103468,-3752.6291665691,-999.5456785500,-3701.7064741525,
47252,-1077.1666869134,-3753.6900167614,-999.4380010908,-3702.2281660546,
47253,-1076.9503633751,-3754.7497596050,-998.9370459728,-3702.9584808725,
47254,-1076.7340398823,-3755.8106097886,-997.9779957074,-3703.8912309685,
47257,-1076.0850691513,-3758.9920529695,-995.7363453163,-3706.3137243412,
47258,-1075.8687454637,-3760.0517957918,-994.9599433908,-3706.9332487101,
47259,-1075.6524218251,-3761.1126459535,-994.1089648154,-3707.6265327125,
47260,-1075.4360981540,-3762.1734961113,-993.2497619654,-3708.4335722337,
47261,-1075.2197743812,-3763.2332389206,-992.4157682184,-3708.7283649437,
47262,-1075.0034506520,-3764.2940890691,-993.0855474849,-3709.5590259882,
47263,-1074.7871268925,-3765.3549392137,-994.1182477908,-3710.2489653210,
47264,-1074.5708030295,-3766.4146820092,-994.7074073184,-3710.2546946094,
47265,-1074.3544792118,-3767.4755321450,-994.5160797207,-3711.0302314999,
47266,-1074.1381552901,-3768.5352749332,-994.2556027063,-3711.5968024817,
47267,-1073.9218314135,-3769.5961250597,-993.6870914705,-3712.0355002839,
47268,-1073.7055075064,-3770.6569751823,-993.6588753357,-3713.5391572961,
47269,-1073.4891834971,-3771.7167179564,-993.5860831387,-3715.0396315649,
47270,-1073.2625549053,-3772.7775687819,-993.5147463635,-3716.2980418274,
47271,-1073.0462308345,-3773.8373115472,-992.3295810492,-3719.1759443672,
47272,-1072.8299068095,-3774.8981616523,-992.7671219532,-3720.8597227527,
47273,-1072.6135827571,-3775.9590117534,-992.6809585905,-3722.0528945239,
47274,-1072.3972585969,-3777.0187545052,-992.4852632849,-3723.5357191280,
47275,-1072.1809344818,-3778.0796045966,-992.3808533955,-3724.9735230736,
47276,-1071.9646102656,-3779.1393473403,-992.9286422269,-3728.4156742954,
47282,-1070.6666646381,-3785.5022330861,-991.2544728972,-3735.3948686128,
47287,-1069.5850424431,-3790.8042686380,-998.1085465772,-3746.0730716946,
47288,-1069.3687179444,-3791.8651186729,-1025.9366999655,-3765.6672014670,
47289,-1069.1523933441,-3792.9248613594,-1024.5042666707,-3767.0170815620,
47290,-1068.9360687894,-3793.9857113859,-1022.1734828294,-3768.0982457294,
47291,-1068.7197442018,-3795.0465614077,-1029.2404417746,-3765.0759044850,
47292,-1068.5034195105,-3796.1063040819,-1027.5341210008,-3765.4988165378,
47294,-1068.0707701162,-3798.2268967594,-1026.7218561280,-3766.0426608367,
47295,-1067.8544454139,-3799.2877467638,-1026.3689098480,-3766.4953666751,
47297,-1067.4217958404,-3801.4083394161,-1029.0145012551,-3765.2786210025,
47298,-1067.2054710501,-3802.4691894077,-1028.0708055127,-3765.4449448930,
47299,-1066.9891462269,-3803.5300393942,-1027.1645418761,-3765.6064015028,
47300,-1066.7728213008,-3804.5897820333,-1022.6551027778,-3761.9490997762,
47301,-1066.5564964195,-3805.6506320109,-1022.9532640637,-3762.1027756136,
47302,-1066.3401714348,-3806.7103746420,-1023.8860865169,-3762.3425564749,
47303,-1066.1238464945,-3807.7712246103,-1023.0545172634,-3762.2569952519,
47304,-1066.1238464945,-3807.7712246103,-1023.1335132091,-3761.9854372517,
47306,-1066.1238464945,-3807.7712246103,-1023.6662463334,-3762.0116972012,
47307,-1066.1238464945,-3807.7712246103,-1038.6647133162,-3754.0536654577,
47308,-1066.1238464945,-3807.7712246103,-1032.0941077503,-3746.8317605966,
47309,-1066.1238464945,-3807.7712246103,-1033.1718376929,-3746.2175001573,
47312,-1066.1238464945,-3807.7712246103,-1037.9666235767,-3743.6575063919,
47313,-1066.1238464945,-3807.7712246103,-1038.2158715051,-3742.8137722093,
47314,-1066.1238464945,-3807.7712246103,-1040.9516061853,-3745.4067691466,
47315,-1066.1238464945,-3807.7712246103,-1043.8519700992,-3746.5307167352,
47317,-1066.1238464945,-3807.7712246103,-1073.4279355428,-3735.5217795561,
47318,-1066.1238464945,-3807.7712246103,-1075.8276094169,-3734.4695265462,
47319,-1066.1238464945,-3807.7712246103,-1081.0001737348,-3734.0554491285,
47320,-1066.1238464945,-3807.7712246103,-1037.4915002518,-3732.2334324593,
47321,-1066.1238464945,-3807.7712246103,-1039.1750526948,-3734.3674574821,
47322,-1066.1238464945,-3807.7712246103,-1039.9945478172,-3733.8982584191,
47323,-1066.1238464945,-3807.7712246103,-1040.7805146483,-3733.3776056305,
47324,-1066.1238464945,-3807.7712246103,-1041.6283877918,-3732.8807829954,
47325,-1066.1238464945,-3807.7712246103,-1025.8589700787,-3744.5283138690,
47326,-1066.1238464945,-3807.7712246103,-1013.1467985356,-3752.3227363150,
47327,-1066.1238464945,-3807.7712246103,-1002.9479141833,-3762.2331829589,
47328,-1066.1238464945,-3807.7712246103,-983.8097644428,-3779.8050507743,
47329,-1066.1238464945,-3807.7712246103,-994.4782708282,-3769.5939802564,
47330,-1066.1238464945,-3807.7712246103,-994.1138573076,-3768.7835572808,
47331,-1066.1238464945,-3807.7712246103,-992.8827457407,-3768.8740202180,
47332,-1066.1238464945,-3807.7712246103,-976.6943578525,-3784.0610853786,
47333,-1066.1238464945,-3807.7712246103,-979.3863886676,-3781.0959568918,
47334,-1066.1238464945,-3807.7712246103,-980.3647675724,-3779.0177897351,
47335,-1066.1238464945,-3807.7712246103,-979.4531343428,-3777.7654409346,
47336,-1066.1238464945,-3807.7712246103,-982.6976207087,-3783.9899791680,
47337,-1066.1238464945,-3807.7712246103,-984.4461486630,-3787.2175035470,
47338,-1066.1238464945,-3807.7712246103,-1005.3595161926,-3765.6086869762,
47339,-1066.1238464945,-3807.7712246103,-1007.0655194246,-3766.2262826807,
47340,-1066.1238464945,-3807.7712246103,-1008.5232034768,-3768.0135689190,
47341,-1066.1238464945,-3807.7712246103,-1010.7682014917,-3770.1138450118,
47342,-1066.1238464945,-3807.7712246103,-1011.5846948438,-3769.5745451427,
47343,-1066.1238464945,-3807.7712246103,-1012.1784660652,-3772.2626250520,
47344,-1066.1238464945,-3807.7712246103,-1013.8889283254,-3774.9582571221,
47345,-1066.1238464945,-3807.7712246103,-1015.7919725015,-3782.0601808914,
47346,-1066.1238464945,-3807.7712246103,-1019.9750085703,-3792.7063377384,
47347,-1066.1238464945,-3807.7712246103,-1026.3755522291,-3812.9179249517,
47348,-1066.1238464945,-3807.7712246103,-1027.7374610211,-3813.2355154938,
47349,-1066.1238464945,-3807.7712246103,-1028.6878552073,-3813.6888297545,
47350,-1066.1238464945,-3807.7712246103,-1029.7500633559,-3813.9704884580,
47351,-1066.1238464945,-3807.7712246103,-1031.0279501196,-3814.3054487754,
47352,-1066.1238464945,-3807.7712246103,-1031.5088917334,-3814.4695232074,
47353,-1066.1238464945,-3807.7712246103,-1032.6690858741,-3815.0992314729,
47354,-1066.1238464945,-3807.7712246103,-1033.6786038900,-3815.5560045720,
47355,-1066.1238464945,-3807.7712246103,-1033.6728415815,-3814.2668632431,
47356,-1066.1238464945,-3807.7712246103,-1034.3634454350,-3813.2643784254,
47357,-1066.1238464945,-3807.7712246103,-1035.3627519614,-3814.0568712012,
47358,-1066.1238464945,-3807.7712246103,-1035.7495712587,-3812.9050911352,
47359,-1066.1238464945,-3807.7712246103,-1034.6154088464,-3819.2137990676,
47360,-1066.1238464945,-3807.7712246103,-1024.9287149755,-3809.7464106014,
47361,-1066.1238464945,-3807.7712246103,-1025.1503279990,-3809.7293360481,
47362,-1066.1238464945,-3807.7712246103,-1025.1531238865,-3809.5620439986,
47363,-1066.1238464945,-3807.7712246103,-1025.3577738761,-3809.5136868723,
47364,-1066.1238464945,-3807.7712246103,-1025.8128239681,-3807.9800255576,
47365,-1066.1238464945,-3807.7712246103,-1008.7731288766,-3796.1738349660,
47366,-1066.1238464945,-3807.7712246103,-1006.1263582719,-3793.2519523801,
47367,-1066.1238464945,-3807.7712246103,-1005.3753434488,-3793.4607487289,
47368,-1066.1238464945,-3807.7712246103,-1007.4903113284,-3794.2454616383,
47369,-1066.1238464945,-3807.7712246103,-1008.1325838932,-3790.0260647840,
47370,-1066.1238464945,-3807.7712246103,-1010.3938183698,-3787.0731970607,
47371,-1066.1238464945,-3807.7712246103,-1009.9847705531,-3786.3444941891,
47372,-1066.1238464945,-3807.7712246103,-1012.8245868559,-3784.5590984537,
47373,-1066.1238464945,-3807.7712246103,-1012.7645329845,-3784.3524073917,
47374,-1066.1238464945,-3807.7712246103,-1012.7365821333,-3784.4740176040,
47375,-1066.1238464945,-3807.7712246103,-1017.6254945275,-3783.5781774433,
47376,-1066.1238464945,-3807.7712246103,-1017.8276010222,-3783.5938337547,
47377,-1066.1238464945,-3807.7712246103,-1010.6755510662,-3789.2752967417,
47378,-1066.1238464945,-3807.7712246103,-1010.6547020505,-3789.5672316856,
47379,-1066.1238464945,-3807.7712246103,-1010.3521462601,-3789.8100140340,
47380,-1066.1238464945,-3807.7712246103,-1004.3048001132,-3789.8374069238,
47381,-1066.1238464945,-3807.7712246103,-1017.1301999033,-3789.4741734925,
47382,-1066.1238464945,-3807.7712246103,-1024.6426908415,-3790.2685819729,
47383,-1066.1238464945,-3807.7712246103,-1024.7855421871,-3790.3662835889,
47384,-1066.1238464945,-3807.7712246103,-1021.7757728119,-3793.9085498380,
47385,-1066.1238464945,-3807.7712246103,-1022.1481545737,-3794.5752558138,
47386,-1066.1238464945,-3807.7712246103,-1022.1168033694,-3795.1606042958,
47387,-1066.1238464945,-3807.7712246103,-1022.1801390719,-3795.5178612113,
47388,-1066.1238464945,-3807.7712246103,-1022.3722913091,-3796.1722455034,
47389,-1066.1238464945,-3807.7712246103,-1023.1411967233,-3796.5600219349,
47390,-1066.1238464945,-3807.7712246103,-1022.5427344130,-3796.7536938394,
47391,-1066.1238464945,-3807.7712246103,-1023.2959639264,-3796.8284814081,
47392,-1066.1238464945,-3807.7712246103,-1024.2556305552,-3797.1252079846,
47393,-1066.1238464945,-3807.7712246103,-1024.5690210614,-3797.4424898808,
47394,-1066.1238464945,-3807.7712246103,-1025.0602336927,-3797.6403794058,
47395,-1066.1238464945,-3807.7712246103,-1025.4785346776,-3801.1809811018,
47396,-1066.1238464945,-3807.7712246103,-1025.7278523826,-3801.6260916334,
47397,-1066.1238464945,-3807.7712246103,-1026.3012757224,-3803.0705120865,
47399,-1066.1238464945,-3807.7712246103,-1026.8825585583,-3804.3490207457,
47400,-1066.1238464945,-3807.7712246103,-1027.1737885377,-3804.9691598931,
47401,-1066.1238464945,-3807.7712246103,-1010.5899867677,-3795.4903901859,
47402,-1066.1238464945,-3807.7712246103,-1010.9063463607,-3792.0479315418,
47403,-1066.1238464945,-3807.7712246103,-1013.3199816127,-3793.3331763463,
47404,-1066.1238464945,-3807.7712246103,-1017.0048748516,-3794.5735798363,
47405,-1066.1238464945,-3807.7712246103,-1018.2662637418,-3793.7904148212,
47406,-1066.1238464945,-3807.7712246103,-1020.5915792901,-3793.5625357899,
47407,-1066.1238464945,-3807.7712246103,-1023.1953668780,-3793.4418396375,
47408,-1066.1238464945,-3807.7712246103,-1023.9294774945,-3791.8981523754,
47409,-1066.1238464945,-3807.7712246103,-1025.7668072338,-3790.5384122727,
47410,-1066.1238464945,-3807.7712246103,-1027.3392098872,-3789.9649832567,
47411,-1066.1238464945,-3807.7712246103,-1028.8661711941,-3789.8594392779,
47412,-1066.1238464945,-3807.7712246103,-1029.3763749335,-3788.3876756587,
47413,-1066.1238464945,-3807.7712246103,-1029.8477826811,-3787.3699557030,
47414,-1066.1238464945,-3807.7712246103,-1030.6668366501,-3786.7644284539,
47415,-1066.1238464945,-3807.7712246103,-1031.3297734192,-3786.8007611489,
47416,-1066.1238464945,-3807.7712246103,-1033.4133244111,-3790.4452429133,
47417,-1066.1238464945,-3807.7712246103,-1034.1549488118,-3792.3530513378,
47418,-1066.1238464945,-3807.7712246103,-1034.5961512753,-3793.7021983745,
47419,-1066.1238464945,-3807.7712246103,-1037.0538795661,-3794.0681974472,
47420,-1066.1238464945,-3807.7712246103,-1040.0621104111,-3794.2704500753,
47421,-1066.1238464945,-3807.7712246103,-1042.4424229097,-3794.5573106569,
47422,-1066.1238464945,-3807.7712246103,-1044.8431835009,-3796.4825262187,
47423,-1066.1238464945,-3807.7712246103,-1045.2262669220,-3796.1899091144,
47424,-1066.1238464945,-3807.7712246103,-1047.6104071556,-3798.5466129506,
47425,-1066.1238464945,-3807.7712246103,-1049.3395706392,-3799.7075027506,
47426,-1066.1238464945,-3807.7712246103,-1050.1793056623,-3800.0255509876,
47427,-1066.1238464945,-3807.7712246103,-1051.0194430764,-3800.1762682431,
47428,-1066.1238464945,-3807.7712246103,-1051.7682745356,-3800.2821040524,
47429,-1066.1238464945,-3807.7712246103,-1035.3430991410,-3766.2482628977,
47430,-1066.1238464945,-3807.7712246103,-1037.2780961580,-3767.5359112314,
47431,-1066.1238464945,-3807.7712246103,-1035.6465325800,-3762.7565995755,
47432,-1066.1238464945,-3807.7712246103,-1036.6665567311,-3763.4579321796,
47434,-1066.1238464945,-3807.7712246103,-1038.1007306833,-3764.0393685659,
47435,-1066.1238464945,-3807.7712246103,-1039.1036232068,-3764.7801987641,
47436,-1066.1238464945,-3807.7712246103,-1037.4970687975,-3760.1411593402,
47437,-1066.1238464945,-3807.7712246103,-1038.6465902557,-3761.2414099373,
47438,-1066.1238464945,-3807.7712246103,-1031.9826309857,-3754.0981734178,
47439,-1066.1238464945,-3807.7712246103,-1031.9252424737,-3752.9131171852,
47440,-1066.1238464945,-3807.7712246103,-1032.2367082879,-3755.2833061015,
47441,-1066.1238464945,-3807.7712246103,-1032.3047782299,-3754.5975901469,
47442,-1066.1238464945,-3807.7712246103,-1026.9573415847,-3759.5488624119,
47443,-1066.1238464945,-3807.7712246103,-1026.0419368657,-3760.4177516883,
47444,-1066.1238464945,-3807.7712246103,-1025.0455346694,-3760.7435966454,
47445,-1066.1238464945,-3807.7712246103,-1022.6328661575,-3761.6005612213,
47446,-1066.1238464945,-3807.7712246103,-1021.8084949552,-3762.6263262068,
47447,-1066.1238464945,-3807.7712246103,-1020.6293811010,-3762.7261409863,
47448,-1066.1238464945,-3807.7712246103,-1020.4825630767,-3762.7994728022,
47449,-1066.3504722121,-3806.6538994136,-1019.8979584796,-3762.4598751886,
47450,-1066.5770978976,-3805.5365742099,-1019.9469238432,-3760.0413848787,
47451,-1066.8037236262,-3804.4203563474,-1019.1517453769,-3759.6367536760,
47452,-1067.0406538938,-3803.3030304275,-1018.8812855597,-3759.2710229864,
47453,-1067.2672794803,-3802.1857052102,-1018.1657018061,-3758.9355622402,
47454,-1067.4939050339,-3801.0683799883,-1018.2295549542,-3757.6297525017,
47455,-1067.7205305583,-3799.9510547617,-1022.2209095223,-3754.3130908955,
47456,-1067.9471561241,-3798.8348368742,-1023.9044676169,-3752.8055514239,
47457,-1068.1737815798,-3797.7175116383,-1023.9691060190,-3752.2427384589,
47458,-1068.4004070061,-3796.6001863964,-1023.5384686235,-3751.5737421162,
47459,-1068.6373370370,-3795.4828604420,-1023.1920834534,-3750.8826097628,
47460,-1068.8639623950,-3794.3655351912,-1023.4482872408,-3748.9038279863,
47461,-1069.0905877979,-3793.2493172797,-1023.0855396288,-3748.2000569642,
47462,-1069.3172130906,-3792.1319920190,-1022.7857530965,-3748.0864667217,
47463,-1069.5438383528,-3791.0146667534,-1022.6678516279,-3747.4252406122,
47464,-1069.7704635813,-3789.8973414834,-1023.0213565793,-3746.7440193081,
47465,-1069.9970887761,-3788.7800162088,-1022.0972866047,-3746.0659232056,
47466,-1070.2237140138,-3787.6637982724,-1021.6870921471,-3745.4000966771,
47467,-1070.4606437810,-3786.5464722781,-1021.9526683926,-3744.8772506218,
47469,-1070.9138939420,-3784.3118216949,-1021.8313518194,-3743.4796571539,
47470,-1071.1405189728,-3783.1944963959,-1021.4816471592,-3742.7784666198,
47471,-1071.3671439711,-3782.0771710917,-1021.6107369393,-3742.0256656155,
47472,-1071.5937690152,-3780.9609531264,-1020.9186268057,-3741.2716558537,
47473,-1071.8203939486,-3779.8436278131,-1020.9279765165,-3740.4360253741,
47474,-1072.0573234803,-3778.7263017841,-1020.7504309630,-3739.6200921443,
47475,-1072.2839483491,-3777.6089764615,-1020.3621322893,-3738.8513865393,
47476,-1072.5105731847,-3776.4916511327,-1019.7580498159,-3738.1792144995,
47478,-1072.9638228350,-3774.2581078055,-1019.0914265350,-3736.6580487225,
47479,-1073.1904475720,-3773.1407824626,-1018.5221151265,-3735.9005655988,
47480,-1073.4170722785,-3772.0234571154,-1018.2780389166,-3735.1221293123,
47481,-1073.6540015746,-3770.9061310516,-1022.6302196043,-3733.3529525649,
47482,-1073.8806262903,-3769.7899130384,-1017.3851623489,-3733.5091286826,
47483,-1074.1072508986,-3768.6725876761,-1017.0826560688,-3732.7470185020,
47484,-1074.3338754728,-3767.5552623094,-1016.7467748874,-3732.0263034831,
47485,-1074.5605000133,-3766.4379369378,-1016.6755296127,-3731.2807147196,
47487,-1075.0137490745,-3764.2043935242,-1019.3062688456,-3729.0613424614,
47488,-1075.2506781385,-3763.0870674251,-1018.4704370594,-3728.3697155689,
47489,-1075.4773025491,-3761.9697420343,-1017.4698127201,-3727.6425366508,
47490,-1075.7039269260,-3760.8524166378,-1016.6001345765,-3727.1716679429,
47493,-1076.3837999433,-3757.5015477661,-1015.3167836742,-3725.0502486210,
47495,-1076.8473530205,-3755.2668962167,-1014.1262803297,-3723.7365677101,
47498,-1077.5272255429,-3751.9160272716,-1012.5176244962,-3721.7551037672,
47503,-1078.6706503224,-3746.3305066559,-1010.2097416862,-3718.0808460766,
47511,-1080.4939454524,-3737.3930094420,-1008.4605898534,-3711.8478113384,
47523,-1083.2237320320,-3723.9884244132,-1004.9031665822,-3704.8375324292,
47524,-1083.4606598907,-3722.8710981348,-1003.7512256694,-3705.1176368166,
47525,-1083.6872831234,-3721.7537725701,-1002.5262237223,-3704.9412672859,
47528,-1084.3671527089,-3718.4029031903,-1000.0059767322,-3705.0033311607,
47530,-1084.8203988824,-3716.1682520170,-998.5496284309,-3704.8164851516,
47531,-1085.0470219191,-3715.0509264231,-997.3591395055,-3704.9078178096,
47532,-1085.2839495136,-3713.9336001049,-993.9138867169,-3705.7850957046,
47535,-1085.9638184085,-3710.5827306248,-992.7945735764,-3705.1754162188,
47536,-1086.1904412844,-3709.4654050066,-992.7582068085,-3704.7112413506,
47537,-1086.4170641255,-3708.3480793839,-992.6305713000,-3704.4027865299,
47538,-1086.6436870108,-3707.2318611000,-992.5001465965,-3704.0456730904,
47539,-1086.8806143715,-3706.1145347471,-992.6582846017,-3703.7303685038,
47540,-1087.1072371138,-3704.9972091098,-992.1020608670,-3703.8322482020,
47542,-1087.5604825036,-3702.7625578212,-992.0714413987,-3703.0169326392,
47543,-1087.7871052270,-3701.6463395134,-992.2411440000,-3702.6258046429,
47544,-1088.0137278416,-3700.5290138566,-992.5173844766,-3702.2248154510,
47545,-1088.2403504215,-3699.4116881962,-992.1626539030,-3702.0595818867,
47546,-1088.4772775447,-3698.2943618078,-991.7207986819,-3701.9765348450,
47550,-1089.3837674849,-3693.8261664377,-990.5776912386,-3701.4335751682,
47552,-1089.8370122216,-3691.5915150522,-991.3258881654,-3700.8802696441,
47558,-1091.2070502931,-3684.8886674016,-991.3589574198,-3699.9747814959,
47564,-1092.5770872608,-3678.1869269185,-991.2382745939,-3699.0059074233,
47566,-1093.0303310792,-3675.9522753977,-991.5893369246,-3698.3204077684,
47568,-1093.4938793303,-3673.7176231332,-997.2132790962,-3696.0597956154,
47572,-1094.4003663942,-3669.2494273395,-1005.6967353356,-3692.5090063545,
47577,-1095.5437790269,-3663.6639049254,-1006.3976681530,-3691.4387065762,
47578,-1095.7704005279,-3662.5465791055,-1008.6705143627,-3690.5121597912,
47581,-1096.4502649143,-3659.1957089585,-1008.8133416014,-3689.8443961751,
47582,-1096.6871908355,-3658.0783823905,-1008.9475219744,-3689.3637464858,
47583,-1096.9138121734,-3656.9610565465,-1009.0373587381,-3689.1590284025,
47584,-1097.1404335575,-3655.8448380404,-1014.0926214829,-3687.8359810404,
47598,-1100.3337376399,-3640.2044888683,-1013.4782380816,-3685.7692802869,
47604,-1101.7037666534,-3633.5016398766,-1013.8203273214,-3686.4572398922,
47613,-1103.7536557316,-3623.4479201001,-1014.4504916230,-3687.6501122941,
47615,-1104.2068964263,-3621.2143754506,-1014.2537423507,-3687.5797923557,
47616,-1104.4335166845,-3620.0970494469,-1013.6871438618,-3686.6339371986,
47619,-1105.1236817908,-3616.7450706723,-1014.0878100108,-3687.0124953225,
47620,-1105.3503019979,-3615.6288519923,-1014.5255540667,-3687.3930921843,
47622,-1105.8035421563,-3613.3941999320,-1015.3320483860,-3687.6420976709,
47623,-1106.0301621885,-3612.2768738929,-1010.8160665919,-3689.3465046881,
47624,-1106.2567821858,-3611.1595478508,-1010.1098943465,-3689.0233003859,
47625,-1106.4834022313,-3610.0433291472,-1008.1055745526,-3689.0656895903,
47626,-1106.7203266805,-3608.9260023613,-1006.5361778266,-3689.0428710152,
47627,-1106.9469465791,-3607.8086763038,-1000.8006048619,-3690.0827474627,
47630,-1107.6268060829,-3604.4566981035,-996.2949003379,-3694.5965329136,
47685,-1120.1732816513,-3543.0159316048,-991.2945862395,-3701.0519649646,
47686,-1120.3998996224,-3541.8986052625,-1003.1475642226,-3689.3262678073,
47687,-1120.6265176396,-3540.7823862604,-1128.4421939165,-3661.5048493997,
47688,-1120.8531355464,-3539.6650599083,-1125.7944043209,-3665.1661772120,
47689,-1121.0797534212,-3538.5477335523,-1126.4872981128,-3664.6023154939,
47690,-1121.3063712607,-3537.4304071912,-1126.4994931883,-3662.6468846211,
47691,-1121.5432935369,-3536.3130800814,-1128.1985244128,-3663.8261570457,
47692,-1121.7699113929,-3535.1968610546,-1128.4113860228,-3661.2925721576,
47693,-1121.9965291337,-3534.0795346782,-1129.6987712736,-3661.7840811744,
47694,-1122.2231468433,-3532.9622082980,-1128.2019708817,-3656.7104560083,
47695,-1122.4497645195,-3531.8448819131,-1089.8683990038,-3633.3402668384,
47696,-1122.6763821625,-3530.7275555233,-1064.3424268448,-3617.2209778875,
47697,-1122.9029998558,-3529.6113364719,-1038.2610643516,-3593.8607131919,
47698,-1123.1399218977,-3528.4940093276,-1037.9959112605,-3592.9215726170,
47699,-1123.3665394437,-3527.3766829229,-1029.2852924732,-3583.9601014904,
47700,-1123.5931569569,-3526.2593565136,-1028.4368928670,-3580.3313683328,
47702,-1124.0463919650,-3524.0258110251,-1023.4260343209,-3571.1710466081,
47703,-1124.2730093787,-3522.9084846006,-1024.3071941994,-3573.2467344526,
47705,-1124.7365485713,-3520.6738309929,-1022.6582607935,-3570.4494167061,
47708,-1125.4164005048,-3517.3229590073,-1046.7738742841,-3604.6711860458,
47711,-1126.0962520639,-3513.9709796346,-1061.5973558983,-3622.0687637555,
47712,-1126.3331736403,-3512.8536524207,-1077.9450416384,-3641.2840982268,
47714,-1126.7864078630,-3510.6201068150,-1089.0236381376,-3651.4120978444,
47718,-1127.6928758386,-3506.1519082037,-1094.9611449241,-3651.3008469855,
47719,-1127.9194927315,-3505.0345817025,-1091.8361631284,-3644.7841579136,
47720,-1128.1564140378,-3503.9172544486,-1089.0374904307,-3637.4396830288,
47723,-1128.8362645008,-3500.5663822461,-1088.1191977595,-3629.8992014534,
47724,-1129.0628812288,-3499.4490557211,-1088.1180877433,-3625.4351664630,
47727,-1129.7530356626,-3496.0970753675,-1091.4456655809,-3624.3139055579,
47728,-1129.9796523413,-3494.9808561668,-1090.8049313300,-3621.6793540403,
47729,-1130.2062689062,-3493.8635296173,-1092.2774879440,-3622.6275276461,
47730,-1130.4328854378,-3492.7462030636,-1091.7080608062,-3618.2686365419,
47732,-1130.8861184036,-3490.5115499411,-1092.6088093631,-3615.7391169403,
47735,-1131.5762721271,-3487.1606768151,-1091.7362770287,-3610.4187324836,
47754,-1135.9025861116,-3465.9358987856,-1095.6759911922,-3606.8339612805,
47755,-1136.1292018261,-3464.8185721115,-1092.8476725963,-3601.0835808125,
47756,-1136.3661219285,-3463.7012446780,-1092.7270175362,-3599.4586953497,
47757,-1136.5927375801,-3462.5839179939,-1092.3814416556,-3597.9125895639,
47758,-1136.8193531961,-3461.4665913053,-1093.3936406864,-3597.9315243778,
47759,-1137.0459688614,-3460.3503719548,-1102.0077743618,-3612.8374265410,
47770,-1138.6425815331,-3452.5301915521,-1100.5764578115,-3604.0038404882,
47772,-1138.6425815331,-3452.5301915521,-1099.0712499586,-3601.9151995559,
47775,-1138.6425815331,-3452.5301915521,-1118.5530043942,-3613.6448294130,
47777,-1138.6425815331,-3452.5301915521,-988.7063078719,-3381.7623896591,
47778,-1138.6425815331,-3452.5301915521,-987.8644212470,-3381.6917523028,
47779,-1138.6425815331,-3452.5301915521,-990.4186807411,-3377.7282917173,
47780,-1138.6425815331,-3452.5301915521,-982.9526674865,-3372.6975751384,
47781,-1138.6425815331,-3452.5301915521,-1137.4842564267,-3458.3014397912,
47782,-1138.6425815331,-3452.5301915521,-1116.5870539602,-3381.8578886792,
47783,-1138.6425815331,-3452.5301915521,-1224.8569385222,-3421.3856334275,
47784,-1138.6425815331,-3452.5301915521,-1283.1521787361,-3417.6610900040,
47785,-1138.6425815331,-3452.5301915521,-1278.6812336822,-3416.4228673974,
47786,-1138.6425815331,-3452.5301915521,-1257.7449347168,-3415.9000951165,
47787,-1138.6425815331,-3452.5301915521,-1283.9534231903,-3413.4659453851,
47788,-1138.6425815331,-3452.5301915521,-1152.7761738216,-3415.6427004281,
47789,-1138.6425815331,-3452.5301915521,-1153.7405660080,-3415.8484011090,
47790,-1138.6425815331,-3452.5301915521,-1155.4532903253,-3416.1553108712,
47791,-1138.6425815331,-3452.5301915521,-1158.5778437146,-3416.6782826476,
47792,-1138.6425815331,-3452.5301915521,-1159.8229012426,-3416.5975470690,
47793,-1138.6425815331,-3452.5301915521,-1160.4463001255,-3416.3371774679,
47794,-1138.6425815331,-3452.5301915521,-1158.9243485315,-3416.5399303786,
47795,-1138.6425815331,-3452.5301915521,-1158.7935951791,-3416.5483907637,
47796,-1138.6425815331,-3452.5301915521,-1158.3806131247,-3416.8270390054,
47797,-1138.6425815331,-3452.5301915521,-1158.1954956056,-3416.9932276586,
47798,-1138.6425815331,-3452.5301915521,-1158.5750178295,-3412.2861371185,
47799,-1138.6425815331,-3452.5301915521,-1156.9763343982,-3409.6710255976,
47800,-1138.6425815331,-3452.5301915521,-1155.0445451603,-3408.1538980575,
47801,-1138.6425815331,-3452.5301915521,-1153.2494773482,-3409.0835913629,
47802,-1138.6425815331,-3452.5301915521,-1153.0234591067,-3408.9162452630,
47803,-1138.6425815331,-3452.5301915521,-1151.8334839383,-3410.1449494865,
47804,-1138.6425815331,-3452.5301915521,-1150.6263364073,-3411.3057855345,
47805,-1138.6425815331,-3452.5301915521,-1149.0413755841,-3409.9212640194,
47806,-1138.6425815331,-3452.5301915521,-1148.5747449615,-3409.7431353488,
47807,-1138.6425815331,-3452.5301915521,-1148.2726732887,-3409.8599702257,
47808,-1138.6425815331,-3452.5301915521,-1148.1578390598,-3410.1583401639,
47809,-1138.6425815331,-3452.5301915521,-1147.6455909397,-3409.9833778206,
47810,-1138.6425815331,-3452.5301915521,-1147.1829294780,-3409.8270024305,
47811,-1138.6425815331,-3452.5301915521,-1146.7352546609,-3409.7408063314,
47812,-1138.6425815331,-3452.5301915521,-1143.1535804339,-3412.7375798349,
47813,-1138.6425815331,-3452.5301915521,-1144.0187474006,-3414.7545007706,
47814,-1138.6425815331,-3452.5301915521,-1143.3223220519,-3415.0378055907,
47815,-1138.6425815331,-3452.5301915521,-1142.7742384770,-3415.2521092923,
47816,-1138.6425815331,-3452.5301915521,-1142.2341519282,-3415.4656287568,
47817,-1138.6425815331,-3452.5301915521,-1141.6690147452,-3415.6755595766,
47818,-1138.6425815331,-3452.5301915521,-1140.7814918121,-3415.3849652976,
47819,-1138.6425815331,-3452.5301915521,-1140.2213835287,-3415.5439275604,
47820,-1138.6425815331,-3452.5301915521,-1140.8847109027,-3417.1270178470,
47821,-1138.6425815331,-3452.5301915521,-1140.2917551975,-3417.4227904961,
47822,-1138.6425815331,-3452.5301915521,-1141.1751661978,-3418.9526603494,
47823,-1138.6425815331,-3452.5301915521,-1140.8315811135,-3419.2521751606,
47824,-1138.6425815331,-3452.5301915521,-1140.7028158893,-3419.4491428115,
47825,-1138.6425815331,-3452.5301915521,-1140.4217667195,-3419.7253071118,
47826,-1138.6425815331,-3452.5301915521,-1140.0256191083,-3420.0249944729,
47827,-1138.6425815331,-3452.5301915521,-1139.6646895349,-3420.1954405505,
47828,-1138.6425815331,-3452.5301915521,-1139.3112151688,-3420.4157567723,
47829,-1138.6425815331,-3452.5301915521,-1138.8987076548,-3420.6721225194,
47830,-1138.6425815331,-3452.5301915521,-1138.3825094435,-3420.9778529821,
47831,-1138.6425815331,-3452.5301915521,-1138.0043278294,-3421.1738884165,
47832,-1138.6425815331,-3452.5301915521,-1137.6752533758,-3421.3387803742,
47833,-1138.6425815331,-3452.5301915521,-1137.3620446577,-3421.4333934074,
47834,-1138.6425815331,-3452.5301915521,-1137.0077250989,-3421.5822682539,
47835,-1138.6425815331,-3452.5301915521,-1136.7516668248,-3421.5514772291,
47836,-1138.6425815331,-3452.5301915521,-1136.3133146372,-3421.6030772659,
47838,-1138.6425815331,-3452.5301915521,-1135.3606690241,-3421.9847320103,
47839,-1138.6425815331,-3452.5301915521,-1134.8854077855,-3421.6472110020,
47840,-1138.6425815331,-3452.5301915521,-1134.5356355349,-3421.6041952715,
47841,-1138.6425815331,-3452.5301915521,-1155.9935738700,-3404.0881000524,
47842,-1138.6425815331,-3452.5301915521,-1157.7211773156,-3402.4492395829,
47843,-1138.6425815331,-3452.5301915521,-1156.3090679701,-3403.6743064374,
47844,-1138.6425815331,-3452.5301915521,-1155.1743396697,-3404.8473722108,
47845,-1138.6425815331,-3452.5301915521,-1154.4459958058,-3405.8908758742,
47846,-1138.6425815331,-3452.5301915521,-1153.3847331018,-3407.2546601393,
47847,-1138.6425815331,-3452.5301915521,-1152.4299444747,-3408.8802329282,
47848,-1138.6425815331,-3452.5301915521,-1151.4997098867,-3410.5480039392,
47849,-1138.6425815331,-3452.5301915521,-1151.0056705276,-3410.8880725698,
47850,-1138.6425815331,-3452.5301915521,-1150.5968188835,-3410.9249277731,
47851,-1138.6425815331,-3452.5301915521,-1150.1652668034,-3410.8211664838,
47852,-1138.6425815331,-3452.5301915521,-1149.8854505637,-3410.8212325014,
47853,-1138.6425815331,-3452.5301915521,-1150.0592990241,-3411.3004993318,
47854,-1138.6425815331,-3452.5301915521,-1143.9247323330,-3408.6697371325,
47855,-1138.6425815331,-3452.5301915521,-1143.5793972988,-3408.7500844565,
47856,-1138.6425815331,-3452.5301915521,-1144.7405541490,-3403.6599036306,
47857,-1138.6425815331,-3452.5301915521,-1144.6906116298,-3403.3334664217,
47858,-1138.6425815331,-3452.5301915521,-1137.0141176389,-3399.5742313577,
47859,-1138.6425815331,-3452.5301915521,-1104.9411230653,-3383.9998510302,
47860,-1138.6425815331,-3452.5301915521,-1101.6394383208,-3382.5812405846,
47861,-1138.6425815331,-3452.5301915521,-1098.0731176124,-3380.8191726007,
47862,-1138.6425815331,-3452.5301915521,-1093.3659445069,-3378.7652620260,
47863,-1138.6425815331,-3452.5301915521,-1103.2438269190,-3381.6553843043,
47864,-1138.6425815331,-3452.5301915521,-1100.1871742198,-3380.2366693626,
47865,-1138.6425815331,-3452.5301915521,-1099.6202775180,-3380.7273215349,
47866,-1138.6425815331,-3452.5301915521,-1103.6299475588,-3392.2728344680,
47867,-1138.6425815331,-3452.5301915521,-1120.8601029302,-3390.2099350744,
47868,-1138.6425815331,-3452.5301915521,-1126.1649043364,-3395.4314166576,
47869,-1138.6425815331,-3452.5301915521,-1125.1822960297,-3395.7488298941,
47870,-1138.6425815331,-3452.5301915521,-1120.6264896099,-3398.9611130190,
47871,-1138.6425815331,-3452.5301915521,-1117.4629279352,-3397.9122158795,
47872,-1138.6425815331,-3452.5301915521,-1124.8990381502,-3399.7666794498,
47873,-1138.6425815331,-3452.5301915521,-1124.6390085686,-3399.9096147279,
47874,-1138.6425815331,-3452.5301915521,-1123.0419072071,-3399.5633095249,
47875,-1138.6425815331,-3452.5301915521,-1123.1879508423,-3404.9596063930,
47876,-1138.6425815331,-3452.5301915521,-1123.0332919224,-3405.6571919169,
47877,-1138.6425815331,-3452.5301915521,-1122.8278667052,-3408.7281561225,
47878,-1138.6425815331,-3452.5301915521,-1121.7357913613,-3408.9327835389,
47879,-1138.6425815331,-3452.5301915521,-1121.4665104943,-3409.3763817987,
47880,-1138.6425815331,-3452.5301915521,-1121.1773878248,-3409.7484320813,
47881,-1138.6425815331,-3452.5301915521,-1120.9150094768,-3410.1185812172,
47882,-1138.6425815331,-3452.5301915521,-1120.6692946909,-3410.5348074928,
47883,-1138.6425815331,-3452.5301915521,-1121.4356135184,-3409.1268163904,
47884,-1138.6425815331,-3452.5301915521,-1120.1069530742,-3408.6264483498,
47885,-1138.6425815331,-3452.5301915521,-1120.4992478059,-3407.5194640918,
47886,-1138.6425815331,-3452.5301915521,-1120.3731987369,-3407.7727277199,
47887,-1138.6425815331,-3452.5301915521,-1140.8947191706,-3420.3186223436,
47888,-1138.6425815331,-3452.5301915521,-1141.3443789470,-3420.7452391097,
47889,-1138.6425815331,-3452.5301915521,-1141.7932330753,-3421.1729087063,
47890,-1138.6425815331,-3452.5301915521,-1142.2575907967,-3421.6480763511,
47891,-1138.6425815331,-3452.5301915521,-1143.9615594769,-3422.8998084259,
47892,-1138.6425815331,-3452.5301915521,-1144.5211494998,-3423.3795581657,
47893,-1138.6425815331,-3452.5301915521,-1145.0236969734,-3423.8353255879,
47894,-1138.6425815331,-3452.5301915521,-1145.5161242254,-3424.3368800864,
47895,-1138.6425815331,-3452.5301915521,-1146.0006695035,-3424.8306618247,
47896,-1138.6425815331,-3452.5301915521,-1155.2030440603,-3418.5517332111,
47897,-1138.6425815331,-3452.5301915521,-1155.6919943965,-3419.0101196907,
47898,-1138.6425815331,-3452.5301915521,-1165.5472763686,-3411.7180581104,
47899,-1138.6425815331,-3452.5301915521,-1171.6991761158,-3407.3149535557,
47900,-1138.6425815331,-3452.5301915521,-1173.3481982854,-3406.6605296381,
47901,-1138.6425815331,-3452.5301915521,-1175.2856215168,-3405.8700633253,
47902,-1138.6425815331,-3452.5301915521,-1186.0478087608,-3410.1355134461,
47903,-1138.6425815331,-3452.5301915521,-1190.7287127677,-3411.3841795588,
47904,-1138.6425815331,-3452.5301915521,-1192.8029770135,-3411.5930982286,
47905,-1138.6425815331,-3452.5301915521,-1194.6856827973,-3411.5800812905,
47906,-1138.6425815331,-3452.5301915521,-1195.3159927058,-3410.4514856287,
47907,-1138.6425815331,-3452.5301915521,-1195.4077160553,-3410.1039455516,
47908,-1138.6425815331,-3452.5301915521,-1194.7651057567,-3409.7514464873,
47909,-1138.6425815331,-3452.5301915521,-1195.3107323722,-3409.1037823379,
47910,-1138.6425815331,-3452.5301915521,-1196.6100241750,-3408.8970974160,
47911,-1138.6425815331,-3452.5301915521,-1197.9321523272,-3408.7099390799,
47913,-1138.6425815331,-3452.5301915521,-1200.1560941326,-3408.4508000350,
47914,-1138.6425815331,-3452.5301915521,-1199.5874517351,-3408.8060684548,
47915,-1138.6425815331,-3452.5301915521,-1197.8405046265,-3411.0916541740,
47916,-1138.6425815331,-3452.5301915521,-1193.2909821837,-3415.4015207698,
47917,-1138.6425815331,-3452.5301915521,-1179.9414836077,-3435.6902865930,
47918,-1138.6425815331,-3452.5301915521,-1180.2961914578,-3436.1434558949,
47919,-1138.6425815331,-3452.5301915521,-1180.6920731129,-3436.6278114438,
47920,-1138.6425815331,-3452.5301915521,-1181.6330030644,-3437.2361689371,
47921,-1138.6425815331,-3452.5301915521,-1182.9000471257,-3436.3432745942,
47922,-1138.6425815331,-3452.5301915521,-1183.3799146636,-3436.6355496715,
47923,-1138.6425815331,-3452.5301915521,-1185.8018261862,-3434.2401660703,
47924,-1138.6425815331,-3452.5301915521,-1168.2138338779,-3421.8933790125,
47925,-1138.6425815331,-3452.5301915521,-1163.7077465716,-3419.2788002574,
47926,-1138.6425815331,-3452.5301915521,-1163.0455118702,-3418.6420229507,
47927,-1138.6425815331,-3452.5301915521,-1162.8786712577,-3418.3889292462,
47928,-1138.6425815331,-3452.5301915521,-1162.6579910584,-3418.1526505020,
47929,-1138.4262675946,-3453.6065457964,-1165.1673593798,-3418.4768619047,
47930,-1138.1996492119,-3454.6829007901,-1165.0317217268,-3418.2397765995,
47931,-1137.9833352107,-3455.7592550255,-1161.6123619278,-3420.2154122394,
47932,-1137.7670211810,-3456.8356092561,-1161.4271768699,-3420.0616221835,
47933,-1137.5404027868,-3457.9130715805,-1161.1257797722,-3420.0695117502,
47934,-1137.3240886961,-3458.9894258023,-1160.8202130827,-3420.1712393225,
47937,-1136.6648418279,-3462.2184891951,-1159.9498248952,-3420.4652882822,
47938,-1136.4485276158,-3463.2948433989,-1159.6866419090,-3420.7711384275,
47940,-1136.0055946832,-3465.4475525466,-1158.4871612255,-3421.7121309910,
47941,-1135.7892804635,-3466.5250140819,-1158.2159031735,-3422.0290096984,
47943,-1135.3463473451,-3468.6777232023,-1157.5698003305,-3422.5063451419,
47944,-1135.1300329541,-3469.7540773789,-1151.6918764114,-3429.1750858443,
47945,-1134.9034141063,-3470.8304323046,-1151.3474016144,-3429.3688540454,
47947,-1134.4707851718,-3472.9831406369,-1137.0380121403,-3441.2376041394,
47948,-1134.2441662309,-3474.0594955485,-1129.8012796785,-3446.4354737349,
47949,-1134.0278517682,-3475.1369570478,-1128.9878949896,-3447.3132018928,
47950,-1133.8115371964,-3476.2133111982,-1126.3966590882,-3448.8982059839,
47951,-1133.5849181627,-3477.2896660960,-1124.4604894521,-3450.2678891936,
47952,-1133.3686035297,-3478.3660202380,-1122.5374128423,-3451.6667370215,
47953,-1133.1522888645,-3479.4423743750,-1120.7352647027,-3453.0800544189,
47954,-1132.9256697384,-3480.5187292592,-1119.5050937877,-3454.2592846599,
47955,-1132.7093550151,-3481.5950833868,-1118.4926245267,-3455.1027644224,
47956,-1132.4930402587,-3482.6714375110,-1117.2086365537,-3456.4158712700,
47957,-1132.2664211201,-3483.7488997255,-1115.8197358544,-3457.6552198426,
47958,-1132.0501063078,-3484.8252538403,-1114.3354428060,-3458.8790346431,
47959,-1131.8337914635,-3485.9016079508,-1115.6412951661,-3458.6076296278,
47960,-1131.6071721501,-3486.9779628073,-1114.4791586133,-3459.6036436284,
47961,-1131.3908572456,-3488.0543169093,-1113.7117471795,-3460.1840229246,
47965,-1130.5152928819,-3492.3597340218,-1108.8657575748,-3464.1248892986,
47972,-1128.9701736057,-3499.8953220752,-1099.1149278584,-3470.4778917291,
47974,-1128.5375431176,-3502.0491375105,-1097.2198278786,-3470.9003811967,
47975,-1128.3109233429,-3503.1254922979,-1096.5985524635,-3471.1385512097,
47976,-1128.0946079837,-3504.2018463337,-1096.2015339275,-3471.3996053933,
47977,-1127.8782925960,-3505.2782003639,-1095.2846306716,-3471.2015850831,
47978,-1127.6516727273,-3506.3545551369,-1094.0626110755,-3472.0216384787,
47984,-1126.3331707546,-3512.8137880386,-1087.1508762906,-3476.0098671215,
47985,-1126.1168551227,-3513.8901420329,-1085.6783059751,-3477.3980516992,
47992,-1124.5820360298,-3521.4257287092,-1076.9417443900,-3482.7123836543,
47997,-1123.4798474444,-3526.8074999517,-1069.9410828696,-3486.9705845686,
48011,-1120.3998981872,-3541.8786730723,-1050.6123921885,-3498.2794960702,
48014,-1119.7406442835,-3545.1077354257,-1046.5707184650,-3500.7318433334,
48015,-1119.5243278274,-3546.1851966311,-1040.6120391228,-3489.6819248762,
48016,-1119.3080112595,-3547.2615504875,-1039.5755413412,-3488.9864915680,
48017,-1119.0813901866,-3548.3379050825,-1038.0250606130,-3486.9471971336,
48018,-1118.8650735572,-3549.4142589306,-1036.6984158006,-3486.4747769763,
48019,-1118.6487568993,-3550.4906127743,-1033.5172859174,-3487.3313737699,
48020,-1118.4221357336,-3551.5669673550,-1034.0238715465,-3487.4723068403,
48021,-1118.2058190134,-3552.6433211901,-1032.5655467585,-3487.5454785276,
48022,-1117.9895022648,-3553.7196750204,-1031.1472686534,-3487.6644093240,
48023,-1117.7628810855,-3554.7971369305,-1026.8122772077,-3489.0252750249,
48024,-1117.5465642779,-3555.8734907524,-1025.7065535683,-3490.8286003513,
48025,-1117.3302474388,-3556.9498445696,-1023.5758214864,-3490.1671514706,
48026,-1117.1036260842,-3558.0261991224,-1035.2848601715,-3522.4343744457,
48027,-1116.8873091870,-3559.1025529306,-1033.7187553386,-3522.7958319649,
48028,-1116.6709922560,-3560.1789067338,-1032.7490596654,-3523.4388355867,
48029,-1116.4443708113,-3561.2552612738,-1030.7900625839,-3523.6237001737,
48030,-1116.2280538213,-3562.3316150682,-1029.3160780817,-3523.9907334627,
48031,-1116.0117368016,-3563.4079688576,-1022.9482201383,-3511.8636622345,
48032,-1115.7851153418,-3564.4854307273,-1013.9102065597,-3508.5667341328,
48033,-1115.5687982609,-3565.5617845090,-1009.1252292429,-3507.1591246788,
48034,-1115.3524811508,-3566.6381382854,-1009.5319613854,-3508.0157494832,
48035,-1115.1258595206,-3567.7144927973,-1010.0137782718,-3508.8980568471,
48036,-1114.9095423478,-3568.7908465646,-1008.5845188247,-3508.9370186295,
48037,-1114.6932251489,-3569.8672003288,-1014.2401961017,-3511.9638821881,
48038,-1114.4666034237,-3570.9435548272,-1021.7672174903,-3515.7592829212,
48039,-1114.2502861610,-3572.0199085814,-1026.9982812058,-3518.5762457529,
48040,-1114.0339689494,-3573.0973696747,-1030.8324555039,-3520.7417086963,
48041,-1113.8073471327,-3574.1737241595,-1035.7416916581,-3523.3015647565,
48042,-1113.5910297808,-3575.2500779008,-1035.1674728297,-3523.6061317985,
48043,-1113.3747123967,-3576.3264316371,-1034.5022030211,-3523.9004371341,
48044,-1113.1480904871,-3577.4027861089,-1033.5165024068,-3523.9123059752,
48045,-1112.9317730453,-3578.4791398362,-1042.4267089189,-3530.0260708868,
48046,-1112.7154555716,-3579.5554935596,-1040.3319578393,-3531.8793519898,
48047,-1112.4888335692,-3580.6318480163,-1039.0401674844,-3533.3801062935,
48048,-1112.2725161139,-3581.7093090743,-1038.7645268739,-3534.3191472012,
48049,-1112.0561985523,-3582.7856627847,-1042.9016342779,-3536.1402845743,
48050,-1111.8295764559,-3583.8620172268,-1041.8476170947,-3537.6168005043,
48051,-1111.6132588325,-3584.9383709290,-1040.9192619255,-3538.9055359328,
48052,-1111.3969411776,-3586.0147246260,-1040.4399910221,-3539.5381157365,
48053,-1111.1703189908,-3587.0910790550,-1039.8264774888,-3540.3581064092,
48055,-1110.7376835289,-3589.2437864255,-1037.3835070788,-3540.0467864964,
48056,-1110.5110613288,-3590.3212481850,-1036.4484511351,-3540.1897356347,
48061,-1109.4191674908,-3595.7030172485,-1032.8772284808,-3542.4166502702,
48063,-1108.9762270385,-3597.8557252837,-1031.7770162889,-3543.7434459691,
48065,-1108.5332865416,-3600.0095406450,-1030.7139562505,-3545.1742009539,
48067,-1108.1006503568,-3602.1622479101,-1029.2207381199,-3545.8681028699,
48074,-1106.5555092887,-3609.6978327414,-1024.6127762083,-3549.4787352305,
48075,-1106.3391909377,-3610.7741863350,-1023.8211814420,-3549.6553800892,
48078,-1105.6799311901,-3614.0032478252,-1021.3898054463,-3549.9395533585,
48080,-1105.2369896957,-3616.1559557058,-1019.9145596257,-3550.4054276022,
48083,-1104.5777295676,-3619.3861244720,-1017.7269378931,-3551.2116398147,
48088,-1103.4858316334,-3624.7678929310,-1014.0592165614,-3552.4185709306,
48091,-1102.8265707758,-3627.9980615896,-1040.7372856357,-3573.1067889247,
48092,-1102.5999473832,-3629.0744158397,-1041.0731992172,-3573.7737863292,
48093,-1102.3836284892,-3630.1507693533,-1039.6464351325,-3575.2650498035,
48094,-1102.1673095668,-3631.2271228630,-1088.6809864723,-3595.6534726095,
48095,-1101.9406860789,-3632.3034770985,-1089.3279994266,-3596.2493780403,
48097,-1101.5080480816,-3634.4561840964,-1090.2476294134,-3597.9268995867,
48098,-1101.2814245823,-3635.5336456617,-1091.0683835817,-3597.9806447573,
48102,-1100.4058435648,-3639.8390603150,-1092.9514723854,-3601.2184492060,
48106,-1099.5302621435,-3644.1455822402,-1094.5586335311,-3604.4090359008,
48113,-1097.9851126650,-3651.6800584956,-1097.3828326484,-3606.9409648663,
48114,-1097.7687932166,-3652.7575192605,-1097.6924179977,-3606.0512001039,
48115,-1097.5524736569,-3653.8338726760,-1098.0104258815,-3606.2497759865,
48117,-1097.1095299040,-3655.9865802232,-1098.5314556402,-3606.3275535844,
48118,-1096.8932102552,-3657.0629336259,-1099.0103998074,-3606.7275505625,
48122,-1096.0073223386,-3661.3694559902,-1101.4231697330,-3606.3239552557,
48125,-1095.3480582944,-3664.5985168453,-1103.2704811555,-3606.2885943831,
48130,-1094.2561539855,-3669.9802843627,-1105.6579692564,-3607.2241489253,
48135,-1093.1539444371,-3675.3631598379,-1105.3590621966,-3611.2013144166,
48136,-1092.9376242458,-3676.4395131601,-1103.1483485352,-3612.9239290688,
48138,-1092.4946792062,-3678.5922205173,-1102.1907096657,-3615.1764813337,
48143,-1091.3924684388,-3683.9750958112,-1104.3542958252,-3617.1220311733,
48148,-1090.3005614746,-3689.3579702688,-1105.2723585223,-3619.5981860798,
48149,-1090.0739363188,-3690.4343242568,-1105.5214982280,-3620.5520061113,
48150,-1089.8576157044,-3691.5106775170,-1105.8225247978,-3621.2840279174,
48151,-1089.6412950587,-3692.5870307725,-1090.3334216942,-3606.5765898920,
48152,-1089.4146698088,-3693.6633847469,-1091.1796530981,-3606.4263432415,
48155,-1088.7554031043,-3696.8935525392,-1089.0041180840,-3605.5270905962,
48156,-1088.5390823075,-3697.9699057735,-1088.8174413609,-3605.4932877579,
48159,-1087.8798151604,-3701.1989661696,-1088.2010512171,-3605.6536726514,
48161,-1087.4368687170,-3703.3516733176,-1087.7936443174,-3605.4490714470,
48162,-1087.2205477394,-3704.4280265249,-1087.6320196108,-3604.8581227638,
48163,-1087.0042267322,-3705.5043797272,-1087.5303032301,-3604.6361590804,
48164,-1086.7776011888,-3706.5818409894,-1087.5532638243,-3604.9232630917,
48165,-1086.5612801222,-3707.6581941831,-1087.5879114328,-3605.4172789697,
48166,-1086.3449590225,-3708.7345473722,-1087.5032404330,-3605.4782027323,
48167,-1086.1183333098,-3709.8109012768,-1083.9693556033,-3608.7120512768,
48168,-1085.9020121516,-3710.8872544575,-1082.7447009527,-3614.8677530621,
48181,-1083.0486161339,-3724.8820629578,-1079.0669139752,-3616.1578396145,
48182,-1082.8219899587,-3725.9584167935,-1078.9558761071,-3616.5914243479,
48183,-1082.6056683482,-3727.0347699068,-1071.2740969415,-3620.6029260663,
48184,-1082.3893467043,-3728.1111230163,-1067.9830214532,-3622.1388416567,
48185,-1082.1627204346,-3729.1874768381,-1066.4166506290,-3623.5039139355,
48186,-1081.9463987329,-3730.2638299380,-1066.7359533462,-3625.3591071412,
48187,-1081.7300770003,-3731.3401830332,-1065.9176864877,-3626.8394428507,
48188,-1081.5034507166,-3732.4176441856,-1065.9076051980,-3627.9454515381,
48189,-1081.2871289228,-3733.4939972719,-1073.0239846081,-3632.5949923714,
48190,-1081.0708071002,-3734.5703503544,-1072.5000833966,-3634.2414575089,
48191,-1080.8441806444,-3735.6467041494,-1123.7150352389,-3665.7357617146,
48192,-1080.6278587600,-3736.7230572219,-1123.1796525941,-3666.6157785688,
48193,-1080.4115368474,-3737.7994102911,-1123.8410536841,-3669.0457839566,
48194,-1080.1849103005,-3738.8757640716,-1124.8219315367,-3671.3260395452,
48195,-1079.9685883244,-3739.9521171308,-1126.4156533648,-3673.2419994440,
48196,-1079.7522663211,-3741.0284701871,-1125.5797146221,-3674.7711909340,
48197,-1079.5256397573,-3742.1059312974,-1125.1698917706,-3676.8546718698,
48198,-1079.3093176921,-3743.1822843434,-1125.2247543184,-3677.9824018959,
48199,-1079.0929955975,-3744.2586373859,-1125.5067614898,-3678.7108282491,
48200,-1078.8663688645,-3745.3349911386,-1126.1976690676,-3678.4657386126,
48201,-1078.6500467102,-3746.4113441720,-1126.8119843110,-3678.2165784976,
48202,-1078.4337245227,-3747.4876972011,-1125.0368884850,-3679.6377637684,
48203,-1078.2070976970,-3748.5640509401,-1123.8331327582,-3679.8107586788,
48204,-1077.9907754510,-3749.6404039598,-1123.4248775093,-3680.1813220952,
48205,-1077.7744532513,-3750.7178643188,-1123.1372311565,-3680.8808778968,
48206,-1077.5478263326,-3751.7942180446,-1123.6594877013,-3683.2354595700,
48207,-1077.3315039951,-3752.8705710503,-1123.9095957878,-3683.4719604105,
48208,-1077.1151816307,-3753.9469240525,-1123.1926345511,-3684.2572180876,
48209,-1076.8885546176,-3755.0232777644,-1122.2777413314,-3685.4314155504,
48210,-1076.6722321913,-3756.0996307575,-1121.7999661872,-3686.5147372645,
48211,-1076.4559097336,-3757.1759837459,-1120.6750760288,-3688.4435632060,
48212,-1076.2292826303,-3758.2523374439,-1119.5773305555,-3689.7707529872,
48213,-1076.0129601875,-3759.3297977669,-1073.1978668298,-3746.6479449445,
48214,-1075.7966376387,-3760.4061507420,-1072.5927643373,-3747.8248060527,
48215,-1075.5700104428,-3761.4825044260,-1072.4073236472,-3749.0202704495,
48216,-1075.3536878337,-3762.5588573929,-1072.5391828888,-3749.8228648678,
48217,-1075.1373651932,-3763.6352103539,-1072.2683447453,-3750.4192810776,
48218,-1074.9107379050,-3764.7115640240,-1071.7576034657,-3750.6480317027,
48219,-1074.6944152067,-3765.7879169776,-1071.4404965015,-3751.6119194870,
48220,-1074.4780924767,-3766.8642699257,-1070.7019370392,-3752.7943843715,
48221,-1074.2514651692,-3767.9417309264,-1070.1114350762,-3753.7575613387,
48222,-1074.0351423815,-3769.0180838655,-1070.1959637495,-3754.0499666368,
48223,-1073.8188195602,-3770.0944368010,-1070.3253996884,-3754.2806776666,
48224,-1073.5921920860,-3771.1707904432,-1070.7423131147,-3754.0893526796,
48225,-1073.3758692045,-3772.2471433690,-1071.0865517755,-3754.1526327622,
48226,-1073.1595462950,-3773.3234962910,-1071.2546725861,-3754.4479675648,
48227,-1072.9329187271,-3774.3998499199,-1071.1151957642,-3755.1296235845,
48228,-1072.7165957544,-3775.4762028327,-1071.3198383204,-3755.3398124239,
48229,-1072.5002727537,-3776.5525557411,-1068.4767850207,-3758.5771356296,
48230,-1072.2736451708,-3777.6300166994,-1068.6870222582,-3759.2555026898,
48231,-1072.0573221072,-3778.7063695995,-1068.5561295691,-3759.5954762931,
48232,-1071.8409990162,-3779.7827224940,-1068.6308004055,-3759.8034208247,
48233,-1071.6143712626,-3780.8590760960,-1068.8609278433,-3760.0543126145,
48234,-1071.3980481100,-3781.9354289817,-1069.0080397717,-3760.2678068741,
48235,-1071.1817249282,-3783.0117818635,-1070.1625994184,-3760.4697954158,
48236,-1070.9550970821,-3784.0881354507,-1070.4719179466,-3760.3207159638,
48237,-1070.7387738401,-3785.1644883235,-1069.7584371116,-3760.1512489816,
48238,-1070.5224506415,-3786.2419485355,-1070.9432620786,-3760.2746605284,
48239,-1070.2958227019,-3787.3183021095,-1071.9055728915,-3760.4581295934,
48240,-1070.0794993694,-3788.3946549679,-1071.9538292695,-3760.8230810267,
48241,-1069.8631760055,-3789.4710078230,-1073.8148082714,-3761.1708867468,
48242,-1069.6365479731,-3790.5473613827,-1074.8221337782,-3761.3513113893,
48243,-1069.4202245490,-3791.6237142283,-1075.4084628359,-3761.4131462322,
48244,-1069.2039010968,-3792.7000670703,-1074.8590909057,-3761.5928162682,
48245,-1068.9772729708,-3793.7764206159,-1075.5974499871,-3762.2059867152,
48246,-1068.7609495329,-3794.8538807924,-1075.3136431420,-3762.7115428258,
48247,-1068.5446259871,-3795.9302336199,-1076.3158080176,-3765.4506465033,
48248,-1068.3179977715,-3797.0065871530,-1072.2245106540,-3763.1962713979,
48249,-1068.1016741646,-3798.0829399725,-1070.6360842143,-3764.6992339536,
48250,-1067.8853505283,-3799.1592927868,-1058.8756387203,-3771.5930093036,
48251,-1067.6587222192,-3800.2356463047,-1043.0500673122,-3781.6363655917,
48252,-1067.4423985231,-3801.3119991103,-1025.6964842120,-3792.1682891306,
48253,-1067.2260747974,-3802.3883519123,-1023.0957441753,-3793.6884891014,
48254,-1066.9994464695,-3803.4658127603,-1020.6778716585,-3795.8770898526,
48255,-1066.7831226848,-3804.5421655530,-1019.2415087771,-3797.7060664356,
48256,-1066.5667988665,-3805.6185183414,-1017.4789412186,-3798.7228576834,
48257,-1066.3401703725,-3806.6948718318,-1016.7125086791,-3799.7153524688,
48258,-1066.1238464945,-3807.7712246103,-1016.0141557766,-3800.4963250242,
48259,-1066.1238464945,-3807.7712246103,-1015.3442688221,-3801.1079052334,
48260,-1066.1238464945,-3807.7712246103,-1014.6673389271,-3801.8965138156,
48261,-1066.1238464945,-3807.7712246103,-1011.7318434556,-3798.6880013582,
48262,-1066.1238464945,-3807.7712246103,-1009.8801127274,-3794.5060763244,
48263,-1066.1238464945,-3807.7712246103,-1007.6958187217,-3792.0674631741,
48264,-1066.1238464945,-3807.7712246103,-1009.8151209180,-3792.1421427557,
48265,-1066.1238464945,-3807.7712246103,-1013.0745370473,-3793.3280214153,
48266,-1066.1238464945,-3807.7712246103,-1012.7569363210,-3791.7182389044,
48267,-1066.1238464945,-3807.7712246103,-1013.2261040165,-3791.9684387614,
48268,-1066.1238464945,-3807.7712246103,-1014.0408734956,-3791.1606340457,
48269,-1066.1238464945,-3807.7712246103,-1013.6213063091,-3791.1382648096,
48270,-1066.1238464945,-3807.7712246103,-1014.4447272925,-3790.8878684370,
48271,-1066.1238464945,-3807.7712246103,-1013.5553506200,-3790.6324991966,
48272,-1066.1238464945,-3807.7712246103,-1015.0518214271,-3790.3551051401,
48273,-1066.1238464945,-3807.7712246103,-1014.5683437152,-3790.5268657080,
48274,-1066.1238464945,-3807.7712246103,-1014.6597509446,-3790.2088569940,
48275,-1066.1238464945,-3807.7712246103,-1014.3572453913,-3790.1816523580,
48276,-1066.1238464945,-3807.7712246103,-1015.1003096190,-3788.9742641243,
48277,-1066.1238464945,-3807.7712246103,-1017.6131890424,-3787.2113370949,
48278,-1066.1238464945,-3807.7712246103,-1018.1013897882,-3786.4049845365,
48279,-1066.1238464945,-3807.7712246103,-1019.1973145828,-3783.7251843860,
48280,-1066.1238464945,-3807.7712246103,-1018.3520134217,-3781.7971836297,
48281,-1066.1238464945,-3807.7712246103,-1018.2125679907,-3781.3763210547,
48282,-1066.1238464945,-3807.7712246103,-1018.3162838580,-3779.5931955253,
48283,-1066.1238464945,-3807.7712246103,-1018.0931859220,-3779.1204563220,
48284,-1066.1238464945,-3807.7712246103,-1017.6798202410,-3778.7106089649,
48285,-1066.1238464945,-3807.7712246103,-1019.9330668041,-3778.3339878964,
48286,-1066.1238464945,-3807.7712246103,-1021.0244436842,-3780.8043125162,
48287,-1066.1238464945,-3807.7712246103,-1020.4693621931,-3781.8916434400,
48288,-1066.1238464945,-3807.7712246103,-1021.2328524841,-3781.9970458434,
48289,-1066.1238464945,-3807.7712246103,-1018.7614571636,-3783.9221629949,
48290,-1066.1238464945,-3807.7712246103,-1015.6190105518,-3785.8886281159,
48291,-1066.1238464945,-3807.7712246103,-1016.7091250218,-3788.1682575769,
48292,-1066.1238464945,-3807.7712246103,-1017.0877739965,-3788.6684755296,
48293,-1066.1238464945,-3807.7712246103,-1017.2535307026,-3790.6685811114,
48294,-1066.1238464945,-3807.7712246103,-1017.1244586847,-3792.2124476388,
48295,-1066.1238464945,-3807.7712246103,-1017.1165848766,-3794.0594593826,
48296,-1066.1238464945,-3807.7712246103,-1016.7303482012,-3795.5623441964,
48297,-1066.1238464945,-3807.7712246103,-1017.3605060453,-3796.6674490824,
48298,-1066.1238464945,-3807.7712246103,-1017.7624103812,-3797.4648285088,
48299,-1066.1238464945,-3807.7712246103,-1017.7725876391,-3796.9299102322,
48300,-1066.1238464945,-3807.7712246103,-1017.8626692355,-3796.5989003614,
48301,-1066.1238464945,-3807.7712246103,-1017.7742139623,-3797.1039043564,
48302,-1066.1238464945,-3807.7712246103,-1018.0163552709,-3798.4098140517,
48303,-1066.1238464945,-3807.7712246103,-1018.5989827290,-3798.5612880676,
48304,-1066.1238464945,-3807.7712246103,-1018.9951918021,-3799.5836792755,
48305,-1066.1238464945,-3807.7712246103,-1018.7322287667,-3801.0091253489,
48306,-1066.1238464945,-3807.7712246103,-1018.4482860009,-3803.0213048117,
48307,-1066.1238464945,-3807.7712246103,-1017.7098036879,-3804.8029421410,
48308,-1066.1238464945,-3807.7712246103,-1017.7100601797,-3804.7349570207,
48309,-1066.1238464945,-3807.7712246103,-1017.9957731260,-3805.6366353710,
48310,-1066.1238464945,-3807.7712246103,-1018.2098620843,-3804.6363123798,
48311,-1066.1238464945,-3807.7712246103,-1017.5430869404,-3804.1189671446,
48312,-1066.1238464945,-3807.7712246103,-1016.5456680345,-3801.3422967040,
48313,-1066.1238464945,-3807.7712246103,-1015.9315135916,-3800.1732992128,
48314,-1066.1238464945,-3807.7712246103,-1015.6524101915,-3799.3688022424,
48315,-1066.1238464945,-3807.7712246103,-1014.9746055280,-3798.7698806489,
48316,-1066.1238464945,-3807.7712246103,-1013.4884573870,-3797.9847693859,
48317,-1066.1238464945,-3807.7712246103,-1013.4359439026,-3796.3695617819,
48318,-1066.1238464945,-3807.7712246103,-1012.9549384736,-3795.0156063688,
48319,-1066.1238464945,-3807.7712246103,-1012.6856520419,-3793.5907217912,
48320,-1066.1238464945,-3807.7712246103,-1012.9293185047,-3792.9616735728,
48321,-1066.1238464945,-3807.7712246103,-1013.1522031724,-3791.9491849211,
48322,-1066.1238464945,-3807.7712246103,-1013.2436947760,-3791.5092415863,
48323,-1066.1238464945,-3807.7712246103,-1013.4719846886,-3791.2411896432,
48324,-1066.1238464945,-3807.7712246103,-1013.7741486367,-3790.7141919194,
48325,-1066.1238464945,-3807.7712246103,-1013.8129658605,-3789.2061414019,
48326,-1066.1238464945,-3807.7712246103,-1013.9271736317,-3788.0937956920,
48327,-1066.1238464945,-3807.7712246103,-1014.2571970601,-3786.8273487674,
48328,-1066.1238464945,-3807.7712246103,-1015.2939713366,-3785.8466203330,
48329,-1066.1238464945,-3807.7712246103,-1016.1132069746,-3784.6487599803,
48330,-1066.1238464945,-3807.7712246103,-1016.5080663794,-3784.0501920213,
48331,-1066.1238464945,-3807.7712246103,-1016.8348536170,-3783.2482395054,
48332,-1066.1238464945,-3807.7712246103,-1017.4649159423,-3783.1753005728,
48333,-1066.1238464945,-3807.7712246103,-1017.7118001149,-3782.4964300401,
48334,-1066.1238464945,-3807.7712246103,-1017.5453945564,-3782.0782856515,
48335,-1066.1238464945,-3807.7712246103,-1017.9729527720,-3781.2265510149,
48336,-1066.1238464945,-3807.7712246103,-1018.3753670013,-3781.4504194374,
48337,-1066.1238464945,-3807.7712246103,-1018.9609125132,-3779.7073788072,
48338,-1066.1238464945,-3807.7712246103,-1019.6154808286,-3778.0221340254,
48339,-1066.1238464945,-3807.7712246103,-1019.6719808185,-3776.7785379324,
48340,-1066.1238464945,-3807.7712246103,-1020.3750229453,-3777.8775410342,
48341,-1066.1238464945,-3807.7712246103,-1020.1732913352,-3778.3708046494,
48342,-1066.1238464945,-3807.7712246103,-1020.6678127294,-3779.5167186522,
48343,-1066.1238464945,-3807.7712246103,-1020.7301144109,-3780.9508707001,
48344,-1066.1238464945,-3807.7712246103,-1020.0160966329,-3782.3667444858,
48345,-1066.1238464945,-3807.7712246103,-1020.1860112259,-3782.8236594728,
48346,-1066.1238464945,-3807.7712246103,-1020.1999238043,-3783.0458692484,
48347,-1066.1238464945,-3807.7712246103,-1021.4261500646,-3781.9240492761,
48348,-1066.1238464945,-3807.7712246103,-1023.4199311704,-3781.3775743466,
48349,-1066.1238464945,-3807.7712246103,-1023.4650837512,-3780.4446269598,
48350,-1066.1238464945,-3807.7712246103,-1024.5109944668,-3779.0510236593,
48351,-1066.1238464945,-3807.7712246103,-1025.0327529316,-3776.8907973394,
48352,-1066.1238464945,-3807.7712246103,-1025.8011083159,-3775.4117351568,
48353,-1066.1238464945,-3807.7712246103,-1026.8732143992,-3775.0121145088,
48354,-1066.1238464945,-3807.7712246103,-1027.9613544098,-3774.5182512144,
48355,-1066.1238464945,-3807.7712246103,-1029.2981845747,-3773.9587695084,
48356,-1066.1238464945,-3807.7712246103,-1030.1897841280,-3772.9970800837,
48357,-1066.1238464945,-3807.7712246103,-1031.8188599237,-3772.2789255546,
48358,-1066.1238464945,-3807.7712246103,-1032.1656205223,-3771.0002190871,
48359,-1066.1238464945,-3807.7712246103,-1032.2197233871,-3770.2107203198,
48360,-1066.1238464945,-3807.7712246103,-1031.8776745529,-3770.8559789921,
48361,-1066.1238464945,-3807.7712246103,-1031.4198244663,-3771.2138749226,
48362,-1066.1238464945,-3807.7712246103,-1030.8649695275,-3772.2295892203,
48363,-1066.1238464945,-3807.7712246103,-1029.8306282414,-3773.8967134946,
48364,-1066.1238464945,-3807.7712246103,-1028.7319765175,-3774.6944072112,
48365,-1066.1238464945,-3807.7712246103,-1027.7664474118,-3773.6369239347,
48366,-1066.1238464945,-3807.7712246103,-1026.4712936214,-3775.1682744225,
48367,-1066.1238464945,-3807.7712246103,-1025.0631283956,-3776.5223244155,
48368,-1066.1238464945,-3807.7712246103,-1024.3468393734,-3777.5138898568,
48369,-1066.1238464945,-3807.7712246103,-1021.9441453565,-3777.7087420303,
48370,-1066.1238464945,-3807.7712246103,-1020.1215026113,-3779.2492015412,
48371,-1066.1238464945,-3807.7712246103,-1017.2036840019,-3780.8446659088,
48372,-1066.1238464945,-3807.7712246103,-1016.1687243102,-3783.3417945073,
48373,-1066.1238464945,-3807.7712246103,-1016.2153196412,-3784.9959124716,
48374,-1066.1238464945,-3807.7712246103,-1016.1894592304,-3787.1615213219,
48376,-1066.1238464945,-3807.7712246103,-1017.2364657739,-3790.3907836819,
48377,-1066.1238464945,-3807.7712246103,-1018.4043579831,-3792.0065918690,
48378,-1066.1238464945,-3807.7712246103,-1018.3763626024,-3794.0008212800,
48379,-1066.1238464945,-3807.7712246103,-1018.1526539483,-3795.2402284891,
48380,-1066.1238464945,-3807.7712246103,-1017.8705405046,-3795.3456042599,
48381,-1066.1238464945,-3807.7712246103,-1017.4531208805,-3795.7898335585,
48382,-1066.1238464945,-3807.7712246103,-1017.7465744553,-3795.3651959194,
48383,-1066.1238464945,-3807.7712246103,-1017.3545764453,-3795.9018877910,
48384,-1066.1238464945,-3807.7712246103,-1017.7136981893,-3795.7911840988,
48385,-1066.1238464945,-3807.7712246103,-1017.2789098786,-3796.7029091927,
48386,-1066.1238464945,-3807.7712246103,-1016.9408166822,-3797.5696988029,
48387,-1066.1238464945,-3807.7712246103,-1016.9941017137,-3797.0971333440,
48388,-1066.1238464945,-3807.7712246103,-1016.2236431730,-3796.1780189466,
48389,-1066.1238464945,-3807.7712246103,-1016.0727771075,-3797.3908988875,
48390,-1066.1238464945,-3807.7712246103,-1017.2179307359,-3795.9968439313,
48391,-1066.1238464945,-3807.7712246103,-1018.4081431765,-3796.0327880087,
48392,-1066.1238464945,-3807.7712246103,-1019.7934848562,-3795.0015345252,
48393,-1066.1238464945,-3807.7712246103,-1020.6460741419,-3795.3014772274,
48394,-1066.1238464945,-3807.7712246103,-1021.4874860329,-3795.3871684470,
48395,-1066.1238464945,-3807.7712246103,-1021.7403891451,-3795.3967527144,
48396,-1066.1238464945,-3807.7712246103,-1021.6768654843,-3795.9354310400,
48397,-1066.1238464945,-3807.7712246103,-1022.2233747548,-3796.7686240217,
48398,-1066.1238464945,-3807.7712246103,-1022.0653628818,-3797.8170021945,
48399,-1066.1238464945,-3807.7712246103,-1022.1532522394,-3797.8124595398,
48400,-1066.1238464945,-3807.7712246103,-1022.6656089561,-3798.8552403787,
48401,-1066.1238464945,-3807.7712246103,-1023.0179582916,-3799.2411041880,
48402,-1066.1238464945,-3807.7712246103,-1021.0067700085,-3799.7239796884,
48403,-1066.1238464945,-3807.7712246103,-1020.3024656580,-3800.3488357671,
48404,-1066.1238464945,-3807.7712246103,-1021.6986125833,-3799.5130186701,
48405,-1066.1238464945,-3807.7712246103,-1023.3789923283,-3798.8694468308,
48406,-1066.1238464945,-3807.7712246103,-1024.6699539902,-3798.8493546341,
48407,-1066.1238464945,-3807.7712246103,-1026.9803688517,-3796.0961827353,
48408,-1066.1238464945,-3807.7712246103,-1029.6196732742,-3796.0300032059,
48409,-1066.1238464945,-3807.7712246103,-1032.4445025880,-3795.3061110079,
48410,-1066.1238464945,-3807.7712246103,-1033.8187491182,-3795.0074616360,
48411,-1066.1238464945,-3807.7712246103,-1033.9718046671,-3792.3600169120,
48412,-1066.1238464945,-3807.7712246103,-1034.4815483722,-3791.9179688987,
48413,-1066.1238464945,-3807.7712246103,-1032.9482234061,-3793.9747634205,
48414,-1066.1238464945,-3807.7712246103,-1031.7061522772,-3793.4297924725,
48415,-1066.1238464945,-3807.7712246103,-1028.0472803684,-3791.2666712892,
48416,-1066.1238464945,-3807.7712246103,-1024.2081803275,-3791.0726102189,
48417,-1066.1238464945,-3807.7712246103,-1020.6718035055,-3789.5605040441,
48418,-1066.1238464945,-3807.7712246103,-1021.3092723912,-3788.9878923017,
48419,-1066.1238464945,-3807.7712246103,-1021.7040122883,-3788.5882147123,
48420,-1066.1238464945,-3807.7712246103,-1022.1893171451,-3787.9483408516,
48421,-1066.1238464945,-3807.7712246103,-1023.4046700092,-3787.7813692636,
48422,-1066.1238464945,-3807.7712246103,-1023.3376217414,-3788.5309683285,
48423,-1066.1238464945,-3807.7712246103,-1023.0037769596,-3789.9079771030,
48424,-1066.1238464945,-3807.7712246103,-1022.8194555646,-3790.0224798468,
48425,-1066.1238464945,-3807.7712246103,-1024.1627156807,-3790.3063784103,
48426,-1066.1238464945,-3807.7712246103,-1025.3002966488,-3790.1452756137,
48427,-1066.1238464945,-3807.7712246103,-1025.7448768646,-3788.8448895402,
48428,-1066.1238464945,-3807.7712246103,-1026.4436332343,-3787.7239039330,
48429,-1066.1238464945,-3807.7712246103,-1025.6842892702,-3785.9753791705,
48430,-1066.1238464945,-3807.7712246103,-1025.5861384484,-3784.7815122133,
48431,-1066.1238464945,-3807.7712246103,-1025.3666466723,-3783.4052197051,
48432,-1066.1238464945,-3807.7712246103,-1025.5984158612,-3781.9681731749,
48433,-1066.1238464945,-3807.7712246103,-1024.4940850070,-3779.9798846644,
48434,-1066.1238464945,-3807.7712246103,-1024.7626676441,-3779.4647790897,
48435,-1066.1238464945,-3807.7712246103,-1025.7030168307,-3778.2663255491,
48436,-1066.1238464945,-3807.7712246103,-1026.2101853113,-3776.6413089435,
48437,-1066.1238464945,-3807.7712246103,-1025.1741995880,-3775.1714502119,
48438,-1066.1238464945,-3807.7712246103,-1023.8802445077,-3774.2202245504,
48439,-1066.1238464945,-3807.7712246103,-1024.3135244043,-3773.1985910181,
48440,-1066.1238464945,-3807.7712246103,-1023.2557696477,-3772.3682968023,
48441,-1066.1238464945,-3807.7712246103,-1024.0365645293,-3774.5139905230,
48442,-1066.1238464945,-3807.7712246103,-1023.7836607143,-3775.9517513092,
48443,-1066.1238464945,-3807.7712246103,-1023.4675702498,-3774.8143588948,
48444,-1066.1238464945,-3807.7712246103,-1023.8325588715,-3773.3453704066,
48445,-1066.1238464945,-3807.7712246103,-1023.4627863707,-3776.8287264815,
48446,-1066.1238464945,-3807.7712246103,-1022.1117937542,-3775.8403399865,
48447,-1066.1238464945,-3807.7712246103,-1021.0658014320,-3776.3418769626,
48448,-1066.1238464945,-3807.7712246103,-1021.0723018676,-3776.2305438215,
48449,-1066.1238464945,-3807.7712246103,-1021.0815443086,-3776.0680998422,
48450,-1066.1238464945,-3807.7712246103,-1019.2801940618,-3779.0937286711,
48451,-1066.1238464945,-3807.7712246103,-1018.1956813570,-3782.2506770304,
48452,-1066.1238464945,-3807.7712246103,-1016.9513483263,-3785.3394041728,
48453,-1066.1238464945,-3807.7712246103,-1020.1312059239,-3783.6360031994,
48454,-1066.1238464945,-3807.7712246103,-1017.5913288988,-3786.4195745061,
48455,-1066.1238464945,-3807.7712246103,-1016.0684237086,-3787.3377369324,
48456,-1066.1238464945,-3807.7712246103,-1016.5717393964,-3789.9256572172,
48457,-1066.1238464945,-3807.7712246103,-1017.1254367615,-3791.1730944770,
48458,-1066.1238464945,-3807.7712246103,-1018.3796686910,-3792.6178822362,
48459,-1066.1238464945,-3807.7712246103,-1020.7586651350,-3795.3023270812,
48460,-1066.1238464945,-3807.7712246103,-1024.8751430593,-3802.0184182185,
48461,-1066.1238464945,-3807.7712246103,-1030.8765499038,-3811.2956756320,
48462,-1066.1238464945,-3807.7712246103,-1032.9455360666,-3814.5875875097,
48463,-1066.1238464945,-3807.7712246103,-1031.3805854452,-3820.1762835429,
48464,-1066.1238464945,-3807.7712246103,-1030.3470985590,-3824.9334853555,
48465,-1066.1238464945,-3807.7712246103,-1030.7509011166,-3825.4226164479,
48466,-1066.1238464945,-3807.7712246103,-1031.4375162945,-3825.1056242281,
48467,-1066.1238464945,-3807.7712246103,-1032.3969461696,-3824.2680541914,
48468,-1066.1238464945,-3807.7712246103,-1033.0046478535,-3825.0373241385,
48469,-1066.1238464945,-3807.7712246103,-1033.5907593274,-3825.8825820715,
48470,-1066.1238464945,-3807.7712246103,-1033.2921311105,-3826.6997775307,
48471,-1066.1238464945,-3807.7712246103,-1034.9027784184,-3824.4187949827,
48472,-1066.1238464945,-3807.7712246103,-1033.6155278736,-3825.0971040200,
48473,-1066.1238464945,-3807.7712246103,-1032.7780029991,-3825.8933233499,
48474,-1066.1238464945,-3807.7712246103,-1032.2977278807,-3826.5492760286,
48475,-1066.1238464945,-3807.7712246103,-1033.9696093192,-3823.1448212800,
48476,-1066.1238464945,-3807.7712246103,-1034.0418195233,-3818.6061189966,
48477,-1066.1238464945,-3807.7712246103,-1027.0965006247,-3809.7753737243,
48478,-1066.1238464945,-3807.7712246103,-1026.0751970642,-3807.4420960084,
