386820,386820,-nan,-nan,-6292741.6544055268
386821,386821,22.3693925006,114.1140681547,250.3550016712
386822,386822,-nan,-nan,-6292741.6544055268
386823,386823,-nan,-nan,-6292741.6544055268
386824,386824,22.3696253743,114.1139526349,-154.8671335539
386825,386825,22.3695916023,114.1149539677,503.9113977801
386826,386826,22.3695913391,114.1149372923,499.3123629092
386827,386827,22.3693887415,114.1146666765,427.6331068382
386828,386828,22.3693544100,114.1146359930,407.8106124946
386829,386829,22.3695271064,114.1152897674,645.0327069324
386830,386830,22.3696836894,114.1154362979,624.2476521727
386831,386831,22.3696715547,114.1151832945,485.0399539587
386832,386832,22.3693592655,114.1146061722,277.4115190456
386833,386833,22.3693726471,114.1144540546,246.7609077175
386834,386834,22.3696222941,114.1146386172,200.3408937278
386835,386835,22.3696010157,114.1145116083,225.9543837154
386836,386836,22.3695261335,114.1146764508,388.2268959819
386837,386837,22.3695532567,114.1149255379,346.4393159239
386838,386838,22.3694257647,114.1143676982,145.4795071063
386839,386839,22.3692621630,114.1145227743,240.8235214698
386840,386840,22.3693620696,114.1141872997,24.0992365201
386841,386841,22.3693045299,114.1144158874,315.0350528103
386842,386842,22.3694286032,114.1144165988,336.9597246075
386843,386843,22.3693837457,114.1144358033,333.4811871219
386844,386844,22.3695732802,114.1141640707,61.4520771210
386845,386845,22.3694641008,114.1146722371,306.7770158801
386846,386846,22.3694276417,114.1146796049,305.0408041857
386847,386847,22.3694325415,114.1148175371,318.1630339764
386848,386848,22.3694385286,114.1147122173,380.9306581018
386849,386849,22.3692517430,114.1147626009,330.1281396738
386850,386850,22.3694343760,114.1146899311,378.5199393569
386851,386851,22.3693189174,114.1144702092,289.5173773565
386852,386852,22.3693805354,114.1148825553,378.2997298588
386853,386853,22.3693287846,114.1144252565,310.8756080233
386854,386854,22.3692646432,114.1144734903,281.7958871984
386855,386855,22.3693983871,114.1147709933,306.7588022419
386856,386856,22.3694918358,114.1148993206,342.3766499586
386857,386857,22.3692423386,114.1146268881,281.8321719630
386858,386858,22.3693045915,114.1146331156,289.4039067943
386859,386859,22.3693231804,114.1147028404,313.2357501177
386860,386860,22.3693434687,114.1146962386,320.3186421805
386861,386861,22.3692362658,114.1142769777,275.5419961112
386862,386862,22.3691440674,114.1145012186,232.8069320270
386863,386863,22.3693961891,114.1146180709,320.0413731389
386864,386864,22.3693104428,114.1145825089,324.1924882396
386865,386865,22.3693214654,114.1144678703,297.1069538646
386866,386866,22.3690852195,114.1142085693,217.4022191707
386867,386867,22.3690828125,114.1144044235,258.6826673034
386868,386868,22.3690679307,114.1144173327,261.0913409459
386869,386869,22.3691867326,114.1144786018,281.0431473887
386870,386870,22.3691164974,114.1144733432,281.7166486247
386871,386871,22.3691176695,114.1144336798,277.2332323163
386872,386872,22.3689463273,114.1143510831,240.6791423603
386873,386873,22.3691110833,114.1144429985,280.8127927966
386874,386874,22.3688177769,114.1141625212,183.5916602619
386875,386875,22.3696435757,114.1152417285,489.9853167527
386876,386876,22.3691197486,114.1145038196,277.0546837489
386877,386877,22.3689455229,114.1130438997,-283.6547661973
386878,386878,22.3690176371,114.1143229849,250.6525446573
386879,386879,22.3687852335,114.1140171964,172.4613091560
386880,386880,22.3692021121,114.1129949730,-543.1988293667
386881,386881,-nan,-nan,-6292741.6544055268
386882,386882,22.3689554145,114.1138632664,-60.5178525047
386883,386883,22.3695303403,114.1148646912,414.2063850083
386884,386884,22.3693400537,114.1137913083,-91.9807595980
386885,386885,22.3699565257,114.1170376165,1480.7714896806
386886,386886,22.3693929282,114.1136101586,-176.3519971952
386887,386887,22.3689703456,114.1139483279,84.6036138453
386888,386888,13.5809213689,81.1500374564,-4407295.7990939384
386889,386889,22.3693311594,114.1141437319,262.6401537352
386890,386890,22.3693896775,114.1145316622,337.4344314321
386891,386891,22.3695162155,114.1146844086,384.0676475954
386892,386892,22.3694799686,114.1146346320,367.2570795582
386893,386893,22.3696750993,114.1148478384,435.8020296076
386894,386894,22.3693444129,114.1140924174,248.8622290370
386895,386895,-nan,-nan,-6292741.6544055268
386896,386896,22.3695214446,114.1145905886,367.9092556459
386897,386897,22.3687668878,114.1109432878,-1404.0429197057
386898,386898,22.3697957189,114.1149873539,475.7468256058
386899,386899,22.3695930356,114.1143519501,349.8447642833
386900,386900,22.3694330602,114.1144578770,325.3752650933
386901,386901,22.3696046404,114.1160446822,1097.1216237359
386902,386902,22.3694399489,114.1146021841,338.6247030045
386903,386903,22.3694675784,114.1146575078,364.2604878204
386904,386904,22.3694497390,114.1146868310,308.2940297571
386905,386905,22.3694720565,114.1146931247,303.2331527512
386906,386906,22.3694924408,114.1150269682,435.8505152014
386907,386907,22.3693901914,114.1142751832,216.4787893137
386908,386908,22.3695390404,114.1146706513,337.4287672108
386909,386909,22.3698280064,114.1152135421,488.5344718728
386910,386910,22.3694243138,114.1144751231,296.4602971211
386911,386911,22.3698657718,114.1153180520,525.7274151905
386912,386912,22.3695220391,114.1152292456,454.9753159852
386913,386913,22.3697076855,114.1151373134,464.8699053221
386914,386914,22.3684443301,114.1147541413,195.2119206263
386915,386915,22.3691770108,114.1142757945,185.2189906095
386916,386916,22.3692657220,114.1142983081,188.9731756560
386917,386917,22.3697167838,114.1152436195,490.0958637239
386918,386918,22.3694535521,114.1149481377,417.7727529908
386919,386919,22.3697151744,114.1152120461,486.7672678127
386920,386920,22.3697418808,114.1153235049,563.8748142377
386921,386921,22.3697560837,114.1151950148,495.9048229304
386922,386922,22.3695188552,114.1149937258,414.4189105152
386923,386923,22.3695158717,114.1150192841,415.8460927431
386924,386924,22.3691112071,114.1107459506,-3030.9679313689
386925,386925,22.3692373388,114.1126919370,-61.2775849069
386926,386926,22.3683063837,114.1128806489,-159.1661104313
386927,386927,22.3695464342,114.1149041509,402.9184010088
386928,386928,22.3694842028,114.1147678174,375.6515756597
386929,386929,22.3693302691,114.1144113701,242.7877821071
386930,386930,22.3694141092,114.1144695138,278.0987291536
386931,386931,-nan,-nan,-6292741.6544055268
386932,386932,22.3694234106,114.1146470430,292.4672568384
386933,386933,22.3693099801,114.1140874451,197.7051246254
386934,386934,22.3695706978,114.1147059047,383.5391663712
386935,386935,22.3692944511,114.1161316102,543.2604606293
386936,386936,-nan,-nan,-6292741.6544055268
386937,386937,22.3692933576,114.1139657678,82.4986516101
386938,386938,22.3687033165,114.1129343706,-49.7973641583
386939,386939,22.3690542063,114.1123235263,-188.1953625854
386940,386940,22.3694250325,114.1148748022,328.6688678915
386941,386941,22.3694060025,114.1144613320,241.0620758648
386942,386942,22.3693637709,114.1147595811,254.7883078077
386943,386943,22.3693648098,114.1148934812,270.6455216489
386944,386944,22.3693762126,114.1147712064,241.9346219200
386945,386945,22.3694030322,114.1148562392,262.8740195771
386946,386946,22.3693923513,114.1148589039,239.6794845194
386947,386947,22.3690937252,114.1171479027,611.2404793796
386948,386948,22.3690828731,114.1171870234,623.2996256991
386949,386949,22.3690762697,114.1171873395,619.7589860935
386950,386950,22.3693336117,114.1146645176,170.3757288108
386951,386951,22.3690690697,114.1171071492,601.7737742016
386952,386952,22.3690323616,114.1171068311,599.4587052454
386953,386953,22.3690368442,114.1170778288,596.5977615518
386954,386954,22.3690352776,114.1170910096,605.9289929074
386955,386955,22.3694269588,114.1148710580,274.5399908158
386956,386956,22.3696636396,114.1158642770,482.1624686925
386957,386957,22.3662455387,114.1145019478,-208.3642549447
386958,386958,22.3693751421,114.1144765631,198.2282085794
386959,386959,22.3694178353,114.1143632362,191.5583104400
386960,386960,22.3693770372,114.1143321744,270.1156172174
386961,386961,22.3693874642,114.1143320803,164.2678340003
386962,386962,22.3694787866,114.1139459408,-47.6813902397
386963,386963,22.3695768018,114.1135552901,-268.8281803984
386964,386964,22.3694485967,114.1150907465,354.7749366214
386965,386965,22.3692456556,114.1162433049,520.2792232582
386966,386966,22.3698056598,114.1127295199,158.6647027410
386967,386967,22.3695382977,114.1143546078,345.3142336811
386968,386968,22.3695544847,114.1138886832,-119.4661177310
386969,386969,22.3699253201,114.1117169954,-42.4834791179
386970,386970,22.3701430574,114.1110590120,-14.6290617298
386971,386971,22.3701566448,114.1113225568,34.2732307013
386972,386972,22.3693480111,114.1186622415,2177.4673371975
386973,386973,-nan,-nan,-6292741.6544055268
386974,386974,22.3692976380,114.1144609569,176.3814647121
386975,386975,22.3693818617,114.1149432039,310.8500397063
386976,386976,22.3695465681,114.1149826188,411.0962661244
386977,386977,22.3693401035,114.1142597323,80.8167465728
386978,386978,-nan,-nan,-6292741.6544055268
386979,386979,22.3694324371,114.1145382625,133.5076007913
386980,386980,22.3692709827,114.1145811538,639.6980685337
386981,386981,22.3692016599,114.1142723155,144.2839736315
386982,386982,22.3692509366,114.1144274584,109.4927107457
386983,386983,22.3690235695,114.1137364609,121.9442688025
386984,386984,22.3692398794,114.1143902211,61.9230189136
386985,386985,22.3693621654,114.1141476027,46.3506576959
386986,386986,22.3691949270,114.1140818290,3.2786645469
386987,386987,22.3693746493,114.1141037347,-10.3150615558
386988,386988,22.3695307532,114.1141269155,8.4784385579
386989,386989,22.3688470052,114.1133336788,193.5202294795
386990,386990,22.3688504043,114.1130817814,39.6149078429
386991,386991,22.3696333534,114.1138307563,-6.9191560307
386992,386992,22.3694507426,114.1133485358,-1033.8539175934
386993,386993,22.3695113172,114.1141430271,20.4067750119
386994,386994,22.3694837790,114.1142270435,54.1760909700
386995,386995,22.3694746486,114.1141829272,43.5900234022
386996,386996,22.3695244071,114.1142206474,90.4767787555
386997,386997,-nan,-nan,-6292741.6544055268
386998,386998,22.3695298205,114.1141520669,34.0417066520
386999,386999,22.3695530364,114.1141407465,26.9027394135
387000,387000,-nan,-nan,-6292741.6544055268
387001,387001,-nan,-nan,-6292741.6544055268
387002,387002,-nan,-nan,-nan
387003,387003,22.3694725714,114.1146479883,447.4136129528
387004,387004,22.3695521655,114.1141399353,57.5544558590
387005,387005,22.3694367998,114.1142970773,57.3840342975
387006,387006,22.3694977622,114.1143363775,172.1254852529
387007,387007,22.3694942918,114.1143546867,75.4738286889
387008,387008,22.3695553727,114.1143421161,89.3254175827
387009,387009,22.3686771596,114.1118418645,-529.6969083350
387010,387010,22.3695842112,114.1144373398,147.5878758147
387011,387011,-nan,-nan,-6292741.6544055268
387012,387012,22.3695171667,114.1142739083,96.7538454573
387013,387013,22.3695339054,114.1144649327,180.3839937274
387014,387014,22.3694928435,114.1143845402,189.5463033475
387015,387015,22.3695381430,114.1141321744,35.0277068875
387016,387016,22.3694803520,114.1145108315,249.2278350688
387017,387017,22.3694623027,114.1143828693,171.3869010893
387018,387018,-nan,-nan,-nan
387019,387019,22.3695035902,114.1146937095,306.9996472643
387020,387020,22.3693125450,114.1146797074,372.9700584139
387021,387021,22.3695127167,114.1144682739,166.2600945008
387022,387022,22.3695201067,114.1148225882,366.0772685134
387023,387023,22.3694710436,114.1148017205,364.8178925890
387024,387024,22.3694962841,114.1147460166,368.7686237570
387025,387025,22.3693458469,114.1145641278,315.8466318869
387026,387026,22.3696107977,114.1142370198,-5.1111169507
387027,387027,22.3695920235,114.1142855610,28.2787773232
387028,387028,22.3695903581,114.1142407855,-1.0305650806
387029,387029,22.3695695914,114.1142205113,-25.4739228187
387030,387030,22.3695064137,114.1144202912,112.7492243340
387031,387031,-nan,-nan,-6292741.6544055268
387032,387032,-nan,-nan,-6292741.6544055268
387033,387033,22.3694416834,114.1148683505,401.4604187477
387034,387034,22.3779386953,114.1150091128,5714.2898414004
387035,387035,22.3696856127,114.1143034634,101.6661964670
387036,387036,22.3697307538,114.1144568081,115.0393284781
387037,387037,22.3694372956,114.1146010118,223.3225017645
387038,387038,22.3696415915,114.1144258414,130.5413794770
387039,387039,-nan,-nan,-6292741.6544055268
387040,387040,-nan,-nan,-6292741.6544055268
387041,387041,-nan,-nan,-6292741.6544055268
387042,387042,-nan,-nan,-6292741.6544055268
387043,387043,-nan,-nan,-6292741.6544055268
387044,387044,-nan,-nan,-6292741.6544055268
387045,387045,-nan,-nan,-6292741.6544055268
387046,387046,-nan,-nan,-6292741.6544055268
387047,387047,-nan,-nan,-6292741.6544055268
387048,387048,-nan,-nan,-6292741.6544055268
387049,387049,-nan,-nan,-6292741.6544055268
387050,387050,22.3693787923,114.1149354301,301.5444757805
387051,387051,22.3694345241,114.1147620173,170.0970140839
387052,387052,-nan,-nan,-6292741.6544055268
387053,387053,-nan,-nan,-6292741.6544055268
387054,387054,-nan,-nan,-6292741.6544055268
387055,387055,-nan,-nan,-6292741.6544055268
387056,387056,-nan,-nan,-6292741.6544055268
387057,387057,-nan,-nan,-6292741.6544055268
387058,387058,-nan,-nan,-6292741.6544055268
387059,387059,-nan,-nan,-6292741.6544055268
387060,387060,-nan,-nan,-6292741.6544055268
387061,387061,-nan,-nan,-6292741.6544055268
387062,387062,-nan,-nan,-6292741.6544055268
387063,387063,-nan,-nan,-6292741.6544055268
387064,387064,20.2114826714,114.0014729758,-1124275.0720821184
387065,387065,-nan,-nan,-6292741.6544055268
387066,387066,-nan,-nan,-6292741.6544055268
387067,387067,-nan,-nan,-6292741.6544055268
387068,387068,-nan,-nan,-6292741.6544055268
387069,387069,-nan,-nan,-6292741.6544055268
387070,387070,-nan,-nan,-6292741.6544055268
387071,387071,18.3613678435,113.8966548109,-1795036.0177721654
387072,387072,18.0554193636,113.8788165112,-1888613.1783076988
387073,387073,17.7208228490,113.8592179011,-1986368.9518366496
387074,387074,21.5302606334,114.0730907862,-495781.7709496479
387075,387075,21.4661892164,114.0697528889,-530173.7761683085
387076,387076,21.3914941804,114.0657668303,-569772.0612536357
387077,387077,21.3297728195,114.0626045346,-601970.2559678372
387078,387078,-nan,-nan,-6292741.6544055268
387079,387079,22.4349024067,114.1183078324,43122.9328458879
387080,387080,-nan,-nan,-6292741.6544055268
387081,387081,-nan,-nan,-6292741.6544055268
387082,387082,22.3695208076,114.1148135381,100.0676424808
387083,387083,22.3693856592,114.1148225862,52.2976462004
387084,387084,22.3693192726,114.1148400776,3.0413834197
387085,387085,-nan,-nan,-6292741.6544055268
387086,387086,-nan,-nan,-6292741.6544055268
387087,387087,-nan,-nan,-6292741.6544055268
387088,387088,22.3692501054,114.1149893677,25.2376636647
387089,387089,-nan,-nan,-6292741.6544055268
387090,387090,22.3693045296,114.1150019442,36.4263629388
387091,387091,-nan,-nan,-6292741.6544055268
387092,387092,22.3693032724,114.1150627245,76.2954433144
387093,387093,22.3691659501,114.1150522657,8.8123069919
387094,387094,-nan,-nan,-6292741.6544055268
387095,387095,-nan,-nan,-6292741.6544055268
387096,387096,-nan,-nan,-6292741.6544055268
387097,387097,-nan,-nan,-6292741.6544055268
387098,387098,-nan,-nan,-6292741.6544055268
387099,387099,-nan,-nan,-6292741.6544055268
387100,387100,-nan,-nan,-6292741.6544055268
387101,387101,-nan,-nan,-6292741.6544055268
387102,387102,-nan,-nan,-6292741.6544055268
387103,387103,-nan,-nan,-6292741.6544055268
387104,387104,-nan,-nan,-6292741.6544055268
387105,387105,-nan,-nan,-6292741.6544055268
387106,387106,-nan,-nan,-6292741.6544055268
387107,387107,-nan,-nan,-6292741.6544055268
387108,387108,-nan,-nan,-6292741.6544055268
387109,387109,-nan,-nan,-6292741.6544055268
387110,387110,-nan,-nan,-6292741.6544055268
387111,387111,-nan,-nan,-6292741.6544055268
387112,387112,22.3690559577,114.1151643705,-51.7511976944
387113,387113,-nan,-nan,-6292741.6544055268
387114,387114,22.3689956579,114.1151387385,-41.8318229997
387115,387115,22.3689786851,114.1151307540,-47.3841607255
387116,387116,22.3689927309,114.1151225686,-57.0416789106
387117,387117,-nan,-nan,-6292741.6544055268
387118,387118,22.3690986357,114.1151264706,-128.3678408415
387119,387119,22.3691685552,114.1158888865,803.3412495590
387120,387120,-nan,-nan,-6292741.6544055268
387121,387121,-nan,-nan,-6292741.6544055268
387122,387122,-nan,-nan,-6292741.6544055268
387123,387123,-nan,-nan,-6292741.6544055268
387124,387124,-nan,-nan,-6292741.6544055268
387125,387125,-nan,-nan,-6292741.6544055268
387126,387126,-nan,-nan,-6292741.6544055268
387127,387127,-nan,-nan,-6292741.6544055268
387128,387128,22.3691424616,114.1150648483,-138.5856489966
387129,387129,-nan,-nan,-6292741.6544055268
387130,387130,-nan,-nan,-6292741.6544055268
387131,387131,-nan,-nan,-6292741.6544055268
387132,387132,-nan,-nan,-6292741.6544055268
387133,387133,-nan,-nan,-6292741.6544055268
387134,387134,-nan,-nan,-6292741.6544055268
387135,387135,-nan,-nan,-6292741.6544055268
387136,387136,-nan,-nan,-6292741.6544055268
387137,387137,-nan,-nan,-6292741.6544055268
387138,387138,-nan,-nan,-6292741.6544055268
387139,387139,-nan,-nan,-6292741.6544055268
387140,387140,-nan,-nan,-6292741.6544055268
387141,387141,-nan,-nan,-6292741.6544055268
387142,387142,-nan,-nan,-6292741.6544055268
387143,387143,-nan,-nan,-6292741.6544055268
387144,387144,-nan,-nan,-6292741.6544055268
387145,387145,-nan,-nan,-6292741.6544055268
387146,387146,-nan,-nan,-6292741.6544055268
387147,387147,-nan,-nan,-6292741.6544055268
387148,387148,-nan,-nan,-6292741.6544055268
387149,387149,-nan,-nan,-6292741.6544055268
387150,387150,-nan,-nan,-6292741.6544055268
387151,387151,-nan,-nan,-6292741.6544055268
387152,387152,-nan,-nan,-6292741.6544055268
387153,387153,-nan,-nan,-6292741.6544055268
387154,387154,-nan,-nan,-6292741.6544055268
387155,387155,-nan,-nan,-6292741.6544055268
387156,387156,-nan,-nan,-6292741.6544055268
387157,387157,-nan,-nan,-6292741.6544055268
387158,387158,-nan,-nan,-6292741.6544055268
387159,387159,-nan,-nan,-6292741.6544055268
387160,387160,-nan,-nan,-6292741.6544055268
387161,387161,-nan,-nan,-6292741.6544055268
387162,387162,-nan,-nan,-6292741.6544055268
387163,387163,-nan,-nan,-6292741.6544055268
387164,387164,-nan,-nan,-6292741.6544055268
387165,387165,-nan,-nan,-6292741.6544055268
387166,387166,-nan,-nan,-6292741.6544055268
387167,387167,-nan,-nan,-6292741.6544055268
387168,387168,-nan,-nan,-6292741.6544055268
387169,387169,-nan,-nan,-6292741.6544055268
387170,387170,-nan,-nan,-6292741.6544055268
387171,387171,-nan,-nan,-6292741.6544055268
387172,387172,-nan,-nan,-6292741.6544055268
387173,387173,-nan,-nan,-6292741.6544055268
387174,387174,-nan,-nan,-6292741.6544055268
387175,387175,-nan,-nan,-6292741.6544055268
387176,387176,-nan,-nan,-6292741.6544055268
387177,387177,-nan,-nan,-6292741.6544055268
387178,387178,22.3686793885,114.1157308774,21.9470771560
387179,387179,-nan,-nan,-6292741.6544055268
387180,387180,-nan,-nan,-6292741.6544055268
387181,387181,22.3686384585,114.1158466697,1.4950297066
387182,387182,-nan,-nan,-6292741.6544055268
387183,387183,22.3684964606,114.1160399035,135.7384379383
387184,387184,22.3685247442,114.1160415560,123.2523214446
387185,387185,22.3684846191,114.1161077550,151.1307435880
387186,387186,-37.8950133297,-64.0952592420,12805350.4595741089
387187,387187,22.3686632428,114.1158680361,24.4955829506
387188,387188,22.3686469496,114.1158526128,23.9684399772
387189,387189,22.3686294119,114.1158505854,44.5551084287
387190,387190,22.3686500818,114.1159378663,5.0714530516
387191,387191,-nan,-nan,-6292741.6544055268
387192,387192,-nan,-nan,-6292741.6544055268
387193,387193,-nan,-nan,-6292741.6544055268
387194,387194,-nan,-nan,-6292741.6544055268
387195,387195,-nan,-nan,-6292741.6544055268
387196,387196,-nan,-nan,-6292741.6544055268
387197,387197,-nan,-nan,-6292741.6544055268
387198,387198,-nan,-nan,-6292741.6544055268
387199,387199,-38.4610996515,-62.8026170536,5281692.6947921906
387200,387200,-nan,-nan,-6292741.6544055268
387201,387201,-nan,-nan,-6292741.6544055268
387202,387202,-nan,-nan,-6292741.6544055268
387203,387203,-nan,-nan,-6292741.6544055268
387204,387204,-nan,-nan,-6292741.6544055268
387205,387205,-nan,-nan,-6292741.6544055268
387206,387206,-nan,-nan,-6292741.6544055268
387207,387207,-nan,-nan,-6292741.6544055268
387208,387208,22.3685085438,114.1159536020,-12.3358934754
387209,387209,22.3684349883,114.1159839384,34.9039675296
387210,387210,22.3683947568,114.1159811520,34.5899102585
387211,387211,22.3684347331,114.1159706205,41.9093459449
387212,387212,22.3684129414,114.1159753795,19.6165905690
387213,387213,22.3684500727,114.1159592750,28.3209718309
387214,387214,22.3683604225,114.1160007012,44.4548281428
387215,387215,22.3684519075,114.1159428881,45.5596107501
387216,387216,22.3684458594,114.1159892514,37.7427813242
387217,387217,22.3684431068,114.1159823849,66.8527686520
387218,387218,22.3684866878,114.1159823663,27.3636589031
387219,387219,22.3684230486,114.1159706789,41.0981534707
387220,387220,22.3684653540,114.1159186317,55.5904523203
387221,387221,22.3685082138,114.1159027589,40.4568960278
387222,387222,22.3684926251,114.1158969851,52.1253855819
387223,387223,22.3685322506,114.1158931061,21.5817410643
387224,387224,22.3685118097,114.1159448006,27.9532572856
387225,387225,22.3684874410,114.1159564467,29.7389543607
387226,387226,22.3685246436,114.1159683105,15.3884628282
387227,387227,22.3684946232,114.1159157511,-27.0247410838
387228,387228,22.3684726216,114.1159370827,-10.5322232478
387229,387229,22.3685196716,114.1158940766,-13.4334028305
387230,387230,22.3686037247,114.1159084059,-2.3902180811
387231,387231,22.3684904462,114.1159325237,35.2442798976
387232,387232,22.3685042925,114.1159353611,21.5091242703
387233,387233,22.3685141500,114.1159240430,-4.0286504193
387234,387234,22.3685212012,114.1159025371,11.8105922118
387235,387235,22.3685190268,114.1158754367,-1.1544015693
387236,387236,22.3685258610,114.1158883340,-19.5914043198
387237,387237,22.3684730920,114.1158665074,8.5807845315
387238,387238,22.3685010695,114.1157511318,-24.7456248552
387239,387239,22.3684913855,114.1158730982,3.8974746967
387240,387240,22.3685471269,114.1159239006,1.8106351990
387241,387241,22.3685238609,114.1158434555,1.4894087265
387242,387242,22.3685326239,114.1158959762,14.8603748695
387243,387243,22.3684988296,114.1158433079,5.7808704358
387244,387244,22.3684537433,114.1157701323,6.5190743151
387245,387245,22.3684628163,114.1158614717,17.9183185432
387246,387246,22.3685187027,114.1158593732,3.7950682156
387247,387247,22.3685096018,114.1159177822,29.2521037677
387248,387248,22.3684861462,114.1159312116,42.9412076467
387249,387249,22.3684558131,114.1159219016,13.4213250527
387250,387250,22.3684469377,114.1158883569,0.5186952074
387251,387251,22.3685219171,114.1159480201,-30.5001044733
387252,387252,22.3685503149,114.1159692395,20.4286700972
387253,387253,22.3685857749,114.1159129093,-13.4011445295
387254,387254,22.3685176033,114.1159584809,4.8236249748
387255,387255,22.3684922198,114.1159181394,14.3390338493
387256,387256,22.3684633685,114.1159240909,15.4582534535
387257,387257,22.3684776268,114.1159103902,18.5689857030
387258,387258,-nan,-nan,-nan
387259,387259,22.3684972677,114.1159524632,40.1808266730
387260,387260,22.3684834480,114.1158272812,14.6606132774
387261,387261,22.3685439596,114.1159514231,1.0148473036
387262,387262,22.3684307940,114.1159541565,21.2211029610
387263,387263,22.3684412171,114.1159377167,15.7138579555
387264,387264,22.3684419924,114.1159073155,19.8738826030
387265,387265,22.3684389323,114.1159248287,25.9097233767
387266,387266,22.3684389462,114.1159139738,33.9681666026
387267,387267,22.3684921874,114.1159303221,13.2085578795
387268,387268,22.3684585974,114.1159436084,26.0137757800
387269,387269,22.3684613399,114.1159666713,26.8922380986
387270,387270,22.3685114276,114.1159777901,14.3974137539
387271,387271,22.3684480588,114.1159177580,38.9885849772
387272,387272,22.3684261758,114.1158861317,30.7401271658
387273,387273,22.3684469802,114.1158842802,30.2556534438
387274,387274,22.3685612692,114.1158614907,11.7423997716
387275,387275,22.3684930276,114.1158519975,22.0969345157
387276,387276,22.3684436589,114.1159124904,40.6462151580
387277,387277,22.3684989065,114.1159749950,4.1149777530
387278,387278,22.3684960127,114.1159372443,21.9996842061
387279,387279,22.3685132449,114.1159823391,8.8514785303
387280,387280,22.3685550928,114.1159932715,-6.6210909870
387281,387281,22.3685575231,114.1159654013,1.0651388700
387282,387282,22.3685315350,114.1159418349,13.1992158601
387283,387283,22.3685323847,114.1159422838,12.1807117286
387284,387284,22.3685330059,114.1159245922,9.0939214708
387285,387285,22.3685399916,114.1159307641,19.0087768498
387286,387286,22.3685770039,114.1158097708,-52.8073206502
387287,387287,22.3685461134,114.1159094770,-8.2039699583
387288,387288,22.3685398022,114.1158577625,0.1367596320
387289,387289,22.3685313366,114.1158959215,-8.4754996932
387290,387290,22.3685012809,114.1158779939,-30.2081650202
387291,387291,22.3685426823,114.1159701556,-5.7136037489
387292,387292,22.3685600933,114.1159082735,2.5648863072
387293,387293,22.3685834636,114.1158564493,-3.5568564411
387294,387294,22.3685669031,114.1159164762,5.9399599208
387295,387295,22.3685474669,114.1159692218,-6.3596946462
387296,387296,22.3684425994,114.1159511575,15.0051880589
387297,387297,22.3684251707,114.1159578931,20.2040689433
387298,387298,22.3685047702,114.1159198946,-26.4810699239
387299,387299,22.3685047168,114.1159027690,-27.0391593066
387300,387300,22.3685173197,114.1159091243,-24.1295893309
387301,387301,22.3685310970,114.1159796921,14.8326139088
387302,387302,22.3685291088,114.1158579222,-16.7570470249
387303,387303,22.3684306219,114.1159443356,58.2541952337
387304,387304,22.3685082348,114.1159210879,32.0722952148
387305,387305,22.3685267498,114.1159253717,13.2893233658
387306,387306,22.3685243979,114.1159373939,3.6306810969
387307,387307,22.3685006374,114.1159484260,20.4498900383
387308,387308,22.3685116438,114.1159743193,4.1717963218
387309,387309,22.3685351716,114.1159799794,-2.5778654389
387310,387310,22.3685135403,114.1159531408,1.1791098903
387311,387311,22.3685240465,114.1159270076,-6.9191007744
387312,387312,22.3685239411,114.1159325530,-9.4843643636
387313,387313,22.3685087989,114.1159117795,1.1257730934
387314,387314,22.3685033480,114.1159039264,-1.9748151714
387315,387315,22.3685048807,114.1159607633,-3.7086715783
387316,387316,22.3685306205,114.1158851794,-46.0400767452
387317,387317,22.3685247407,114.1159444642,-6.9920072919
387318,387318,22.3685220113,114.1159121427,1.6666097677
387319,387319,22.3685326402,114.1159061153,-8.7922548450
387320,387320,22.3685409852,114.1158853274,-16.0750749322
387321,387321,22.3685712670,114.1158534578,-68.8932768292
387322,387322,22.3685085463,114.1157504840,-55.2518674145
387323,387323,22.3685309094,114.1158099048,-37.3630934531
387324,387324,22.3685017792,114.1158731804,-3.6163751972
387325,387325,22.3684994663,114.1158226376,-3.4565371549
387326,387326,22.3685028843,114.1158437930,-22.0750116684
387327,387327,22.3684930228,114.1159246924,28.6501795854
387328,387328,22.3685060145,114.1159058895,34.4343074005
387329,387329,22.3685249995,114.1159276299,38.7760858460
387330,387330,22.3685344101,114.1159354661,12.9997659059
387331,387331,22.3685325120,114.1159540431,35.4097836135
387332,387332,22.3684676081,114.1159837276,46.4159697778
387333,387333,22.3684507716,114.1159956603,54.3997134277
387334,387334,22.3685009065,114.1160132651,50.7551571997
387335,387335,22.3685010494,114.1159934503,46.3834234808
387336,387336,22.3684883399,114.1159761594,48.5701158878
387337,387337,22.3684674258,114.1159728024,52.2659988347
387338,387338,22.3685045364,114.1159625829,36.5605349248
387339,387339,22.3684706450,114.1160143129,46.0201262058
387340,387340,22.3684654709,114.1160194378,49.1084403366
387341,387341,22.3684463452,114.1160416059,48.0820119875
387342,387342,22.3684430925,114.1160332673,49.4595548645
387343,387343,22.3684348458,114.1160120913,48.7531220893
387344,387344,22.3684330946,114.1160091151,40.7753577792
387345,387345,22.3684405647,114.1159915112,46.9405781743
387346,387346,22.3684288472,114.1159883285,41.9395297893
387347,387347,22.3684374801,114.1159526018,33.0872090175
387348,387348,22.3684233821,114.1159580432,34.4415999731
387349,387349,22.3684432489,114.1159654590,23.9069064930
387350,387350,22.3685228639,114.1159653484,-1.3891414467
387351,387351,22.3685064369,114.1159293229,1.3869203595
387352,387352,22.3684708830,114.1159371017,18.2731214580
387353,387353,22.3685029773,114.1159251556,-14.9762845123
387354,387354,22.3685229800,114.1158712025,-36.6300699320
387355,387355,22.3685192603,114.1158963791,13.8430100075
387356,387356,22.3685303827,114.1159338316,12.9289543336
387357,387357,22.3685372913,114.1159617470,2.5091124775
387358,387358,22.3685262322,114.1159655750,-23.2744550394
387359,387359,22.3685416956,114.1160237525,-21.4748791293
387360,387360,22.3685181314,114.1159543642,-18.6566121070
387361,387361,22.3685068715,114.1159302001,-19.5572297757
387362,387362,22.3684557160,114.1159635463,2.1881542296
387363,387363,22.3684341277,114.1159127596,5.1658769093
387364,387364,22.3683864452,114.1159360384,11.6866594750
387365,387365,22.3684238828,114.1159187699,19.3224048128
387366,387366,22.3685055846,114.1159491461,-3.9401669525
387367,387367,22.3685034328,114.1159437302,-0.6513833465
387368,387368,22.3685234307,114.1159326043,-13.7032372662
387369,387369,22.3685169136,114.1159732951,-28.3067603992
387370,387370,22.3685495479,114.1159898545,-47.5556173620
387371,387371,22.3686028202,114.1159761476,-47.1217391502
387372,387372,22.3685806072,114.1159143263,-36.7415352866
387373,387373,22.3684777736,114.1159587813,-13.4729413412
387374,387374,22.3683743508,114.1159577109,-2.3465310244
387375,387375,22.3683851528,114.1159676735,7.3235908733
387376,387376,22.3684098594,114.1159983388,43.4472864340
387377,387377,22.3684345586,114.1160344095,34.5375533157
387378,387378,22.3684665997,114.1159694745,32.0752365618
387379,387379,22.3685183041,114.1159912617,41.1179464262
387380,387380,22.3685327432,114.1159444816,23.9054753563
387381,387381,22.3684814396,114.1159751283,43.1333959498
387382,387382,22.3685253611,114.1159690924,24.7114481303
387383,387383,22.3685003309,114.1159610312,27.9663761909
387384,387384,22.3685045546,114.1160036217,48.6436685901
387385,387385,22.3685242263,114.1160200350,74.5242367073
387386,387386,-20.0361069741,2.8837825344,-2882655.9697385770
387387,387387,22.3686350060,114.1161909034,88.7232752769
387388,387388,22.3685050659,114.1160930068,75.1871592855
387389,387389,-nan,-nan,-6292741.6544055268
387390,387390,-nan,-nan,-6292741.6544055268
387391,387391,-nan,-nan,-6292741.6544055268
387392,387392,-nan,-nan,-6292741.6544055268
387393,387393,-nan,-nan,-6292741.6544055268
387394,387394,22.3686567381,114.1160645631,67.3006776915
387395,387395,22.3687280161,114.1160013278,33.4720723454
387396,387396,22.3688290983,114.1159555215,1.1086862486
387397,387397,22.3687593835,114.1159427665,20.9599335034
387398,387398,22.3687370416,114.1158910944,16.0547735103
387399,387399,22.3687702013,114.1158545647,-1.9023829302
387400,387400,22.3685772502,114.1159523825,67.7505108674
387401,387401,22.3685508506,114.1158923896,55.5143956719
387402,387402,-nan,-nan,-6292741.6544055268
387403,387403,-nan,-nan,-6292741.6544055268
387404,387404,-nan,-nan,-6292741.6544055268
387405,387405,22.3686832872,114.1157744880,3.5435072360
387406,387406,-15.4637929763,82.7931728948,-1935164.4061342150
387407,387407,-nan,-nan,-6292741.6544055268
387408,387408,-nan,-nan,-6292741.6544055268
387409,387409,-nan,-nan,-6292741.6544055268
387410,387410,-nan,-nan,-6292741.6544055268
387411,387411,-nan,-nan,-6292741.6544055268
387412,387412,-nan,-nan,-6292741.6544055268
387413,387413,-nan,-nan,-6292741.6544055268
387414,387414,-nan,-nan,-6292741.6544055268
387415,387415,-nan,-nan,-6292741.6544055268
387416,387416,-nan,-nan,-6292741.6544055268
387417,387417,-nan,-nan,-6292741.6544055268
387418,387418,-nan,-nan,-6292741.6544055268
387419,387419,-nan,-nan,-6292741.6544055268
387420,387420,-nan,-nan,-6292741.6544055268
387421,387421,-nan,-nan,-6292741.6544055268
387422,387422,-nan,-nan,-6292741.6544055268
387423,387423,-nan,-nan,-6292741.6544055268
387424,387424,-nan,-nan,-6292741.6544055268
387425,387425,-nan,-nan,-6292741.6544055268
387426,387426,-nan,-nan,-6292741.6544055268
387427,387427,-nan,-nan,-6292741.6544055268
387428,387428,-nan,-nan,-6292741.6544055268
387429,387429,-nan,-nan,-6292741.6544055268
387430,387430,-nan,-nan,-6292741.6544055268
387431,387431,-nan,-nan,-6292741.6544055268
387432,387432,-nan,-nan,-6292741.6544055268
387433,387433,-nan,-nan,-6292741.6544055268
387434,387434,-nan,-nan,-6292741.6544055268
387435,387435,-nan,-nan,-6292741.6544055268
387436,387436,-nan,-nan,-6292741.6544055268
387437,387437,-nan,-nan,-6292741.6544055268
387438,387438,-nan,-nan,-6292741.6544055268
387439,387439,-nan,-nan,-6292741.6544055268
387440,387440,-nan,-nan,-6292741.6544055268
387441,387441,-nan,-nan,-6292741.6544055268
387443,387443,-nan,-nan,-6292741.6544055268
387444,387444,-nan,-nan,-6292741.6544055268
387445,387445,-nan,-nan,-6292741.6544055268
387446,387446,-nan,-nan,-6292741.6544055268
387447,387447,-nan,-nan,-6292741.6544055268
387448,387448,-nan,-nan,-6292741.6544055268
387449,387449,-nan,-nan,-6292741.6544055268
387450,387450,-nan,-nan,-6292741.6544055268
387451,387451,-nan,-nan,-6292741.6544055268
387453,387453,-nan,-nan,-6292741.6544055268
387454,387454,-nan,-nan,-6292741.6544055268
387455,387455,-nan,-nan,-6292741.6544055268
387456,387456,-nan,-nan,-6292741.6544055268
387457,387457,-nan,-nan,-6292741.6544055268
387458,387458,-nan,-nan,-6292741.6544055268
387459,387459,-nan,-nan,-6292741.6544055268
387460,387460,-nan,-nan,-6292741.6544055268
387461,387461,-nan,-nan,-6292741.6544055268
387462,387462,-nan,-nan,-6292741.6544055268
387463,387463,-nan,-nan,-6292741.6544055268
387464,387464,-nan,-nan,-6292741.6544055268
387465,387465,-nan,-nan,-6292741.6544055268
387466,387466,-nan,-nan,-6292741.6544055268
387467,387467,-nan,-nan,-6292741.6544055268
387468,387468,-nan,-nan,-6292741.6544055268
387469,387469,-nan,-nan,-6292741.6544055268
387470,387470,-nan,-nan,-6292741.6544055268
387471,387471,-nan,-nan,-6292741.6544055268
387472,387472,-nan,-nan,-6292741.6544055268
387473,387473,-nan,-nan,-6292741.6544055268
387474,387474,-nan,-nan,-6292741.6544055268
387475,387475,-nan,-nan,-6292741.6544055268
387476,387476,-nan,-nan,-6292741.6544055268
387477,387477,-nan,-nan,-6292741.6544055268
387478,387478,-nan,-nan,-6292741.6544055268
387479,387479,-nan,-nan,-6292741.6544055268
387480,387480,-nan,-nan,-6292741.6544055268
387481,387481,-nan,-nan,-6292741.6544055268
387482,387482,-nan,-nan,-6292741.6544055268
387483,387483,22.3672226166,114.1158748694,129.4403574092
387484,387484,22.3669411600,114.1157245047,83.6541318591
387485,387485,22.3669682682,114.1155332681,35.5094401645
387486,387486,22.3675009080,114.1154760094,45.3192051577
387487,387487,22.3674531430,114.1154985375,50.2973287087
387488,387488,22.3675400096,114.1154807254,63.3055821702
387489,387489,22.3680880539,114.1154547436,75.2995066466
387490,387490,22.3691602091,114.1151302274,38.0471431196
387491,387491,22.3691211936,114.1151119226,29.4161394416
387492,387492,22.3695277126,114.1149374723,-14.2499817754
387493,387493,22.3691098621,114.1151033228,27.7306599690
387494,387494,22.3691869014,114.1150079808,29.7260849188
387495,387495,22.3696633200,114.1148322785,-44.2543892953
387496,387496,22.3692241846,114.1150009180,23.0782754501
387497,387497,22.3692354977,114.1149769678,23.8770327281
387498,387498,22.3692405428,114.1149337951,15.0173892261
387499,387499,22.3692732542,114.1149530569,16.0874113184
387500,387500,22.3693098283,114.1149693984,17.4440440586
387501,387501,22.3693437754,114.1149725538,24.7826257121
387502,387502,22.3692686939,114.1149114435,11.9736454142
387503,387503,22.3692754335,114.1148823550,12.0147045248
387504,387504,22.3692521372,114.1149344683,44.6318156277
387505,387505,22.3692973606,114.1148063692,-9.5487516625
387506,387506,22.3692844745,114.1148097647,-2.4995162189
387507,387507,22.3693148311,114.1148263430,-1.6270169137
387508,387508,22.3693247855,114.1148221526,7.0722216015
387509,387509,22.3692967064,114.1148007697,12.1528211218
387510,387510,22.3692720793,114.1148008173,25.9709619452
387511,387511,22.3691631141,114.1148836209,84.7442820190
387512,387512,22.3692539877,114.1147562976,17.3369882536
387513,387513,22.3692622467,114.1147687102,20.9367891574
387514,387514,22.3692626535,114.1147444128,16.1477881873
387515,387515,22.3692429585,114.1146717838,-0.9955427648
387516,387516,22.3692569944,114.1146879866,4.4515082186
387517,387517,22.3692232581,114.1146496993,6.7798118217
387518,387518,22.3693495474,114.1148235452,38.3507768577
387519,387519,22.3692388992,114.1147150283,36.2471762526
387520,387520,22.3692845793,114.1148045514,53.9388812400
387521,387521,22.3692391584,114.1147633564,60.3147023562
387522,387522,22.3692413843,114.1147652500,64.9177310070
387523,387523,22.3692669624,114.1147088368,47.9423615480
387524,387524,22.3692699243,114.1146901758,43.4699364671
387525,387525,22.3692824265,114.1146678769,42.2912333776
387526,387526,22.3693487187,114.1147574368,46.0261595097
387527,387527,22.3693585107,114.1147239547,36.2742130276
387528,387528,22.3696487472,114.1151319612,-32.7028449826
387529,387529,22.3696048666,114.1150451534,-23.6827526868
387530,387530,22.3694227764,114.1147474212,2.0008204594
387531,387531,22.3693316664,114.1145895008,30.4049741193
387532,387532,22.3693259495,114.1145692478,37.0222174093
387533,387533,22.3693146973,114.1145514957,42.1088561828
387534,387534,22.3693213501,114.1145363341,39.1477430121
387535,387535,22.3693136049,114.1144853698,35.4077650649
387536,387536,22.3693312168,114.1144529729,26.2998600746
387537,387537,22.3692995632,114.1147307209,149.1060586673
387538,387538,-nan,-nan,-6292741.6544055268
387539,387539,-nan,-nan,-6292741.6544055268
387540,387540,-nan,-nan,-6292741.6544055268
387541,387541,-nan,-nan,-6292741.6544055268
387542,387542,-nan,-nan,-6292741.6544055268
387543,387543,-nan,-nan,-6292741.6544055268
387544,387544,-nan,-nan,-6292741.6544055268
387545,387545,-nan,-nan,-6292741.6544055268
387546,387546,-nan,-nan,-6292741.6544055268
387547,387547,-nan,-nan,-6292741.6544055268
387548,387548,-nan,-nan,-6292741.6544055268
387549,387549,-nan,-nan,-6292741.6544055268
387550,387550,-nan,-nan,-6292741.6544055268
387551,387551,22.3694300209,114.1142637155,-1.9806566725
387552,387552,-nan,-nan,-6292741.6544055268
387553,387553,-nan,-nan,-6292741.6544055268
387554,387554,-nan,-nan,-6292741.6544055268
387555,387555,-nan,-nan,-6292741.6544055268
387556,387556,22.3694727559,114.1144247957,158.4996184379
387557,387557,22.3694579764,114.1148207659,347.9683504508
387558,387558,22.3695441337,114.1143728066,71.8317171945
387559,387559,22.3694239454,114.1147568159,331.3130036618
387560,387560,22.3694203840,114.1146749927,294.2067639400
387561,387561,22.3694394645,114.1144023228,178.9731076858
387562,387562,22.3695318316,114.1142598581,43.3609937954
387563,387563,22.3695173595,114.1143212074,56.9454249099
387564,387564,22.3695295271,114.1143044661,51.2448551882
387565,387565,22.3695434831,114.1142750325,43.4157074212
387566,387566,22.3695766681,114.1140944008,-56.0003808338
387567,387567,22.3695893286,114.1144292269,162.5033929782
387568,387568,22.3695216559,114.1144788328,192.5479375614
387569,387569,22.3695438586,114.1148587069,391.1900985785
387570,387570,22.3695632167,114.1142688134,57.4033557497
387571,387571,22.3695966553,114.1143278744,74.7396548981
387572,387572,22.3695671375,114.1145126003,202.0050653816
387573,387573,22.3695381478,114.1144723140,155.1956767425
387574,387574,22.3695534482,114.1145181736,201.8110996283
387575,387575,22.3695741990,114.1143631620,79.5795005813
387576,387576,22.3694773901,114.1143123695,109.9231455939
387577,387577,-nan,-nan,-nan
387578,387578,22.3694440008,114.1145966104,224.3811851783
387579,387579,22.3695498097,114.1143978531,117.0849990202
387580,387580,-nan,-nan,-nan
387581,387581,22.3694323572,114.1145935021,281.2955634737
387582,387582,22.3693460557,114.1143270897,39.0954533659
387583,387583,22.3693906102,114.1145944224,270.5541948781
387584,387584,22.3693799743,114.1146277559,284.0117074831
387585,387585,22.3694703677,114.1145397418,191.3861638091
387586,387586,22.3695209412,114.1145450913,219.7396042234
387587,387587,22.3695350698,114.1144175448,145.8879089965
387588,387588,22.3695378811,114.1144619221,182.8177158597
387589,387589,22.3695393116,114.1145251709,229.8901493476
387590,387590,22.3695305716,114.1146092317,283.4770383842
387591,387591,22.3695261565,114.1145621947,276.3100827888
387592,387592,22.3694463841,114.1141925440,-49.5831380074
387593,387593,22.3694608231,114.1145128850,254.0447200853
387594,387594,22.3694456737,114.1146173646,280.2041407197
387595,387595,22.3693829920,114.1147504374,381.3670871935
387596,387596,22.3693478229,114.1147332066,398.3747478879
387597,387597,22.3692280936,114.1151770969,572.2208871053
387598,387598,22.3694490019,114.1142422228,81.3140146103
387599,387599,22.3690105975,114.1151321572,697.6444646587
387600,387600,22.3695103027,114.1141906762,53.2652298641
387601,387601,22.3695067286,114.1140759947,5.0018105451
387602,387602,22.3695747493,114.1140979552,-17.2250118966
387603,387603,22.3695916108,114.1140617958,-30.6355767244
387604,387604,22.3695609265,114.1141186647,4.6039123773
387605,387605,22.3695494979,114.1141240562,-0.1740826242
387606,387606,22.3695188099,114.1141626526,22.4154909958
387607,387607,22.3694910788,114.1141781265,54.2172644885
387608,387608,22.3694712029,114.1141617131,45.9623510558
387609,387609,22.3694688742,114.1141856894,47.2340602323
387610,387610,22.3694643587,114.1142011740,52.2712871020
387611,387611,22.3694766627,114.1142216753,53.7526898317
387612,387612,22.3694545547,114.1142817460,81.9948237214
387613,387613,22.3694899293,114.1142164548,57.8659645877
387614,387614,22.3694597938,114.1142715820,96.7908127153
387615,387615,22.3694879800,114.1142307786,73.7013418845
387616,387616,22.3694165485,114.1143631752,154.0751864657
387617,387617,22.3694423958,114.1143657005,150.8153033717
387618,387618,22.3694444781,114.1142873160,88.3399268289
387619,387619,22.3693787312,114.1145459862,266.3334379610
387620,387620,22.3694707630,114.1143695482,142.3741083736
387621,387621,22.3694745536,114.1143505858,130.4622407056
387622,387622,22.3694562771,114.1143734698,138.4318828526
387623,387623,22.3694166946,114.1143979384,181.2280199460
387624,387624,22.3694363198,114.1145085653,231.4911026174
387625,387625,22.3694537608,114.1145973127,277.5689722891
387626,387626,22.3693098129,114.1148493631,440.6939988575
387627,387627,22.3694864940,114.1143933235,144.4336993787
387628,387628,22.3694606104,114.1143950133,159.1085522833
387629,387629,22.3692813016,114.1147372972,395.8598817310
387630,387630,22.3694482771,114.1143374193,105.5956343784
387631,387631,22.3695890902,114.1141497684,-13.5951585104
387632,387632,22.3695794846,114.1141741531,-3.4496598206
387633,387633,22.3695047518,114.1140027659,-37.1125659621
387634,387634,22.3695320214,114.1141004599,-7.5158711026
387635,387635,22.3695318634,114.1141850061,27.0057532034
387636,387636,22.3695078920,114.1142304293,54.8458987691
387637,387637,22.3695416527,114.1142365178,50.9654013835
387638,387638,22.3695295915,114.1143535761,98.1528226928
387639,387639,22.3695945941,114.1143853534,80.4796005621
387640,387640,22.3695664322,114.1143654306,79.7894949302
387641,387641,22.3695609702,114.1143626796,75.5970247088
387642,387642,22.3695654495,114.1144927210,139.9806640016
387643,387643,22.3696214393,114.1145442541,158.3829868880
387644,387644,22.3695416721,114.1146353883,189.3384230421
387645,387645,22.3695735979,114.1145941739,232.7475889393
387646,387646,22.3695736440,114.1143039927,130.5467208667
387647,387647,22.3696142227,114.1141153152,-19.2613755571
387648,387648,22.3696371033,114.1144359701,211.9727365720
387649,387649,22.3696471872,114.1144777374,226.2095074958
387650,387650,22.3696297576,114.1144660029,224.4822060963
387651,387651,22.3696250447,114.1141530777,-18.5770258596
387652,387652,22.3693301837,114.1146009536,317.3428379982
387653,387653,22.3696473060,114.1140917272,-59.0105162295
387654,387654,22.3696463393,114.1144753376,228.8807773978
387655,387655,22.3696846884,114.1152374088,855.1450687189
387656,387656,22.3694397246,114.1148625064,261.8581680774
387657,387657,-nan,-nan,-6292741.6544055268
387658,387658,22.3694881646,114.1143762294,108.7407961061
387659,387659,22.3694351919,114.1144732943,144.8434566636
387660,387660,22.3694595562,114.1145208071,144.9624454407
387661,387661,22.3694790382,114.1143446219,70.5981045559
387662,387662,22.3694542217,114.1146596866,231.6182113367
387663,387663,22.3694427748,114.1143747393,116.6052603006
387664,387664,22.3694735429,114.1143211000,76.4070724534
387665,387665,22.3694760159,114.1142825469,67.4702895614
387666,387666,22.3694584729,114.1146685381,260.7846583309
387667,387667,22.3694497690,114.1143515831,99.8957375442
387668,387668,22.3693877888,114.1146219385,224.5712723801
387669,387669,22.3693604008,114.1144552608,174.1167125410
387670,387670,22.3694239696,114.1144175713,100.3106582330
387671,387671,22.3694239388,114.1146011316,211.9612486620
387672,387672,22.3694392006,114.1146573627,239.8108810749
387673,387673,22.3694739114,114.1144668025,186.2853662621
387674,387674,22.3694854819,114.1143104224,104.4487656301
387675,387675,22.3695017637,114.1142931850,89.8885001908
387676,387676,22.3694847607,114.1143476801,104.1989129902
387677,387677,22.3695413961,114.1142726310,65.6906383372
387678,387678,22.3695318656,114.1142956109,43.1317274670
387679,387679,22.3695462364,114.1143013614,43.7182494410
387680,387680,22.3696523645,114.1141573685,-48.6618784902
387681,387681,22.3693491620,114.1145211102,215.1647320788
387682,387682,22.3694893957,114.1142688705,57.2563489660
387683,387683,22.3695114979,114.1141533494,18.1442093059
387684,387684,22.3695488027,114.1141373869,6.8130654683
387685,387685,22.3695468288,114.1142762244,36.3909141153
387686,387686,22.3695391617,114.1143550000,82.3909653852
387687,387687,22.3694112238,114.1146529042,196.5676598728
387688,387688,22.3695524669,114.1142253058,68.9476218187
387689,387689,22.3695039915,114.1145466011,215.4422989787
387690,387690,22.3695220916,114.1146226519,249.3241775375
387691,387691,22.3695392051,114.1143539923,86.4160325739
387692,387692,22.3695935034,114.1143875441,137.9015704157
387693,387693,22.3695396433,114.1146859351,323.1615663041
387694,387694,22.3695825428,114.1145272063,222.3299556353
387695,387695,22.3695680178,114.1146195450,265.6062357296
387696,387696,-nan,-nan,-6292741.6544055268
387697,387697,22.3693301789,114.1144031594,166.3329864342
387698,387698,22.3694171286,114.1144374581,198.7655596987
387699,387699,22.3694909633,114.1143921896,136.4115426512
387700,387700,22.3694999578,114.1142995904,78.7898728211
387701,387701,22.3694446986,114.1143936243,138.4889379656
387702,387702,22.3694325129,114.1144369367,187.7060517025
387703,387703,22.3694551472,114.1143174735,112.4379602114
387704,387704,22.3694414426,114.1144375380,151.2498388461
387705,387705,22.3694348784,114.1145646378,195.9843591451
387706,387706,22.3694063510,114.1147717821,247.1182631638
387707,387707,22.3694535377,114.1149274059,388.3264274203
387708,387708,22.3694838109,114.1147943247,374.8618984414
387709,387709,-nan,-nan,-6292741.6544055268
387710,387710,22.3694725891,114.1143832736,98.2569048272
387711,387711,22.3694908747,114.1143855936,94.1764739910
387712,387712,22.3693242915,114.1146162584,334.3717173580
387713,387713,22.3693218105,114.1149618219,413.1043225324
387714,387714,22.3694580503,114.1144260789,180.7113346849
387715,387715,22.3694327890,114.1143560142,162.4031746956
387716,387716,22.3693230364,114.1151366274,439.5054546101
387717,387717,22.3693709157,114.1148628044,282.8629273458
387718,387718,22.3694156459,114.1147750121,249.4149612169
387719,387719,22.3693556752,114.1148268376,360.1923667484
387720,387720,22.3693596734,114.1148513439,366.8533716624
387721,387721,22.3694208487,114.1144584967,191.7548744211
387722,387722,-nan,-nan,-nan
387723,387723,22.3693461024,114.1146424924,302.6043836492
387724,387724,22.3694969926,114.1143319881,77.2628021933
387725,387725,22.3694659208,114.1143014733,70.2310751470
387726,387726,22.3694515288,114.1143816076,100.5788071228
387727,387727,22.3694706230,114.1143175073,101.8389331186
387728,387728,22.3694717753,114.1142005039,68.7740863287
387729,387729,22.3695165494,114.1141926510,63.8405911215
387730,387730,22.3694592589,114.1143041262,116.5895944056
387731,387731,22.3694554688,114.1143353935,122.2043487865
387732,387732,22.3694284817,114.1143266254,132.7675797170
387733,387733,22.3694411968,114.1142616624,109.2695219466
387734,387734,22.3693987850,114.1141694497,54.8943111852
387735,387735,22.3694581838,114.1141605650,30.0520097497
387736,387736,22.3694529974,114.1142431575,67.7974855022
387737,387737,22.3694652440,114.1143900212,138.1049673376
387738,387738,22.3694599287,114.1142931776,108.0765274661
387739,387739,22.3693093304,114.1146307872,334.4565633735
387740,387740,22.3693888140,114.1144587186,181.9475278418
387741,387741,22.3694034751,114.1145421331,159.1427452843
387742,387742,22.3694014288,114.1145229497,169.5591574017
387743,387743,22.3694431559,114.1143299410,115.8855504706
387744,387744,22.3693216817,114.1148567690,368.7198740943
387745,387745,22.3693441964,114.1147541458,337.2403683422
387746,387746,22.3693850684,114.1146645214,315.8092322340
387747,387747,22.3693900012,114.1146946058,321.7664894266
387748,387748,22.3694897085,114.1143810626,124.4554091144
387749,387749,22.3693914795,114.1147504699,330.5744682165
387750,387750,22.3693697787,114.1147546030,335.8169463104
387751,387751,22.3693785095,114.1144809812,258.7193680091
387752,387752,22.3693818802,114.1145393135,283.1606118246
387753,387753,22.3693742733,114.1146365457,302.5817811704
387754,387754,22.3693625281,114.1147700763,344.2335766274
387755,387755,22.3693044862,114.1147447896,340.4818615255
387756,387756,22.3693706153,114.1147298452,327.9231288720
387757,387757,-nan,-nan,-nan
387758,387758,22.3695540137,114.1142649914,86.7940511138
387759,387759,22.3695281355,114.1141118071,40.4442751013
387760,387760,22.3694610030,114.1142798725,118.8710983166
387761,387761,22.3694386047,114.1143704799,138.3549799780
387762,387762,22.3694465769,114.1143513806,155.3891677618
387763,387763,22.3693291554,114.1146159745,327.1784655967
387764,387764,22.3693336495,114.1146313640,323.6233092471
387765,387765,22.3693451789,114.1145765661,323.9353522043
387766,387766,22.3693729455,114.1146136976,321.2182199686
387767,387767,22.3694769512,114.1143050189,114.7041321182
387768,387768,22.3695348356,114.1140380086,30.4723986460
387769,387769,22.3692993229,114.1146966022,347.8311794100
387770,387770,22.3692684672,114.1147047347,345.2361911256
387771,387771,22.3694804313,114.1141818125,71.7178242398
387772,387772,22.3692914394,114.1145590923,298.1693450030
387773,387773,22.3693471653,114.1146521733,311.5767809304
387774,387774,22.3694648278,114.1142934487,108.1113488280
387775,387775,22.3695032953,114.1142181478,79.2529218297
387776,387776,22.3695884161,114.1140515240,-30.9505061216
387777,387777,-nan,-nan,-6292741.6544055268
387778,387778,22.3694014572,114.1145171445,174.7588995430
387779,387779,-nan,-nan,-6292741.6544055268
387780,387780,22.3694294782,114.1143961282,86.5505447824
387781,387781,22.3694581129,114.1143569583,67.4403223351
387782,387782,22.3697382264,114.1140816780,2.6252580407
387783,387783,22.3695456081,114.1142467423,64.9811392545
387784,387784,-nan,-nan,-6292741.6544055268
387785,387785,-nan,-nan,-6292741.6544055268
387786,387786,22.3692523862,114.1148434428,357.0285872361
387787,387787,-nan,-nan,-6292741.6544055268
387788,387788,-nan,-nan,-6292741.6544055268
387789,387789,-nan,-nan,-6292741.6544055268
387790,387790,-nan,-nan,-6292741.6544055268
387791,387791,22.3693866597,114.1147721151,240.0602088431
387792,387792,-nan,-nan,-6292741.6544055268
387793,387793,-nan,-nan,-6292741.6544055268
387794,387794,-nan,-nan,-6292741.6544055268
387795,387795,22.3693506044,114.1148205943,284.6758428172
387796,387796,-nan,-nan,-6292741.6544055268
387797,387797,-nan,-nan,-6292741.6544055268
387798,387798,22.3693014716,114.1148513236,298.1278212635
387799,387799,22.3692990508,114.1148482668,297.8980558439
387800,387800,22.3695117850,114.1145435532,181.3711391187
387801,387801,22.3696204144,114.1147053865,186.3125128069
387802,387802,22.3697738663,114.1149203031,194.4552316929
387803,387803,-nan,-nan,-6292741.6544055268
387804,387804,-nan,-nan,-6292741.6544055268
387805,387805,-nan,-nan,-6292741.6544055268
387806,387806,-nan,-nan,-6292741.6544055268
387807,387807,-nan,-nan,-6292741.6544055268
387808,387808,-nan,-nan,-6292741.6544055268
387809,387809,-nan,-nan,-6292741.6544055268
387810,387810,-nan,-nan,-6292741.6544055268
387811,387811,-nan,-nan,-6292741.6544055268
387812,387812,-nan,-nan,-6292741.6544055268
387813,387813,-nan,-nan,-6292741.6544055268
387814,387814,22.3692917088,114.1146917789,-4.8885201453
387815,387815,22.3692893694,114.1146933858,-7.7714087297
387816,387816,22.3692917438,114.1147329936,7.6693825449
387817,387817,-nan,-nan,-6292741.6544055268
387818,387818,22.3688699520,114.1149893914,-129.6416821336
387819,387819,22.3689600152,114.1149775533,-97.3946932636
387820,387820,22.3691405842,114.1149223599,-32.3190456418
387821,387821,22.3692478918,114.1148489684,-5.6670124338
387822,387822,22.3689722212,114.1149924053,-115.4901620867
387823,387823,22.3687305268,114.1150730943,-214.6626646741
387824,387824,22.3687446720,114.1151399052,-209.9249410813
387825,387825,22.3693234853,114.1148700441,2.2513510184
387826,387826,22.3695214406,114.1149190799,59.9102092776
387827,387827,-nan,-nan,-6292741.6544055268
387828,387828,22.3693450755,114.1149095080,23.8624299038
387829,387829,22.3693809757,114.1150567446,-36.6340173001
387830,387830,22.3693994214,114.1150599776,-24.4497636738
387831,387831,22.3693213293,114.1149275310,15.1168643779
387832,387832,-nan,-nan,-6292741.6544055268
387833,387833,-nan,-nan,-6292741.6544055268
387834,387834,22.3691201985,114.1148784860,-43.1910325489
387835,387835,22.3691232049,114.1149180718,-36.9718788296
387836,387836,-nan,-nan,-6292741.6544055268
387837,387837,22.3692658929,114.1150284504,54.3540916793
387838,387838,-nan,-nan,-6292741.6544055268
387839,387839,22.3691436998,114.1150373618,35.7897182360
387840,387840,22.3693374246,114.1153784727,449.6332542474
387841,387841,-nan,-nan,-6292741.6544055268
387842,387842,-nan,-nan,-6292741.6544055268
387843,387843,-nan,-nan,-6292741.6544055268
387844,387844,22.3691416311,114.1151395694,37.0108387622
387845,387845,22.3691457831,114.1151061773,28.5943274770
387846,387846,22.3691590444,114.1151380909,42.3543558097
387847,387847,-nan,-nan,-6292741.6544055268
387848,387848,-nan,-nan,-6292741.6544055268
387849,387849,-nan,-nan,-6292741.6544055268
387850,387850,-nan,-nan,-6292741.6544055268
387851,387851,-nan,-nan,-6292741.6544055268
387852,387852,-nan,-nan,-6292741.6544055268
387853,387853,-nan,-nan,-6292741.6544055268
387854,387854,-nan,-nan,-6292741.6544055268
387855,387855,-nan,-nan,-6292741.6544055268
387856,387856,22.3681696941,114.1159377474,625.4496645402
387857,387857,-nan,-nan,-6292741.6544055268
387858,387858,-nan,-nan,-6292741.6544055268
387859,387859,-nan,-nan,-6292741.6544055268
387860,387860,-nan,-nan,-6292741.6544055268
387861,387861,-nan,-nan,-6292741.6544055268
387862,387862,22.3695645611,114.1159711226,658.8865185013
387863,387863,22.3690191273,114.1159082311,666.3733329269
387864,387864,22.3690511358,114.1159394382,674.2191458715
387865,387865,22.3690890626,114.1154452624,245.5730914109
387866,387866,22.3690899917,114.1154673473,216.5857949254
387867,387867,-nan,-nan,-6292741.6544055268
387868,387868,22.3691453905,114.1153068534,182.9349826440
387869,387869,22.3691286919,114.1152728441,133.6882528379
387870,387870,22.3691353433,114.1152861254,136.6319297963
387871,387871,22.3690926422,114.1153142165,91.9389834270
387872,387872,22.3690912476,114.1153029579,81.3340730553
387873,387873,-19.4971117645,-38.6723255664,-3396761.4863085886
387874,387874,-19.5203771726,-38.8312836636,-3368840.5444256598
387875,387875,-19.5430793900,-38.9871602496,-3340944.9184176102
387876,387876,22.3690624921,114.1162612140,812.6181116254
387877,387877,-19.5866672490,-39.2912897966,-3284885.6210669689
387878,387878,-nan,-nan,-6292741.6544055268
387879,387879,22.3692171355,114.1163554591,822.8062022021
387880,387880,-nan,-nan,-6292741.6544055268
387881,387881,-nan,-nan,-6292741.6544055268
387882,387882,-nan,-nan,-6292741.6544055268
387883,387883,-nan,-nan,-6292741.6544055268
387884,387884,-nan,-nan,-6292741.6544055268
387885,387885,-nan,-nan,-6292741.6544055268
387886,387886,-nan,-nan,-6292741.6544055268
387887,387887,-nan,-nan,-6292741.6544055268
387888,387888,-nan,-nan,-6292741.6544055268
387889,387889,-nan,-nan,-6292741.6544055268
387890,387890,-nan,-nan,-6292741.6544055268
387891,387891,-nan,-nan,-6292741.6544055268
387892,387892,-nan,-nan,-6292741.6544055268
387893,387893,-nan,-nan,-6292741.6544055268
387896,387896,-nan,-nan,-6292741.6544055268
387898,387898,-nan,-nan,-6292741.6544055268
387899,387899,-nan,-nan,-6292741.6544055268
387901,387901,-nan,-nan,-6292741.6544055268
387902,387902,-nan,-nan,-6292741.6544055268
387903,387903,-nan,-nan,-6292741.6544055268
387904,387904,-nan,-nan,-6292741.6544055268
387905,387905,-nan,-nan,-6292741.6544055268
387906,387906,-nan,-nan,-6292741.6544055268
387907,387907,-nan,-nan,-6292741.6544055268
387908,387908,-nan,-nan,-6292741.6544055268
387909,387909,-nan,-nan,-6292741.6544055268
387910,387910,-nan,-nan,-6292741.6544055268
387911,387911,-nan,-nan,-6292741.6544055268
387912,387912,-nan,-nan,-6292741.6544055268
387913,387913,-nan,-nan,-6292741.6544055268
387914,387914,-nan,-nan,-6292741.6544055268
387915,387915,-nan,-nan,-6292741.6544055268
387916,387916,-nan,-nan,-6292741.6544055268
387917,387917,-nan,-nan,-6292741.6544055268
387918,387918,-nan,-nan,-6292741.6544055268
387919,387919,-nan,-nan,-6292741.6544055268
387920,387920,-nan,-nan,-6292741.6544055268
387921,387921,-nan,-nan,-6292741.6544055268
387922,387922,-nan,-nan,-6292741.6544055268
387923,387923,-nan,-nan,-6292741.6544055268
387924,387924,-nan,-nan,-6292741.6544055268
387925,387925,-nan,-nan,-6292741.6544055268
387926,387926,-nan,-nan,-6292741.6544055268
387927,387927,-nan,-nan,-6292741.6544055268
387928,387928,-nan,-nan,-6292741.6544055268
387929,387929,-nan,-nan,-6292741.6544055268
387930,387930,-nan,-nan,-6292741.6544055268
387931,387931,-nan,-nan,-6292741.6544055268
387932,387932,-nan,-nan,-6292741.6544055268
387933,387933,-nan,-nan,-6292741.6544055268
387934,387934,-nan,-nan,-6292741.6544055268
387935,387935,-nan,-nan,-6292741.6544055268
387936,387936,-nan,-nan,-6292741.6544055268
387937,387937,-nan,-nan,-6292741.6544055268
387938,387938,-nan,-nan,-6292741.6544055268
387939,387939,-nan,-nan,-6292741.6544055268
387940,387940,-nan,-nan,-6292741.6544055268
387941,387941,-nan,-nan,-6292741.6544055268
387942,387942,-nan,-nan,-6292741.6544055268
387943,387943,-nan,-nan,-6292741.6544055268
387944,387944,-nan,-nan,-6292741.6544055268
387945,387945,-nan,-nan,-6292741.6544055268
387946,387946,-nan,-nan,-6292741.6544055268
387947,387947,-nan,-nan,-6292741.6544055268
387948,387948,-nan,-nan,-6292741.6544055268
387949,387949,-nan,-nan,-6292741.6544055268
387950,387950,-nan,-nan,-6292741.6544055268
387951,387951,-nan,-nan,-6292741.6544055268
387952,387952,-nan,-nan,-6292741.6544055268
387953,387953,-nan,-nan,-6292741.6544055268
387954,387954,22.3685181926,114.1155466975,-275.3858575419
387955,387955,22.3684001203,114.1158900943,-67.2927198601
387956,387956,22.3685254202,114.1158341338,-103.4988945266
387957,387957,22.3685052725,114.1158122460,-92.3811008204
387958,387958,22.3684849902,114.1160882660,64.9502150479
387959,387959,22.3685751672,114.1159627109,10.1093201205
387960,387960,22.3685017394,114.1159770758,22.6812315484
387961,387961,22.3684321668,114.1160128069,57.0967438999
387962,387962,22.3684669954,114.1160495656,41.9644356174
387963,387963,22.3684741400,114.1160581997,41.7331119447
387964,387964,22.3684861704,114.1159136332,-0.0194079587
387965,387965,22.3680973683,114.1159924353,34.1107244086
387966,387966,22.3685314580,114.1159925483,45.5435849543
387967,387967,22.3685086296,114.1160613634,23.0351856255
387968,387968,22.3684790967,114.1160062264,31.1165350487
387969,387969,22.3683948273,114.1160075733,29.7118227916
387970,387970,22.3683581430,114.1159766854,29.7673871924
387971,387971,22.3683496213,114.1159879292,40.0745873561
387972,387972,22.3683842867,114.1160069676,24.1376645719
387973,387973,22.3683794484,114.1159907526,30.5537669700
387974,387974,22.3683270945,114.1159675389,34.9911020463
387975,387975,22.3685257993,114.1160850096,10.2575789765
387976,387976,22.3683333026,114.1159772516,22.5846409029
387977,387977,22.3683584404,114.1160015128,13.7318506604
387978,387978,22.3684511727,114.1160758963,-2.7395955963
387979,387979,22.3685362839,114.1160457728,7.9868111179
387980,387980,22.3683283646,114.1159807576,24.0167932490
387981,387981,22.3683838747,114.1160093414,17.1017514876
387982,387982,22.3683835198,114.1160125616,25.6030609673
387983,387983,22.3683504868,114.1159813018,33.3402712372
387984,387984,22.3684787680,114.1160168974,56.1649174722
387985,387985,22.3684850792,114.1160296931,47.0979454699
387986,387986,22.3684205023,114.1160153659,45.8039540088
387987,387987,22.3684521798,114.1160386272,36.2129492754
387988,387988,22.3684692241,114.1160345625,39.0080441514
387989,387989,22.3684753790,114.1160051168,40.1715703077
387990,387990,22.3684764392,114.1160153744,48.2015995154
387991,387991,22.3684722594,114.1160184598,68.6441046843
387992,387992,22.3684659950,114.1160378206,33.6103476329
387993,387993,22.3684274780,114.1161703975,91.6486080290
387994,387994,22.3685168958,114.1159091629,14.3284622193
387995,387995,22.3683107795,114.1162973940,200.7306827067
387996,387996,22.3684859349,114.1159958510,40.0820952653
387997,387997,22.3685099428,114.1160131256,39.6811619229
387998,387998,22.3685339348,114.1159778255,6.6382721688
387999,387999,22.3685201054,114.1160684076,19.3954052100
388000,388000,22.3685050083,114.1159958945,14.7656745718
388001,388001,22.3684557905,114.1161164794,67.4702306767
388002,388002,22.3685020015,114.1161218907,38.3619379716
388003,388003,22.3684923987,114.1161710670,45.6508446972
388004,388004,22.3685141639,114.1160033659,19.2724515349
388005,388005,22.3684653468,114.1160840435,56.6989224311
388006,388006,22.3684941676,114.1160720767,28.2312111986
388007,388007,22.3684542998,114.1162682642,79.1953082740
388008,388008,22.3684804107,114.1160430916,24.8604475455
388009,388009,22.3684570364,114.1160682279,36.1856224563
388010,388010,22.3683098835,114.1160267401,44.4297729577
388011,388011,22.3684527226,114.1160794444,38.6376297019
388012,388012,22.3684402009,114.1162451052,53.8678555863
388013,388013,22.3684676602,114.1160539176,49.1125867346
388014,388014,22.3684685390,114.1160404847,53.5245964018
388015,388015,22.3684730797,114.1160569316,43.5405924826
388016,388016,22.3684738416,114.1161312915,40.1137333742
388017,388017,22.3682987411,114.1161041245,40.4912871970
388018,388018,22.3684939229,114.1162167696,13.7064139005
388019,388019,22.3681694877,114.1160580636,50.1163291608
388020,388020,22.3684126883,114.1161693852,55.1064470973
388021,388021,22.3684508972,114.1161227361,43.8199064413
388022,388022,22.3684733010,114.1160712339,60.5155030310
388023,388023,22.3684865842,114.1161113126,40.1999650393
388024,388024,22.3684611399,114.1160500569,69.0017234132
388025,388025,22.3684693870,114.1160388741,71.4627799531
388026,388026,22.3684659905,114.1160422854,68.3952313431
388027,388027,22.3684720290,114.1160524161,68.0391754563
388028,388028,22.3684863462,114.1160378320,61.4630283461
388029,388029,22.3684892407,114.1160834310,42.0172612792
388030,388030,22.3684793110,114.1160169175,51.6484943178
388031,388031,22.3684845431,114.1160111478,50.2567329807
388032,388032,22.3684993512,114.1160193781,62.2828840629
388033,388033,22.3684699520,114.1161382833,82.4228600316
388034,388034,22.3685446269,114.1160035137,55.1800779823
388035,388035,22.3685029894,114.1161731752,92.2694248270
388036,388036,22.3684992155,114.1160310849,69.0382294689
388037,388037,22.3683714537,114.1162881782,198.8780606412
388038,388038,22.3685133167,114.1160288728,62.3397910657
388039,388039,22.3685697447,114.1159868616,29.5367803407
388040,388040,22.3683099476,114.1163929107,241.9006183418
388041,388041,22.3684749433,114.1162288400,108.2140192635
388042,388042,22.3685710089,114.1160134525,31.1575322094
388043,388043,22.3685356343,114.1160300145,33.0790784670
388044,388044,22.3684615397,114.1160825680,56.7125651022
388045,388045,22.3683018307,114.1163651200,232.5553701865
388046,388046,22.3685170156,114.1160473269,29.3515986751
388047,388047,22.3685049365,114.1160256082,26.2096804908
388048,388048,22.3685195049,114.1159771078,10.3219222959
388049,388049,22.3685108492,114.1160506554,11.2817656085
388050,388050,22.3684405176,114.1160663212,57.0482854824
388051,388051,22.3683886346,114.1161377140,100.9412887297
388052,388052,22.3684978142,114.1159609219,18.7411849645
388053,388053,22.3684342105,114.1160572199,72.4340690881
388054,388054,22.3684270658,114.1160999954,77.9610198325
388055,388055,22.3684676285,114.1160223147,46.3760171987
388056,388056,22.3684544268,114.1160617459,60.8002448776
388057,388057,22.3684517857,114.1160586018,73.1584178603
388058,388058,22.3684429498,114.1160062551,70.1662459283
388059,388059,22.3684980591,114.1160361606,41.7729775640
388060,388060,22.3684304960,114.1160290959,61.9833085478
388061,388061,22.3684759038,114.1160243326,43.4338202878
388062,388062,22.3682918701,114.1163415323,235.8856445748
388063,388063,22.3684415098,114.1160506312,73.0246300106
388064,388064,22.3684120819,114.1160968287,96.7281031471
388065,388065,22.3684454291,114.1160441521,67.5396965188
388066,388066,22.3684527128,114.1160364960,69.0114531205
388067,388067,22.3684636850,114.1159823600,52.1820160018
388068,388068,22.3684618244,114.1160027959,60.3037064491
388069,388069,22.3684652467,114.1160494106,68.8093435585
388070,388070,22.3684228263,114.1159933039,51.9595173488
388071,388071,22.3684976122,114.1159945446,52.2309028473
388072,388072,22.3685059277,114.1160087435,56.1187913499
388073,388073,22.3682726179,114.1159487352,40.0226205449
388074,388074,22.3684745757,114.1160609018,21.2008730672
388075,388075,22.3685025522,114.1160583299,34.1135164438
388076,388076,22.3683077054,114.1160833809,17.4582827582
388077,388077,22.3685209619,114.1160722118,37.0311624486
388078,388078,22.3685187921,114.1160875179,30.5966547026
388079,388079,22.3685157612,114.1161393606,33.7595577061
388080,388080,22.3685363862,114.1161000744,25.0976490188
388081,388081,22.3685340352,114.1160508053,40.1320992739
388082,388082,22.3685017748,114.1160696926,42.1667524488
388083,388083,22.3684219721,114.1160397955,48.2298819436
388084,388084,22.3684258120,114.1162278524,85.4510093316
388085,388085,22.3684081758,114.1161757804,59.9829978187
388086,388086,22.3684367004,114.1160846708,24.8771248686
388087,388087,22.3684698707,114.1161038568,11.0223456177
388088,388088,22.3684973243,114.1160075246,41.7160567160
388089,388089,22.3681933927,114.1159913121,24.7640775629
388090,388090,22.3684110786,114.1161470983,75.0812428532
388091,388091,22.3684488875,114.1160249634,72.7778525592
388092,388092,22.3684654019,114.1159707586,57.1114784199
388093,388093,22.3684145521,114.1160638159,74.3091000132
388094,388094,22.3684579013,114.1159110627,51.5192993466
388095,388095,22.3684355719,114.1161222170,47.3753110381
388096,388096,22.3684651928,114.1160578756,22.2074806735
388097,388097,22.3685243964,114.1160067763,43.0550922592
388098,388098,22.3684923455,114.1159997970,42.6264903634
388099,388099,22.3684837007,114.1159873212,47.9592747511
388100,388100,22.3685733111,114.1159652615,81.1922025536
388101,388101,22.3685306418,114.1160385444,57.9398235571
388102,388102,22.3685443069,114.1160040480,47.0900689656
388103,388103,22.3685615701,114.1159601308,62.4420677638
388104,388104,22.3685143511,114.1160799344,47.4228661647
388105,388105,22.3685055136,114.1160785818,49.5364218808
388106,388106,22.3684708614,114.1161165920,78.9066134069
388107,388107,22.3685256682,114.1158235650,19.9494409874
388108,388108,22.3685026104,114.1160410946,46.1754166911
388109,388109,-nan,-nan,-nan
388110,388110,22.3685316001,114.1158031453,26.8765171775
388111,388111,22.3684976458,114.1159584988,10.3092426798
388112,388112,22.3685461721,114.1159141082,-15.2615705991
388113,388113,22.3685615087,114.1159299353,-12.5671243275
388114,388114,22.3685441994,114.1158906139,-17.5851996816
388115,388115,22.3684872560,114.1159137901,11.9137697335
388116,388116,22.3685116284,114.1159324638,27.6981408101
388117,388117,22.3684850639,114.1159554993,30.3481844962
388118,388118,22.3684871188,114.1159424963,35.2105376957
388119,388119,22.3684492703,114.1159955769,77.5471122391
388120,388120,22.3684329158,114.1159930182,56.9329419398
388121,388121,22.3684766445,114.1160279693,48.7947426817
388122,388122,22.3685161682,114.1160649508,58.8035074643
388123,388123,22.3684847781,114.1160482593,62.4441485683
388124,388124,22.3685267261,114.1159721314,74.2427104773
388125,388125,22.3684890644,114.1160224903,66.0180996030
388126,388126,22.3684694305,114.1160150454,63.0584641799
388127,388127,22.3685124080,114.1159460902,28.9863475723
388128,388128,22.3684689416,114.1159930076,64.2663382371
388129,388129,22.3684364071,114.1159967534,60.9698832066
388130,388130,22.3684918382,114.1160200835,58.4182745917
388131,388131,22.3684821485,114.1160345778,43.2155781401
388132,388132,22.3684359747,114.1160156296,48.5950667788
388133,388133,22.3683816099,114.1159612635,51.5585685619
388134,388134,22.3685163525,114.1160703024,23.8986451148
388135,388135,22.3685120007,114.1161662460,34.8935174383
388136,388136,22.3685367878,114.1161265373,31.3898705997
388137,388137,22.3685581874,114.1161495014,18.3973445839
388138,388138,-nan,-nan,-6292741.6544055268
388139,388139,-nan,-nan,-6292741.6544055268
388140,388140,-nan,-nan,-6292741.6544055268
388141,388141,-nan,-nan,-6292741.6544055268
388142,388142,-nan,-nan,-6292741.6544055268
388143,388143,-nan,-nan,-6292741.6544055268
388144,388144,-nan,-nan,-6292741.6544055268
388145,388145,22.3688214034,114.1156045974,-120.5333832312
388146,388146,-nan,-nan,-6292741.6544055268
388147,388147,-nan,-nan,-6292741.6544055268
388148,388148,22.3684553883,114.1160736410,5.0438841231
388149,388149,22.3686086919,114.1160015138,57.3713012319
388150,388150,-nan,-nan,-6292741.6544055268
388151,388151,22.3681205726,114.1159707356,8.8210360734
388152,388152,-nan,-nan,-6292741.6544055268
388153,388153,-nan,-nan,-6292741.6544055268
388154,388154,22.3692272614,114.1159683452,106.7349007755
388155,388155,-nan,-nan,-6292741.6544055268
388156,388156,22.3669232258,114.1143089548,-852.4177020530
388157,388157,-nan,-nan,-6292741.6544055268
388158,388158,22.3688136515,114.1158562745,70.6993661607
388159,388159,22.3688543733,114.1158925379,79.7523416179
388160,388160,-nan,-nan,-6292741.6544055268
388161,388161,-nan,-nan,-6292741.6544055268
388162,388162,-nan,-nan,-6292741.6544055268
388163,388163,-nan,-nan,-6292741.6544055268
388164,388164,-nan,-nan,-6292741.6544055268
388165,388165,-nan,-nan,-6292741.6544055268
388166,388166,22.3683805044,114.1154774475,-144.5485481173
388167,388167,-nan,-nan,-6292741.6544055268
388168,388168,-nan,-nan,-6292741.6544055268
388169,388169,-nan,-nan,-6292741.6544055268
388170,388170,-nan,-nan,-6292741.6544055268
388171,388171,-nan,-nan,-6292741.6544055268
388172,388172,-nan,-nan,-6292741.6544055268
388173,388173,-nan,-nan,-6292741.6544055268
388174,388174,-nan,-nan,-6292741.6544055268
388175,388175,-nan,-nan,-6292741.6544055268
388176,388176,-nan,-nan,-6292741.6544055268
388177,388177,-nan,-nan,-6292741.6544055268
388178,388178,-nan,-nan,-6292741.6544055268
388179,388179,-nan,-nan,-6292741.6544055268
388180,388180,-nan,-nan,-6292741.6544055268
388181,388181,-nan,-nan,-6292741.6544055268
388182,388182,-nan,-nan,-6292741.6544055268
388183,388183,-nan,-nan,-6292741.6544055268
388184,388184,-nan,-nan,-6292741.6544055268
388185,388185,-nan,-nan,-6292741.6544055268
388186,388186,-nan,-nan,-6292741.6544055268
388187,388187,-nan,-nan,-6292741.6544055268
388188,388188,-nan,-nan,-6292741.6544055268
388189,388189,-nan,-nan,-6292741.6544055268
388190,388190,-nan,-nan,-6292741.6544055268
388191,388191,-nan,-nan,-6292741.6544055268
388192,388192,-nan,-nan,-6292741.6544055268
388193,388193,-nan,-nan,-6292741.6544055268
388194,388194,-nan,-nan,-6292741.6544055268
388195,388195,-nan,-nan,-6292741.6544055268
388196,388196,-nan,-nan,-6292741.6544055268
388197,388197,-nan,-nan,-6292741.6544055268
388198,388198,-nan,-nan,-6292741.6544055268
388199,388199,-nan,-nan,-6292741.6544055268
388200,388200,-nan,-nan,-6292741.6544055268
388201,388201,-nan,-nan,-6292741.6544055268
388202,388202,-nan,-nan,-6292741.6544055268
388203,388203,-nan,-nan,-6292741.6544055268
388204,388204,-nan,-nan,-6292741.6544055268
388205,388205,-nan,-nan,-6292741.6544055268
388206,388206,-nan,-nan,-6292741.6544055268
388207,388207,-nan,-nan,-6292741.6544055268
388208,388208,-nan,-nan,-6292741.6544055268
388209,388209,-nan,-nan,-6292741.6544055268
388210,388210,-nan,-nan,-6292741.6544055268
388211,388211,-nan,-nan,-6292741.6544055268
388212,388212,-nan,-nan,-6292741.6544055268
388213,388213,-nan,-nan,-6292741.6544055268
388214,388214,-nan,-nan,-6292741.6544055268
388215,388215,-nan,-nan,-6292741.6544055268
388216,388216,22.3689384328,114.1151342114,11.0524418290
388217,388217,22.3689327376,114.1151409189,19.8768728167
388218,388218,-nan,-nan,-6292741.6544055268
388219,388219,-nan,-nan,-6292741.6544055268
388220,388220,-nan,-nan,-6292741.6544055268
388221,388221,-nan,-nan,-6292741.6544055268
388222,388222,22.3689336469,114.1151835040,48.5962436557
388223,388223,22.3689509616,114.1151647905,42.7494016384
388224,388224,22.3689295971,114.1152436929,58.1050581179
388225,388225,22.3689388242,114.1152293301,52.6263448421
388226,388226,22.3689445124,114.1153802538,93.1302729164
388227,388227,-nan,-nan,-6292741.6544055268
388228,388228,-nan,-nan,-6292741.6544055268
388229,388229,-nan,-nan,-6292741.6544055268
388230,388230,22.3689546800,114.1155099516,123.2990292427
388231,388231,-nan,-nan,-6292741.6544055268
388232,388232,-nan,-nan,-6292741.6544055268
388233,388233,22.3689221340,114.1153112646,65.3920512545
388234,388234,22.3689249860,114.1152699391,55.8750201273
388235,388235,22.3688357749,114.1151112750,11.8017213869
388236,388236,-nan,-nan,-6292741.6544055268
388237,388237,22.3689436826,114.1150835840,9.7932330062
388238,388238,22.3689851615,114.1151285048,27.4557215918
388239,388239,22.3690096835,114.1150783790,19.0566358313
388240,388240,-nan,-nan,-6292741.6544055268
388241,388241,-nan,-nan,-6292741.6544055268
388242,388242,-nan,-nan,-6292741.6544055268
388243,388243,-nan,-nan,-6292741.6544055268
388244,388244,-nan,-nan,-6292741.6544055268
388245,388245,-nan,-nan,-6292741.6544055268
388246,388246,-nan,-nan,-6292741.6544055268
388247,388247,-nan,-nan,-6292741.6544055268
388248,388248,-nan,-nan,-6292741.6544055268
388249,388249,-nan,-nan,-6292741.6544055268
388250,388250,-nan,-nan,-6292741.6544055268
388251,388251,-nan,-nan,-6292741.6544055268
388252,388252,22.3697076066,114.1155245968,147.4038764776
388253,388253,22.3697761483,114.1155985027,166.7353486369
388254,388254,22.3693493846,114.1150755516,53.3125196840
388255,388255,-nan,-nan,-6292741.6544055268
388256,388256,22.3693693348,114.1149990790,35.9278815401
388257,388257,22.3694887651,114.1150771849,101.5055143266
388258,388258,22.3694013926,114.1150489402,60.7235708168
388259,388259,22.3694240207,114.1150540275,64.9093254160
388260,388260,22.3694141781,114.1149724256,48.0705961388
388261,388261,22.3694937360,114.1149768436,94.6788958446
388262,388262,-nan,-nan,-6292741.6544055268
388263,388263,-nan,-nan,-6292741.6544055268
388264,388264,22.3694152683,114.1149602777,30.1946535801
388265,388265,22.3694245991,114.1149546189,37.9816708472
388266,388266,22.3694076396,114.1149490876,39.6093200919
388267,388267,22.3692514040,114.1146207942,28.3030787174
388268,388268,22.3692762555,114.1146434530,31.9683573650
388269,388269,22.3692663312,114.1146274895,34.3947551883
388270,388270,-nan,-nan,-6292741.6544055268
388271,388271,-nan,-nan,-6292741.6544055268
388272,388272,-nan,-nan,-6292741.6544055268
388273,388273,-nan,-nan,-6292741.6544055268
388274,388274,22.3695799934,114.1150515564,42.7150161966
388275,388275,22.3695038046,114.1149557293,48.4487862473
388276,388276,22.3692744313,114.1147588351,67.0779326522
388277,388277,22.3692807525,114.1147337587,62.8100481253
388278,388278,22.3692747685,114.1146713109,60.0175929033
388279,388279,22.3693411020,114.1147913233,70.4479075131
388280,388280,22.3693165339,114.1146656380,51.5890094589
388281,388281,22.3693183752,114.1145508350,33.5853818660
388282,388282,-nan,-nan,-6292741.6544055268
388283,388283,-nan,-nan,-6292741.6544055268
388284,388284,-nan,-nan,-6292741.6544055268
388285,388285,-nan,-nan,-6292741.6544055268
388286,388286,-nan,-nan,-6292741.6544055268
388287,388287,-nan,-nan,-6292741.6544055268
388288,388288,-nan,-nan,-6292741.6544055268
388289,388289,-nan,-nan,-6292741.6544055268
388290,388290,-nan,-nan,-6292741.6544055268
388291,388291,-nan,-nan,-6292741.6544055268
388292,388292,-nan,-nan,-6292741.6544055268
388293,388293,-nan,-nan,-6292741.6544055268
388294,388294,-nan,-nan,-6292741.6544055268
388295,388295,-nan,-nan,-6292741.6544055268
388296,388296,-nan,-nan,-6292741.6544055268
388297,388297,-nan,-nan,-6292741.6544055268
388298,388298,-nan,-nan,-6292741.6544055268
388299,388299,-nan,-nan,-6292741.6544055268
388300,388300,-nan,-nan,-6292741.6544055268
388301,388301,-nan,-nan,-6292741.6544055268
388302,388302,-nan,-nan,-6292741.6544055268
388303,388303,-nan,-nan,-6292741.6544055268
388304,388304,22.3693971369,114.1145535578,176.4461327943
388305,388305,-nan,-nan,-6292741.6544055268
388306,388306,22.3695412189,114.1139834274,-30.8592991031
388307,388307,22.3695137245,114.1144371319,283.2674820269
388308,388308,-nan,-nan,-nan
388309,388309,22.3695111830,114.1143320767,131.1951936493
388310,388310,22.3695557080,114.1142126420,63.9564412640
388311,388311,22.3695524785,114.1141024209,-26.0931992016
388312,388312,22.3695681337,114.1141886621,7.8770006381
388313,388313,22.3695021211,114.1147351745,375.9248672475
388314,388314,22.3695534695,114.1142385459,72.5389818860
388315,388315,-nan,-nan,-nan
388316,388316,22.3694789293,114.1143936396,102.2324102097
388317,388317,22.3692359571,114.1148102890,378.9256538289
388318,388318,22.3692550305,114.1147361685,363.1863446101
388319,388319,-nan,-nan,-6292741.6544055268
388320,388320,-nan,-nan,-6292741.6544055268
388321,388321,-nan,-nan,-6292741.6544055268
388322,388322,22.3692738615,114.1146665011,367.1793349489
388323,388323,22.3693414716,114.1147761380,421.1446268584
388324,388324,22.3692562319,114.1147566023,387.9630115228
388325,388325,22.3692755386,114.1147395007,366.4593702701
388326,388326,22.3693401169,114.1147694402,391.9979589195
388327,388327,22.3693386588,114.1148111083,389.3568028062
388328,388328,22.3693599162,114.1148476730,390.6652265832
388329,388329,22.3694801109,114.1149873980,420.9893139736
388330,388330,22.3693059665,114.1147566061,335.3392743613
388331,388331,22.3693055125,114.1147150897,329.4440798237
388332,388332,22.3692649739,114.1147318267,333.8757217489
388333,388333,22.3692667057,114.1147534429,335.1083050645
388334,388334,22.3692565224,114.1148806621,376.5359167679
388335,388335,22.3692916083,114.1149280460,382.8822107172
388336,388336,22.3694201765,114.1145558642,182.4451847530
388337,388337,22.3693908636,114.1150352876,441.5381786141
388338,388338,22.3695052493,114.1151629281,490.3549494014
388339,388339,22.3695681979,114.1147674346,420.3149577147
388340,388340,-nan,-nan,-6292741.6544055268
388341,388341,-nan,nan,-nan
388342,388342,-0.0141706765,-179.3353929534,111703060280170288607967187126829954835005321660906028627822624405566034244741821520811859104827020882739200.0000000000
388343,388343,-nan,-nan,-nan
388344,388344,22.3694125803,114.1138585722,-447.2525761719
