2158,117584,34.213630730,108.884570700,388.902,
2158,117585,34.213631040,108.884570100,388.874,
2158,117586,34.213631340,108.884569600,388.849,
2158,117587,34.213631600,108.884568900,388.821,
2158,117588,34.213631780,108.884568200,388.799,
2158,117589,34.213632100,108.884567800,388.765,
2158,117590,34.213632400,108.884567100,388.744,
2158,117591,34.213632570,108.884566700,388.715,
2158,117592,34.213632780,108.884566000,388.693,
2158,117593,34.213632910,108.884565500,388.668,
2158,117594,34.213633030,108.884565100,388.644,
2158,117595,34.213633110,108.884564600,388.618,
2158,117596,34.213633150,108.884564200,388.590,
2158,117597,34.213633210,108.884563700,388.564,
2158,117598,34.213633240,108.884563300,388.537,
2158,117599,34.213633240,108.884562900,388.510,
2158,117600,34.213633230,108.884562600,388.485,
2158,117601,34.213633200,108.884562300,388.458,
2158,117602,34.213633420,108.884561400,388.436,
2158,117603,34.213633290,108.884561400,388.413,
2158,117604,34.213633190,108.884561000,388.386,
2158,117605,34.213633160,108.884560600,388.358,
2158,117606,34.213632870,108.884560500,388.333,
2158,117607,34.213632940,108.884560000,388.318,
2158,117608,34.213632700,108.884559800,388.291,
2158,117609,34.213632700,108.884559500,388.262,
2158,117610,34.213632530,108.884560600,388.255,
2158,117611,34.213632770,108.884559200,388.228,
2158,117612,34.213633150,108.884558600,388.200,
2158,117613,34.213633330,108.884558100,388.180,
2158,117614,34.213633720,108.884557200,388.164,
2158,117615,34.213633990,108.884556800,388.144,
2158,117616,34.213634350,108.884556300,388.122,
2158,117617,34.213634490,108.884556000,388.099,
2158,117618,34.213634740,108.884555600,388.074,
2158,117619,34.213634920,108.884555200,388.049,
2158,117620,34.213635160,108.884554800,388.030,
2158,117621,34.213635300,108.884554400,388.008,
2158,117622,34.213635590,108.884553900,387.985,
2158,117623,34.213635740,108.884553500,387.961,
2158,117624,34.213635870,108.884553100,387.938,
2158,117625,34.213636030,108.884552700,387.918,
2158,117626,34.213636180,108.884552300,387.895,
2158,117627,34.213636250,108.884551800,387.870,
2158,117628,34.213636330,108.884551400,387.844,
2158,117629,34.213636390,108.884551000,387.821,
2158,117630,34.213636440,108.884550600,387.796,
2158,117631,34.213636430,108.884550300,387.771,
2158,117632,34.213636430,108.884549900,387.743,
2158,117633,34.213636530,108.884549400,387.733,
2158,117634,34.213636510,108.884549300,387.709,
2158,117635,34.213636490,108.884549000,387.680,
2158,117636,34.213636470,108.884548700,387.648,
2158,117637,34.213636490,108.884548400,387.618,
2158,117638,34.213636440,108.884548100,387.587,
2158,117639,34.213636410,108.884547800,387.555,
2158,117640,34.213636340,108.884547600,387.519,
2158,117641,34.213636230,108.884547400,387.482,
2158,117642,34.213636220,108.884547200,387.457,
2158,117643,34.213636380,108.884546900,387.425,
2158,117644,34.213636360,108.884546700,387.394,
2158,117645,34.213636410,108.884546400,387.365,
2158,117646,34.213636430,108.884546200,387.333,
2158,117647,34.213636450,108.884545900,387.304,
2158,117648,34.213636500,108.884545700,387.274,
2158,117649,34.213636540,108.884545400,387.243,
2158,117650,34.213636620,108.884545100,387.213,
2158,117651,34.213636710,108.884544900,387.186,
2158,117652,34.213636800,108.884544600,387.158,
2158,117653,34.213636840,108.884544400,387.129,
2158,117654,34.213636850,108.884544100,387.100,
2158,117655,34.213636900,108.884543800,387.071,
2158,117656,34.213636960,108.884543500,387.041,
2158,117657,34.213637080,108.884543300,387.016,
2158,117658,34.213637210,108.884543000,386.987,
2158,117659,34.213637270,108.884542700,386.957,
2158,117660,34.213637420,108.884542400,386.930,
2158,117661,34.213637630,108.884542100,386.904,
2158,117662,34.213637700,108.884541800,386.882,
2158,117663,34.213637790,108.884541600,386.859,
2158,117664,34.213637920,108.884541400,386.827,
2158,117665,34.213638110,108.884541100,386.790,
2158,117666,34.213638140,108.884540900,386.763,
2158,117667,34.213638280,108.884540600,386.735,
2158,117668,34.213638370,108.884540400,386.704,
2158,117669,34.213638510,108.884540100,386.673,
2158,117670,34.213638600,108.884539800,386.642,
2158,117671,34.213638730,108.884539500,386.614,
2158,117672,34.213638840,108.884539300,386.583,
2158,117673,34.213638960,108.884539000,386.550,
2158,117674,34.213639100,108.884538700,386.520,
2158,117675,34.213639250,108.884538500,386.490,
2158,117676,34.213639400,108.884538200,386.464,
2158,117677,34.213639630,108.884537900,386.434,
2158,117678,34.213639690,108.884537700,386.399,
2158,117679,34.213639890,108.884537400,386.368,
2158,117680,34.213640020,108.884537100,386.336,
2158,117681,34.213640120,108.884536800,386.300,
2158,117682,34.213640340,108.884536400,386.277,
2158,117683,34.213640660,108.884536100,386.259,
2158,117684,34.213640770,108.884535900,386.220,
2158,117685,34.213640820,108.884535600,386.182,
2158,117686,34.213640850,108.884535300,386.142,
2158,117687,34.213640870,108.884535000,386.105,
2158,117688,34.213640970,108.884534800,386.069,
2158,117689,34.213640970,108.884534600,386.026,
2158,117690,34.213641030,108.884534300,385.986,
2158,117691,34.213641120,108.884534000,385.944,
2158,117692,34.213641140,108.884533800,385.900,
2158,117693,34.213641080,108.884533500,385.855,
2158,117694,34.213641110,108.884533200,385.810,
2158,117695,34.213641140,108.884533000,385.762,
2158,117696,34.213640920,108.884532700,385.715,
2158,117697,34.213640940,108.884532400,385.671,
2158,117698,34.213640860,108.884532200,385.625,
2158,117699,34.213640810,108.884531900,385.575,
2158,117700,34.213640800,108.884531600,385.526,
2158,117701,34.213640780,108.884531300,385.479,
2158,117702,34.213640780,108.884531000,385.432,
2158,117703,34.213640770,108.884530800,385.384,
2158,117704,34.213640750,108.884530500,385.339,
2158,117705,34.213640730,108.884530300,385.291,
2158,117706,34.213640690,108.884530100,385.242,
2158,117707,34.213640620,108.884529900,385.196,
2158,117708,34.213640570,108.884529600,385.147,
2158,117709,34.213640530,108.884529400,385.100,
2158,117710,34.213640470,108.884529200,385.051,
2158,117711,34.213640390,108.884529000,385.002,
2158,117712,34.213640330,108.884528900,384.955,
2158,117713,34.213640290,108.884528700,384.908,
2158,117714,34.213640200,108.884528600,384.856,
2158,117715,34.213640100,108.884528400,384.805,
2158,117716,34.213640040,108.884528200,384.758,
2158,117717,34.213639990,108.884528100,384.707,
2158,117718,34.213639870,108.884527900,384.655,
2158,117719,34.213639780,108.884527800,384.605,
2158,117720,34.213639690,108.884527700,384.554,
2158,117721,34.213639580,108.884527600,384.503,
2158,117722,34.213639440,108.884527500,384.450,
2158,117723,34.213639290,108.884527400,384.397,
2158,117724,34.213639080,108.884527300,384.343,
2158,117725,34.213638930,108.884527300,384.294,
2158,117726,34.213638890,108.884527000,384.241,
2158,117727,34.213638590,108.884526500,384.183,
2158,117728,34.213640310,108.884526600,384.157,
2158,117729,34.213642840,108.884525400,384.085,
2158,117730,34.213643650,108.884524700,384.049,
2158,117731,34.213643730,108.884524400,383.988,
2158,117732,34.213643640,108.884524400,383.936,
2158,117733,34.213643580,108.884524400,383.883,
2158,117734,34.213643420,108.884524300,383.827,
2158,117735,34.213643330,108.884524300,383.775,
2158,117736,34.213643140,108.884524200,383.717,
2158,117737,34.213642940,108.884524200,383.659,
2158,117738,34.213642770,108.884524100,383.603,
2158,117739,34.213642660,108.884524000,383.547,
2158,117740,34.213642410,108.884524000,383.487,
2158,117741,34.213642140,108.884524200,383.433,
2158,117742,34.213641880,108.884524000,383.366,
2158,117743,34.213641530,108.884524100,383.307,
2158,117744,34.213641230,108.884524100,383.245,
2158,117745,34.213640900,108.884524100,383.185,
2158,117746,34.213640510,108.884524000,383.121,
2158,117747,34.213640040,108.884524100,383.055,
2158,117748,34.213639640,108.884524200,382.984,
2158,117749,34.213639160,108.884524300,382.918,
2158,117750,34.213638620,108.884524400,382.848,
2158,117751,34.213638050,108.884524500,382.781,
2158,117752,34.213637980,108.884524300,382.713,
2158,117753,34.213641070,108.884523900,382.661,
2158,117754,34.213649980,108.884523900,382.598,
2158,117755,34.213659860,108.884525100,382.524,
2158,117756,34.213670230,108.884525800,382.466,
2158,117757,34.213681290,108.884526000,382.402,
2158,117758,34.213692480,108.884526400,382.357,
2158,117759,34.213703890,108.884527600,382.294,
2158,117760,34.213715660,108.884528300,382.244,
2158,117761,34.213727940,108.884527300,382.168,
2158,117762,34.213740560,108.884525600,382.071,
2158,117763,34.213753920,108.884525200,381.990,
2158,117764,34.213767010,108.884527100,381.942,
2158,117765,34.213779670,108.884530000,381.886,
2158,117766,34.213792410,108.884531300,381.813,
2158,117767,34.213805180,108.884529700,381.737,
2158,117768,34.213817500,108.884526000,381.685,
2158,117769,34.213830200,108.884523700,381.632,
2158,117770,34.213842820,108.884522200,381.599,
2158,117771,34.213855290,108.884521500,381.541,
2158,117772,34.213868060,108.884521500,381.454,
2158,117773,34.213880700,108.884522900,381.371,
2158,117774,34.213893360,108.884523100,381.342,
2158,117775,34.213907350,108.884522900,381.281,
2158,117776,34.213922460,108.884522000,381.166,
2158,117777,34.213938200,108.884520800,381.049,
2158,117778,34.213953840,108.884519200,381.016,
2158,117779,34.213969440,108.884519100,380.918,
2158,117780,34.213985240,108.884519600,380.814,
2158,117781,34.214001300,108.884519900,380.760,
2158,117782,34.214017740,108.884520200,380.650,
2158,117783,34.214033930,108.884519700,380.571,
2158,117784,34.214049380,108.884518400,380.568,
2158,117785,34.214064640,108.884517400,380.503,
2158,117786,34.214079210,108.884517000,380.444,
2158,117787,34.214094080,108.884516800,380.410,
2158,117788,34.214109330,108.884516900,380.355,
2158,117789,34.214124230,108.884516300,380.281,
2158,117790,34.214139000,108.884515500,380.263,
2158,117791,34.214153740,108.884515000,380.259,
2158,117792,34.214168270,108.884514200,380.209,
2158,117793,34.214182890,108.884513000,380.171,
2158,117794,34.214197880,108.884512600,380.163,
2158,117795,34.214213080,108.884511300,380.111,
2158,117796,34.214228200,108.884510100,380.031,
2158,117797,34.214243280,108.884509500,380.005,
2158,117798,34.214258280,108.884508500,379.989,
2158,117799,34.214273370,108.884507700,379.918,
2158,117800,34.214288410,108.884507400,379.884,
2158,117801,34.214303250,108.884507700,379.869,
2158,117802,34.214318610,108.884508000,379.816,
2158,117803,34.214333990,108.884507100,379.791,
2158,117804,34.214349090,108.884506400,379.801,
2158,117805,34.214363490,108.884506100,379.801,
2158,117806,34.214378620,108.884505800,379.775,
2158,117807,34.214394180,108.884505100,379.751,
2158,117808,34.214409550,108.884503800,379.744,
2158,117809,34.214424840,108.884503100,379.690,
2158,117810,34.214440520,108.884502200,379.607,
2158,117811,34.214456230,108.884501400,379.571,
2158,117812,34.214471640,108.884501000,379.555,
2158,117813,34.214487010,108.884501000,379.483,
2158,117814,34.214502390,108.884500700,379.432,
2158,117815,34.214517560,108.884499900,379.431,
2158,117816,34.214532930,108.884499300,379.406,
2158,117817,34.214548040,108.884499100,379.349,
2158,117818,34.214562920,108.884498700,379.321,
2158,117819,34.214577910,108.884497800,379.330,
2158,117820,34.214592910,108.884497100,379.310,
2158,117821,34.214607810,108.884497000,379.281,
2158,117822,34.214622930,108.884496400,379.257,
2158,117823,34.214638160,108.884495500,379.249,
2158,117824,34.214653290,108.884494600,379.186,
2158,117825,34.214668720,108.884494700,379.132,
2158,117826,34.214683950,108.884494700,379.141,
2158,117827,34.214699290,108.884495200,379.144,
2158,117828,34.214714500,108.884495100,379.108,
2158,117829,34.214729970,108.884494200,379.068,
2158,117830,34.214745710,108.884492700,379.052,
2158,117831,34.214761520,108.884491800,379.015,
2158,117832,34.214777190,108.884491700,378.965,
2158,117833,34.214792700,108.884491600,378.960,
2158,117834,34.214807860,108.884491100,378.990,
2158,117835,34.214823340,108.884490600,378.945,
2158,117836,34.214838580,108.884490200,378.927,
2158,117837,34.214853760,108.884489100,378.943,
2158,117838,34.214868760,108.884488000,378.902,
2158,117839,34.214884340,108.884488400,378.876,
2158,117840,34.214900010,108.884488400,378.900,
2158,117841,34.214916060,108.884488100,378.853,
2158,117842,34.214932740,108.884488200,378.809,
2158,117843,34.214949490,108.884488000,378.817,
2158,117844,34.214966320,108.884487300,378.736,
2158,117845,34.214983080,108.884486300,378.706,
2158,117846,34.214999720,108.884485200,378.724,
2158,117847,34.215016940,108.884484900,378.663,
2158,117848,34.215033220,108.884484700,378.678,
2158,117849,34.215049510,108.884483900,378.680,
2158,117850,34.215065900,108.884484100,378.653,
2158,117851,34.215081950,108.884484800,378.678,
2158,117852,34.215097560,108.884484100,378.744,
2158,117853,34.215113400,108.884483000,378.716,
2158,117854,34.215129580,108.884482000,378.690,
2158,117855,34.215145210,108.884481000,378.730,
2158,117856,34.215160680,108.884480300,378.729,
2158,117857,34.215176610,108.884479800,378.728,
2158,117858,34.215192650,108.884479900,378.781,
2158,117859,34.215208810,108.884479600,378.794,
2158,117860,34.215225090,108.884478800,378.770,
2158,117861,34.215241310,108.884477900,378.810,
2158,117862,34.215257570,108.884477300,378.810,
2158,117863,34.215273530,108.884476900,378.819,
2158,117864,34.215289250,108.884476700,378.881,
2158,117865,34.215304990,108.884476800,378.890,
2158,117866,34.215321140,108.884476500,378.859,
2158,117867,34.215336960,108.884476000,378.917,
2158,117868,34.215352610,108.884475700,378.931,
2158,117869,34.215368360,108.884477100,378.922,
2158,117870,34.215383910,108.884477100,378.986,
2158,117871,34.215399490,108.884477000,379.012,
2158,117872,34.215415380,108.884476000,378.986,
2158,117873,34.215431090,108.884475300,379.041,
2158,117874,34.215446710,108.884475500,379.072,
2158,117875,34.215462380,108.884475700,379.075,
2158,117876,34.215477480,108.884475600,379.144,
2158,117877,34.215492410,108.884475400,379.224,
2158,117878,34.215507520,108.884475500,379.239,
2158,117879,34.215523170,108.884475400,379.245,
2158,117880,34.215538890,108.884475500,379.300,
2158,117881,34.215554390,108.884475500,379.334,
2158,117882,34.215570140,108.884475500,379.369,
2158,117883,34.215585620,108.884475700,379.436,
2158,117884,34.215600960,108.884476500,379.456,
2158,117885,34.215616710,108.884475100,379.441,
2158,117886,34.215631830,108.884474900,379.533,
2158,117887,34.215647260,108.884475400,379.534,
2158,117888,34.215663410,108.884475400,379.491,
2158,117889,34.215679360,108.884475700,379.516,
2158,117890,34.215695020,108.884475600,379.547,
2158,117891,34.215710740,108.884475400,379.535,
2158,117892,34.215726090,108.884475300,379.622,
2158,117893,34.215741260,108.884475600,379.672,
2158,117894,34.215756580,108.884475800,379.677,
2158,117895,34.215771920,108.884475300,379.733,
2158,117896,34.215787080,108.884475300,379.842,
2158,117897,34.215802110,108.884475500,379.901,
2158,117898,34.215817630,108.884474900,379.944,
2158,117899,34.215833240,108.884475100,380.036,
2158,117900,34.215849080,108.884475600,380.058,
2158,117901,34.215864630,108.884476500,380.065,
2158,117902,34.215879740,108.884477300,380.130,
2158,117903,34.215894430,108.884477700,380.191,
2158,117904,34.215907950,108.884476800,380.228,
2158,117905,34.215917640,108.884470300,380.281,
2158,117906,34.215922110,108.884455300,380.335,
2158,117907,34.215923580,108.884437800,380.414,
2158,117908,34.215924090,108.884419600,380.466,
2158,117909,34.215924450,108.884401100,380.481,
2158,117910,34.215924410,108.884382400,380.539,
2158,117911,34.215923700,108.884364000,380.622,
2158,117912,34.215923670,108.884345700,380.703,
2158,117913,34.215923490,108.884327100,380.708,
2158,117914,34.215922770,108.884307700,380.761,
2158,117915,34.215922100,108.884289300,380.855,
2158,117916,34.215921840,108.884270700,380.889,
2158,117917,34.215922190,108.884251600,380.957,
2158,117918,34.215922160,108.884232800,381.054,
2158,117919,34.215922540,108.884214200,381.105,
2158,117920,34.215919970,108.884197000,381.126,
2158,117921,34.215910200,108.884186300,381.257,
2158,117922,34.215896780,108.884183200,381.342,
2158,117923,34.215882490,108.884182900,381.391,
2158,117924,34.215867590,108.884182700,381.447,
2158,117925,34.215852710,108.884183200,381.551,
2158,117926,34.215837690,108.884183000,381.630,
2158,117927,34.215822610,108.884182700,381.666,
2158,117928,34.215807380,108.884182800,381.718,
2158,117929,34.215792550,108.884182800,381.817,
2158,117930,34.215777810,108.884182800,381.878,
2158,117931,34.215762680,108.884182600,381.918,
2158,117932,34.215747490,108.884182700,382.016,
2158,117933,34.215732320,108.884182000,382.090,
2158,117934,34.215716870,108.884181800,382.125,
2158,117935,34.215701230,108.884182200,382.174,
2158,117936,34.215685540,108.884182100,382.275,
2158,117937,34.215670390,108.884182800,382.352,
2158,117938,34.215655410,108.884183100,382.406,
2158,117939,34.215640500,108.884183300,382.501,
2158,117940,34.215625930,108.884183800,382.620,
2158,117941,34.215611710,108.884183500,382.689,
2158,117942,34.215597340,108.884184800,382.760,
2158,117943,34.215582680,108.884185500,382.827,
2158,117944,34.215568170,108.884185800,382.944,
2158,117945,34.215553560,108.884186300,383.026,
2158,117946,34.215538650,108.884186200,383.086,
2158,117947,34.215523610,108.884186400,383.170,
2158,117948,34.215508950,108.884186600,383.279,
2158,117949,34.215494180,108.884186900,383.349,
2158,117950,34.215479000,108.884186400,383.377,
2158,117951,34.215463910,108.884186300,383.459,
2158,117952,34.215448650,108.884185900,383.546,
2158,117953,34.215433400,108.884186400,383.586,
2158,117954,34.215418460,108.884187700,383.627,
2158,117955,34.215403550,108.884188800,383.707,
2158,117956,34.215388580,108.884189900,383.791,
2158,117957,34.215373640,108.884190500,383.832,
2158,117958,34.215358560,108.884191100,383.878,
2158,117959,34.215343510,108.884190800,383.984,
2158,117960,34.215328240,108.884190700,384.040,
2158,117961,34.215312460,108.884191100,384.077,
2158,117962,34.215297070,108.884191800,384.168,
2158,117963,34.215281750,108.884192300,384.250,
2158,117964,34.215266270,108.884193300,384.290,
2158,117965,34.215251480,108.884193900,384.395,
2158,117966,34.215236920,108.884194800,384.480,
2158,117967,34.215222110,108.884195300,384.549,
2158,117968,34.215207690,108.884195400,384.608,
2158,117969,34.215193830,108.884195600,384.690,
2158,117970,34.215179990,108.884195800,384.804,
2158,117971,34.215165770,108.884195900,384.884,
2158,117972,34.215152210,108.884196900,384.939,
2158,117973,34.215138830,108.884198100,385.010,
2158,117974,34.215125400,108.884198800,385.104,
2158,117975,34.215111980,108.884199200,385.196,
2158,117976,34.215098730,108.884198900,385.270,
2158,117977,34.215085660,108.884199600,385.333,
2158,117978,34.215072310,108.884200400,385.389,
2158,117979,34.215059490,108.884200500,385.485,
2158,117980,34.215046780,108.884200300,385.587,
2158,117981,34.215034260,108.884200000,385.656,
2158,117982,34.215021600,108.884200200,385.710,
2158,117983,34.215008850,108.884199400,385.768,
2158,117984,34.214995990,108.884199100,385.861,
2158,117985,34.214982940,108.884199200,385.950,
2158,117986,34.214969940,108.884199000,386.021,
2158,117987,34.214956860,108.884198400,386.074,
2158,117988,34.214942870,108.884199000,386.128,
2158,117989,34.214928780,108.884199700,386.219,
2158,117990,34.214914960,108.884199300,386.296,
2158,117991,34.214901710,108.884198200,386.343,
2158,117992,34.214888260,108.884197600,386.391,
2158,117993,34.214874510,108.884197700,386.445,
2158,117994,34.214861240,108.884199500,386.522,
2158,117995,34.214847660,108.884201400,386.574,
2158,117996,34.214833690,108.884202200,386.607,
2158,117997,34.214819790,108.884202300,386.629,
2158,117998,34.214806040,108.884202900,386.692,
2158,117999,34.214792130,108.884203700,386.772,
2158,118000,34.214778280,108.884204700,386.818,
2158,118001,34.214764530,108.884205000,386.846,
2158,118002,34.214750570,108.884206000,386.870,
2158,118003,34.214736960,108.884206200,386.925,
2158,118004,34.214723250,108.884206900,386.982,
2158,118005,34.214709630,108.884207700,387.049,
2158,118006,34.214695890,108.884208300,387.078,
2158,118007,34.214681840,108.884208800,387.136,
2158,118008,34.214667870,108.884209400,387.227,
2158,118009,34.214654290,108.884210000,387.316,
2158,118010,34.214640480,108.884210400,387.368,
2158,118011,34.214626440,108.884210800,387.406,
2158,118012,34.214612430,108.884211100,387.480,
2158,118013,34.214598530,108.884211800,387.565,
2158,118014,34.214584670,108.884212000,387.622,
2158,118015,34.214570750,108.884212400,387.667,
2158,118016,34.214556640,108.884213300,387.716,
2158,118017,34.214542600,108.884213400,387.798,
2158,118018,34.214528670,108.884213900,387.846,
2158,118019,34.214514760,108.884214500,387.874,
2158,118020,34.214500820,108.884214700,387.901,
2158,118021,34.214487180,108.884215500,387.969,
2158,118022,34.214473490,108.884216600,388.035,
2158,118023,34.214459610,108.884217400,388.078,
2158,118024,34.214445810,108.884217600,388.108,
2158,118025,34.214432300,108.884217700,388.171,
2158,118026,34.214418790,108.884218200,388.252,
2158,118027,34.214405350,108.884219000,388.318,
2158,118028,34.214391640,108.884219400,388.358,
2158,118029,34.214377470,108.884219900,388.403,
2158,118030,34.214363400,108.884220000,388.473,
2158,118031,34.214349580,108.884220100,388.530,
2158,118032,34.214335860,108.884220400,388.579,
2158,118033,34.214321780,108.884221200,388.594,
2158,118034,34.214307640,108.884222200,388.636,
2158,118035,34.214293990,108.884222800,388.691,
2158,118036,34.214280120,108.884223200,388.719,
2158,118037,34.214266140,108.884224000,388.736,
2158,118038,34.214251970,108.884225200,388.717,
2158,118039,34.214237720,108.884226500,388.726,
2158,118040,34.214223200,108.884227100,388.745,
2158,118041,34.214208930,108.884227300,388.771,
2158,118042,34.214194700,108.884227800,388.770,
2158,118043,34.214180360,108.884227600,388.758,
2158,118044,34.214166100,108.884228100,388.758,
2158,118045,34.214152240,108.884229000,388.794,
2158,118046,34.214138460,108.884229800,388.838,
2158,118047,34.214124740,108.884230300,388.862,
2158,118048,34.214110570,108.884230400,388.853,
2158,118049,34.214096410,108.884231100,388.859,
2158,118050,34.214082330,108.884231900,388.889,
2158,118051,34.214068370,108.884232200,388.921,
2158,118052,34.214054280,108.884232700,388.922,
2158,118053,34.214040040,108.884233300,388.911,
2158,118054,34.214025740,108.884233600,388.924,
2158,118055,34.214011660,108.884233700,388.965,
2158,118056,34.213997640,108.884233800,388.968,
2158,118057,34.213983560,108.884234100,388.968,
2158,118058,34.213969610,108.884234800,388.996,
2158,118059,34.213955480,108.884235400,389.024,
2158,118060,34.213941060,108.884235200,389.046,
2158,118061,34.213926830,108.884235100,389.039,
2158,118062,34.213912290,108.884235500,388.998,
2158,118063,34.213898010,108.884235500,389.011,
2158,118064,34.213883780,108.884235700,389.007,
2158,118065,34.213869340,108.884236400,388.972,
2158,118066,34.213855170,108.884237300,388.929,
2158,118067,34.213841060,108.884237900,388.914,
2158,118068,34.213826840,108.884238000,388.920,
2158,118069,34.213812480,108.884237300,388.921,
2158,118070,34.213798400,108.884236200,388.916,
2158,118071,34.213784280,108.884235500,388.967,
2158,118072,34.213770220,108.884235100,389.029,
2158,118073,34.213755550,108.884235400,389.066,
2158,118074,34.213740840,108.884235800,389.049,
2158,118075,34.213726080,108.884236100,389.033,
2158,118076,34.213711680,108.884236400,389.071,
2158,118077,34.213697470,108.884236200,389.139,
2158,118078,34.213683130,108.884235800,389.168,
2158,118079,34.213668570,108.884234900,389.171,
2158,118080,34.213654110,108.884234000,389.174,
2158,118081,34.213639900,108.884233000,389.203,
2158,118082,34.213625980,108.884232800,389.202,
2158,118083,34.213612050,108.884232600,389.183,
2158,118084,34.213597620,108.884232400,389.150,
2158,118085,34.213582950,108.884232100,389.150,
2158,118086,34.213568580,108.884231700,389.162,
2158,118087,34.213554140,108.884230600,389.158,
2158,118088,34.213539340,108.884229300,389.121,
2158,118089,34.213524600,108.884227900,389.098,
2158,118090,34.213509980,108.884227100,389.099,
2158,118091,34.213495670,108.884227000,389.080,
2158,118092,34.213481600,108.884226100,389.030,
2158,118093,34.213467730,108.884226100,388.953,
2158,118094,34.213456720,108.884232500,388.928,
2158,118095,34.213453200,108.884246900,388.954,
2158,118096,34.213453890,108.884263800,388.952,
2158,118097,34.213454420,108.884280600,388.920,
2158,118098,34.213454690,108.884297000,388.902,
2158,118099,34.213454580,108.884313300,388.908,
2158,118100,34.213454610,108.884329700,388.924,
2158,118101,34.213454670,108.884346200,388.922,
2158,118102,34.213454640,108.884363100,388.887,
2158,118103,34.213454370,108.884380000,388.879,
2158,118104,34.213453830,108.884396800,388.884,
2158,118105,34.213453330,108.884413800,388.904,
2158,118106,34.213453300,108.884431000,388.869,
2158,118107,34.213452790,108.884448100,388.844,
2158,118108,34.213452210,108.884464900,388.857,
2158,118109,34.213451820,108.884481200,388.862,
2158,118110,34.213456450,108.884494700,388.861,
2158,118111,34.213468090,108.884502000,388.867,
2158,118112,34.213481810,108.884504900,388.872,
2158,118113,34.213495700,108.884504600,388.914,
2158,118114,34.213509940,108.884502900,388.943,
2158,118115,34.213524470,108.884501700,388.921,
2158,118116,34.213538880,108.884500300,388.914,
2158,118117,34.213553010,108.884498700,388.951,
2158,118118,34.213567020,108.884497600,388.978,
2158,118119,34.213581030,108.884497000,388.963,
2158,118120,34.213595270,108.884496100,388.951,
2158,118121,34.213609150,108.884494500,388.981,
2158,118122,34.213623160,108.884494500,388.999,
2158,118123,34.213637330,108.884494800,388.999,
2158,118124,34.213651820,108.884494800,388.989,
2158,118125,34.213665940,108.884494200,389.006,
2158,118126,34.213679900,108.884494100,389.044,
2158,118127,34.213693840,108.884493600,389.057,
2158,118128,34.213707830,108.884493300,389.032,
2158,118129,34.213722200,108.884493100,388.995,
2158,118130,34.213736250,108.884493200,389.002,
2158,118131,34.213750170,108.884493100,389.017,
2158,118132,34.213763980,108.884492600,389.004,
2158,118133,34.213778130,108.884492500,388.978,
2158,118134,34.213792210,108.884492400,388.974,
2158,118135,34.213805830,108.884492200,389.008,
2158,118136,34.213819380,108.884491800,389.018,
2158,118137,34.213833200,108.884491000,388.998,
2158,118138,34.213847070,108.884491000,388.967,
2158,118139,34.213860800,108.884490800,388.955,
2158,118140,34.213874590,108.884490500,388.975,
2158,118141,34.213888200,108.884490600,388.980,
2158,118142,34.213902230,108.884490900,388.934,
2158,118143,34.213916750,108.884490900,388.876,
2158,118144,34.213930870,108.884490900,388.859,
2158,118145,34.213945010,108.884490500,388.846,
2158,118146,34.213959230,108.884490100,388.785,
2158,118147,34.213973380,108.884489600,388.736,
2158,118148,34.213987340,108.884489900,388.704,
2158,118149,34.214001390,108.884490200,388.689,
2158,118150,34.214015670,108.884489600,388.641,
2158,118151,34.214030140,108.884489300,388.592,
2158,118152,34.214044460,108.884489300,388.579,
2158,118153,34.214058390,108.884489900,388.606,
2158,118154,34.214072530,108.884490200,388.594,
2158,118155,34.214086710,108.884489800,388.559,
2158,118156,34.214100960,108.884488700,388.505,
2158,118157,34.214115170,108.884488500,388.495,
2158,118158,34.214129310,108.884488900,388.495,
2158,118159,34.214143240,108.884489300,388.498,
2158,118160,34.214157220,108.884489400,388.479,
2158,118161,34.214171370,108.884489600,388.457,
2158,118162,34.214185430,108.884489400,388.463,
2158,118163,34.214199600,108.884489000,388.470,
2158,118164,34.214213820,108.884488400,388.429,
2158,118165,34.214227960,108.884487800,388.379,
2158,118166,34.214242180,108.884487600,388.335,
2158,118167,34.214255950,108.884487200,388.337,
2158,118168,34.214269630,108.884486700,388.325,
2158,118169,34.214283410,108.884486600,388.293,
2158,118170,34.214297570,108.884486900,388.242,
2158,118171,34.214311550,108.884486600,388.217,
2158,118172,34.214325180,108.884485800,388.230,
2158,118173,34.214338900,108.884484800,388.244,
2158,118174,34.214352500,108.884484300,388.223,
2158,118175,34.214366180,108.884483900,388.216,
2158,118176,34.214379920,108.884483400,388.202,
2158,118177,34.214393730,108.884483000,388.198,
2158,118178,34.214407740,108.884482600,388.182,
2158,118179,34.214421740,108.884482100,388.132,
2158,118180,34.214436090,108.884482000,388.049,
2158,118181,34.214450260,108.884481800,387.999,
2158,118182,34.214464260,108.884481000,387.974,
2158,118183,34.214478080,108.884480200,387.956,
2158,118184,34.214491810,108.884479800,387.915,
2158,118185,34.214505870,108.884479400,387.855,
2158,118186,34.214520030,108.884479000,387.820,
2158,118187,34.214534520,108.884478600,387.821,
2158,118188,34.214548930,108.884478300,387.785,
2158,118189,34.214563330,108.884477900,387.725,
2158,118190,34.214577720,108.884477200,387.694,
2158,118191,34.214591890,108.884476900,387.720,
2158,118192,34.214605880,108.884476500,387.705,
2158,118193,34.214620280,108.884476000,387.645,
2158,118194,34.214634960,108.884475600,387.575,
2158,118195,34.214649490,108.884474800,387.551,
2158,118196,34.214664080,108.884474100,387.532,
2158,118197,34.214678630,108.884473900,387.479,
2158,118198,34.214693310,108.884473100,387.438,
2158,118199,34.214707760,108.884472500,387.444,
2158,118200,34.214721970,108.884472200,387.426,
2158,118201,34.214736600,108.884472000,387.357,
2158,118202,34.214751540,108.884471300,387.274,
2158,118203,34.214765930,108.884471000,387.266,
2158,118204,34.214780600,108.884471700,387.229,
2158,118205,34.214795190,108.884472000,387.189,
2158,118206,34.214810070,108.884472000,387.155,
2158,118207,34.214825070,108.884471300,387.158,
2158,118208,34.214840220,108.884470300,387.135,
2158,118209,34.214855300,108.884470100,387.077,
2158,118210,34.214870470,108.884470400,387.004,
2158,118211,34.214885160,108.884470700,387.002,
2158,118212,34.214899800,108.884469900,386.973,
2158,118213,34.214914910,108.884469500,386.905,
2158,118214,34.214929970,108.884469200,386.859,
2158,118215,34.214944750,108.884468600,386.846,
2158,118216,34.214959790,108.884468100,386.771,
2158,118217,34.214974800,108.884467800,386.686,
2158,118218,34.214989590,108.884467800,386.632,
2158,118219,34.215004360,108.884467700,386.631,
2158,118220,34.215018870,108.884467400,386.595,
2158,118221,34.215034000,108.884467400,386.517,
2158,118222,34.215048820,108.884468200,386.523,
2158,118223,34.215063280,108.884470100,386.522,
2158,118224,34.215077460,108.884471200,386.506,
2158,118225,34.215092190,108.884471300,386.465,
2158,118226,34.215106780,108.884471700,386.452,
2158,118227,34.215121370,108.884471900,386.445,
2158,118228,34.215136070,108.884472300,386.400,
2158,118229,34.215150810,108.884472500,386.396,
2158,118230,34.215165530,108.884472000,386.402,
2158,118231,34.215179970,108.884470300,386.377,
2158,118232,34.215194680,108.884468800,386.343,
2158,118233,34.215209390,108.884468400,386.324,
2158,118234,34.215223940,108.884468600,386.331,
2158,118235,34.215238480,108.884468800,386.308,
2158,118236,34.215253090,108.884468300,386.273,
2158,118237,34.215267620,108.884467700,386.271,
2158,118238,34.215282190,108.884467100,386.291,
2158,118239,34.215296640,108.884467000,386.241,
2158,118240,34.215311090,108.884466900,386.200,
2158,118241,34.215325580,108.884467200,386.207,
2158,118242,34.215340180,108.884467100,386.227,
2158,118243,34.215355220,108.884467800,386.176,
2158,118244,34.215370180,108.884469000,386.145,
2158,118245,34.215384600,108.884469300,386.177,
2158,118246,34.215398940,108.884468200,386.161,
2158,118247,34.215413640,108.884467900,386.134,
2158,118248,34.215428740,108.884467700,386.081,
2158,118249,34.215443550,108.884467700,386.097,
2158,118250,34.215457970,108.884468000,386.131,
2158,118251,34.215472150,108.884469100,386.129,
2158,118252,34.215486850,108.884469700,386.107,
2158,118253,34.215501440,108.884469700,386.106,
2158,118254,34.215516120,108.884470100,386.122,
2158,118255,34.215530640,108.884470100,386.125,
2158,118256,34.215544810,108.884469700,386.108,
2158,118257,34.215559040,108.884470100,386.099,
2158,118258,34.215573210,108.884471500,386.103,
2158,118259,34.215587550,108.884471400,386.108,
2158,118260,34.215601830,108.884470800,386.073,
2158,118261,34.215616040,108.884470600,386.061,
2158,118262,34.215630460,108.884470700,386.024,
2158,118263,34.215645470,108.884469800,385.987,
2158,118264,34.215660430,108.884469000,385.972,
2158,118265,34.215675130,108.884468700,385.908,
2158,118266,34.215689760,108.884469100,385.861,
2158,118267,34.215704040,108.884469500,385.909,
2158,118268,34.215718430,108.884469800,385.924,
2158,118269,34.215733140,108.884470500,385.899,
2158,118270,34.215748060,108.884471400,385.864,
2158,118271,34.215762430,108.884472100,385.896,
2158,118272,34.215776640,108.884471700,385.935,
2158,118273,34.215790740,108.884471100,385.971,
2158,118274,34.215805280,108.884470800,385.958,
2158,118275,34.215819860,108.884471200,385.941,
2158,118276,34.215834340,108.884471800,385.958,
2158,118277,34.215849090,108.884472700,385.966,
2158,118278,34.215863650,108.884473900,385.937,
2158,118279,34.215878290,108.884474200,385.905,
2158,118280,34.215892630,108.884473800,385.904,
2158,118281,34.215905810,108.884470400,385.938,
2158,118282,34.215915050,108.884459200,385.957,
2158,118283,34.215918680,108.884442900,385.943,
2158,118284,34.215919880,108.884425400,385.906,
2158,118285,34.215920570,108.884408000,385.905,
2158,118286,34.215920570,108.884390400,385.930,
2158,118287,34.215920310,108.884372200,385.916,
2158,118288,34.215920450,108.884353600,385.885,
2158,118289,34.215920510,108.884336700,385.962,
2158,118290,34.215920920,108.884318800,385.924,
2158,118291,34.215921510,108.884300900,385.917,
2158,118292,34.215921580,108.884282900,385.896,
2158,118293,34.215922070,108.884265200,385.936,
2158,118294,34.215922730,108.884247400,385.945,
2158,118295,34.215923000,108.884229800,385.932,
2158,118296,34.215922530,108.884212300,385.911,
2158,118297,34.215919340,108.884196300,385.926,
2158,118298,34.215909100,108.884186100,385.994,
2158,118299,34.215895790,108.884184500,386.027,
2158,118300,34.215882000,108.884186500,385.997,
2158,118301,34.215868220,108.884188100,385.999,
2158,118302,34.215854570,108.884189300,386.034,
2158,118303,34.215840360,108.884189300,386.048,
2158,118304,34.215826170,108.884188500,386.035,
2158,118305,34.215811800,108.884188000,386.005,
2158,118306,34.215797630,108.884189200,386.031,
2158,118307,34.215783780,108.884190700,386.066,
2158,118308,34.215769760,108.884191400,386.056,
2158,118309,34.215755480,108.884191100,386.034,
2158,118310,34.215741320,108.884191100,386.037,
2158,118311,34.215727240,108.884191600,386.066,
2158,118312,34.215713120,108.884191500,386.053,
2158,118313,34.215698600,108.884191400,386.028,
2158,118314,34.215684340,108.884191600,386.035,
2158,118315,34.215670350,108.884191400,386.087,
2158,118316,34.215656230,108.884191100,386.090,
2158,118317,34.215642170,108.884191700,386.086,
2158,118318,34.215628300,108.884191700,386.112,
2158,118319,34.215614350,108.884192000,386.156,
2158,118320,34.215600110,108.884192100,386.169,
2158,118321,34.215585720,108.884192100,386.165,
2158,118322,34.215571600,108.884192300,386.182,
2158,118323,34.215557860,108.884192500,386.240,
2158,118324,34.215544070,108.884192900,386.250,
2158,118325,34.215530250,108.884193700,386.246,
2158,118326,34.215516180,108.884194100,386.243,
2158,118327,34.215502230,108.884194400,386.275,
2158,118328,34.215488390,108.884194900,386.292,
2158,118329,34.215474440,108.884194700,386.277,
2158,118330,34.215460070,108.884194200,386.248,
2158,118331,34.215445630,108.884194600,386.261,
2158,118332,34.215431380,108.884195300,386.280,
2158,118333,34.215417160,108.884196000,386.247,
2158,118334,34.215402800,108.884196400,386.224,
2158,118335,34.215388640,108.884196500,386.237,
2158,118336,34.215374560,108.884197200,386.254,
2158,118337,34.215360440,108.884197400,386.226,
2158,118338,34.215346330,108.884197200,386.220,
2158,118339,34.215332270,108.884197200,386.235,
2158,118340,34.215318330,108.884198100,386.249,
2158,118341,34.215304530,108.884199600,386.231,
2158,118342,34.215290370,108.884200400,386.207,
2158,118343,34.215276130,108.884201000,386.212,
2158,118344,34.215262050,108.884201000,386.252,
2158,118345,34.215247960,108.884201100,386.246,
2158,118346,34.215233480,108.884201400,386.243,
2158,118347,34.215219050,108.884201900,386.275,
2158,118348,34.215204970,108.884202600,386.299,
2158,118349,34.215190960,108.884203100,386.296,
2158,118350,34.215176550,108.884203100,386.298,
2158,118351,34.215162610,108.884203400,386.346,
2158,118352,34.215148500,108.884203600,386.359,
2158,118353,34.215134480,108.884203600,386.352,
2158,118354,34.215120360,108.884204300,386.379,
2158,118355,34.215106530,108.884204900,386.416,
2158,118356,34.215092880,108.884205600,386.435,
2158,118357,34.215078830,108.884206100,386.418,
2158,118358,34.215064740,108.884206000,386.426,
2158,118359,34.215051040,108.884206200,386.472,
2158,118360,34.215037330,108.884206700,386.490,
2158,118361,34.215023660,108.884206900,386.491,
2158,118362,34.215010090,108.884207100,386.496,
2158,118363,34.214996660,108.884207200,386.536,
2158,118364,34.214983110,108.884207600,386.566,
2158,118365,34.214969520,108.884208000,386.585,
2158,118366,34.214955290,108.884208500,386.554,
2158,118367,34.214941260,108.884209300,386.555,
2158,118368,34.214927520,108.884209600,386.575,
2158,118369,34.214913830,108.884209800,386.591,
2158,118370,34.214899790,108.884209700,386.566,
2158,118371,34.214885450,108.884209800,386.562,
2158,118372,34.214871400,108.884210100,386.588,
2158,118373,34.214857420,108.884210500,386.585,
2158,118374,34.214842630,108.884210800,386.533,
2158,118375,34.214828070,108.884211000,386.547,
2158,118376,34.214813720,108.884211600,386.552,
2158,118377,34.214799800,108.884211800,386.542,
2158,118378,34.214785600,108.884211800,386.502,
2158,118379,34.214771560,108.884211800,386.512,
2158,118380,34.214757190,108.884212100,386.529,
2158,118381,34.214742580,108.884213000,386.484,
2158,118382,34.214727950,108.884213500,386.460,
2158,118383,34.214713790,108.884213800,386.487,
2158,118384,34.214699660,108.884214400,386.499,
2158,118385,34.214685460,108.884215100,386.482,
2158,118386,34.214671480,108.884214800,386.486,
2158,118387,34.214657810,108.884214600,386.514,
2158,118388,34.214643990,108.884216100,386.547,
2158,118389,34.214630190,108.884217600,386.551,
2158,118390,34.214616240,108.884217800,386.535,
2158,118391,34.214602320,108.884217900,386.528,
2158,118392,34.214588610,108.884218300,386.545,
2158,118393,34.214574690,108.884218700,386.575,
2158,118394,34.214560670,108.884219700,386.554,
2158,118395,34.214546440,108.884220800,386.515,
2158,118396,34.214532450,108.884221700,386.506,
2158,118397,34.214518550,108.884222300,386.522,
2158,118398,34.214504860,108.884223400,386.510,
2158,118399,34.214491340,108.884224300,386.485,
2158,118400,34.214477580,108.884224800,386.458,
2158,118401,34.214463640,108.884225600,386.460,
2158,118402,34.214449610,108.884226100,386.474,
2158,118403,34.214435450,108.884226500,386.470,
2158,118404,34.214421440,108.884226600,386.450,
2158,118405,34.214407380,108.884226900,386.445,
2158,118406,34.214393500,108.884227100,386.471,
2158,118407,34.214379720,108.884227400,386.477,
2158,118408,34.214366440,108.884228400,386.461,
2158,118409,34.214353050,108.884229300,386.426,
2158,118410,34.214339270,108.884229400,386.403,
2158,118411,34.214325470,108.884229900,386.393,
2158,118412,34.214311860,108.884230600,386.403,
2158,118413,34.214297780,108.884230700,386.342,
2158,118414,34.214283360,108.884230700,386.273,
2158,118415,34.214269230,108.884231600,386.241,
2158,118416,34.214255190,108.884233000,386.222,
2158,118417,34.214241220,108.884234100,386.161,
2158,118418,34.214226790,108.884234200,386.081,
2158,118419,34.214212280,108.884234100,386.035,
2158,118420,34.214198170,108.884234600,386.010,
2158,118421,34.214184260,108.884235100,385.957,
2158,118422,34.214169850,108.884235200,385.901,
2158,118423,34.214155690,108.884235800,385.857,
2158,118424,34.214141670,108.884236400,385.848,
2158,118425,34.214127820,108.884237000,385.841,
2158,118426,34.214113510,108.884237400,385.794,
2158,118427,34.214099060,108.884237000,385.720,
2158,118428,34.214084710,108.884237200,385.691,
2158,118429,34.214070620,108.884238500,385.675,
2158,118430,34.214056260,108.884239400,385.635,
2158,118431,34.214041800,108.884239600,385.561,
2158,118432,34.214027470,108.884240100,385.519,
2158,118433,34.214013230,108.884240800,385.507,
2158,118434,34.213999440,108.884241000,385.496,
2158,118435,34.213985860,108.884241000,385.456,
2158,118436,34.213971680,108.884241900,385.399,
2158,118437,34.213957360,108.884242500,385.354,
2158,118438,34.213943270,108.884242500,385.358,
2158,118439,34.213928930,108.884242600,385.284,
2158,118440,34.213914440,108.884242100,385.189,
2158,118441,34.213900240,108.884242000,385.114,
2158,118442,34.213885880,108.884242100,385.066,
2158,118443,34.213871840,108.884242600,385.024,
2158,118444,34.213857680,108.884243000,384.946,
2158,118445,34.213843470,108.884243100,384.860,
2158,118446,34.213829350,108.884242800,384.823,
2158,118447,34.213815490,108.884242400,384.810,
2158,118448,34.213801920,108.884242100,384.806,
2158,118449,34.213787950,108.884242500,384.791,
2158,118450,34.213773990,108.884242700,384.775,
2158,118451,34.213760240,108.884242900,384.782,
2158,118452,34.213746270,108.884242500,384.744,
2158,118453,34.213731990,108.884242100,384.671,
2158,118454,34.213718370,108.884242200,384.686,
2158,118455,34.213704770,108.884242200,384.726,
2158,118456,34.213690410,108.884241800,384.695,
2158,118457,34.213676140,108.884241200,384.638,
2158,118458,34.213661940,108.884240200,384.615,
2158,118459,34.213647580,108.884239400,384.603,
2158,118460,34.213633240,108.884238500,384.557,
2158,118461,34.213618760,108.884238800,384.476,
2158,118462,34.213604440,108.884238600,384.425,
2158,118463,34.213590460,108.884237700,384.402,
2158,118464,34.213576250,108.884237000,384.377,
2158,118465,34.213561390,108.884236800,384.304,
2158,118466,34.213546870,108.884236400,384.241,
2158,118467,34.213532620,108.884236300,384.206,
2158,118468,34.213518530,108.884236100,384.179,
2158,118469,34.213504260,108.884235300,384.117,
2158,118470,34.213490570,108.884234400,384.031,
2158,118471,34.213478810,108.884235300,383.913,
2158,118472,34.213471500,108.884243500,383.908,
2158,118473,34.213470540,108.884259400,383.866,
2158,118474,34.213470460,108.884276600,383.853,
2158,118475,34.213469860,108.884293900,383.804,
2158,118476,34.213469210,108.884310900,383.746,
2158,118477,34.213469130,108.884327800,383.712,
2158,118478,34.213468980,108.884344900,383.699,
2158,118479,34.213468800,108.884361700,383.674,
2158,118480,34.213468320,108.884378800,383.637,
2158,118481,34.213468170,108.884395900,383.582,
2158,118482,34.213467640,108.884412400,383.548,
2158,118483,34.213466980,108.884429400,383.536,
2158,118484,34.213466690,108.884446300,383.527,
2158,118485,34.213466700,108.884463200,383.498,
2158,118486,34.213465960,108.884480100,383.450,
2158,118487,34.213465610,108.884496300,383.403,
2158,118488,34.213468720,108.884510700,383.388,
2158,118489,34.213478480,108.884519400,383.418,
2158,118490,34.213491340,108.884521600,383.431,
2158,118491,34.213505280,108.884521100,383.403,
2158,118492,34.213519400,108.884520400,383.386,
2158,118493,34.213533750,108.884519300,383.379,
2158,118494,34.213547960,108.884518200,383.383,
2158,118495,34.213562270,108.884517300,383.345,
2158,118496,34.213576410,108.884516000,383.317,
2158,118497,34.213590240,108.884515400,383.317,
2158,118498,34.213604240,108.884515100,383.324,
2158,118499,34.213617870,108.884515100,383.325,
2158,118500,34.213630500,108.884515600,383.284,
2158,118501,34.213638880,108.884515600,383.264,
2158,118502,34.213642490,108.884516700,383.273,
2158,118503,34.213644610,108.884515100,383.235,
2158,118504,34.213645970,108.884515400,383.203,
2158,118505,34.213646400,108.884515300,383.181,
2158,118506,34.213647100,108.884515600,383.157,
2158,118507,34.213647740,108.884515900,383.134,
2158,118508,34.213648460,108.884516200,383.115,
2158,118509,34.213649110,108.884516400,383.089,
2158,118510,34.213649910,108.884516700,383.065,
2158,118511,34.213650680,108.884517100,383.042,
2158,118512,34.213651350,108.884517500,383.016,
2158,118513,34.213651300,108.884517500,383.013,
2158,118514,34.213652530,108.884518400,382.974,
2158,118515,34.213655250,108.884519900,383.007,
2158,118516,34.213656090,108.884520100,382.940,
2158,118517,34.213653320,108.884518200,382.919,
2158,118518,34.213648860,108.884520100,382.866,
2158,118519,34.213643810,108.884520400,382.861,
2158,118520,34.213638090,108.884521900,382.835,
2158,118521,34.213632880,108.884523700,382.795,
2158,118522,34.213630080,108.884522700,382.778,
2158,118523,34.213625360,108.884525700,382.772,
2158,118524,34.213616130,108.884528800,382.749,
2158,118525,34.213605640,108.884530300,382.714,
2158,118526,34.213594950,108.884530500,382.678,
2158,118527,34.213584240,108.884529800,382.632,
2158,118528,34.213574280,108.884528600,382.611,
2158,118529,34.213566090,108.884526200,382.594,
2158,118530,34.213559810,108.884523900,382.582,
2158,118531,34.213555860,108.884522600,382.575,
2158,118532,34.213555940,108.884521900,382.553,
2158,118533,34.213555370,108.884521400,382.527,
2158,118534,34.213555010,108.884521200,382.497,
2158,118535,34.213554590,108.884521000,382.475,
2158,118536,34.213554290,108.884520700,382.455,
2158,118537,34.213554030,108.884520500,382.439,
2158,118538,34.213553740,108.884520300,382.420,
2158,118539,34.213553460,108.884520000,382.398,
2158,118540,34.213553220,108.884519800,382.380,
2158,118541,34.213552970,108.884519800,382.357,
2158,118542,34.213552730,108.884519700,382.336,
2158,118543,34.213552500,108.884519600,382.316,
2158,118544,34.213552290,108.884519400,382.294,
2158,118545,34.213552110,108.884519200,382.276,
2158,118546,34.213551990,108.884519100,382.256,
2158,118547,34.213551810,108.884519000,382.232,
2158,118548,34.213551660,108.884518900,382.208,
2158,118549,34.213551550,108.884518800,382.187,
2158,118550,34.213551450,108.884518700,382.164,
2158,118551,34.213551330,108.884518600,382.141,
2158,118552,34.213551250,108.884518500,382.118,
2158,118553,34.213551180,108.884518400,382.095,
2158,118554,34.213551110,108.884518300,382.074,
2158,118555,34.213551100,108.884518200,382.050,
2158,118556,34.213551050,108.884518200,382.026,
2158,118557,34.213551020,108.884518200,382.000,
2158,118558,34.213551020,108.884518100,381.978,
2158,118559,34.213551010,108.884518000,381.953,
2158,118560,34.213551030,108.884518000,381.928,
2158,118561,34.213551030,108.884518000,381.907,
2158,118562,34.213551090,108.884518000,381.883,
2158,118563,34.213551170,108.884517900,381.859,
2158,118564,34.213551240,108.884517800,381.833,
2158,118565,34.213551330,108.884517800,381.807,
2158,118566,34.213551440,108.884517800,381.780,
2158,118567,34.213551530,108.884517800,381.752,
2158,118568,34.213551640,108.884517800,381.728,
2158,118569,34.213551750,108.884517700,381.703,
2158,118570,34.213551850,108.884517700,381.677,
2158,118571,34.213551950,108.884517900,381.652,
2158,118572,34.213551480,108.884518100,381.647,
2158,118573,34.213553320,108.884517400,381.639,
2158,118574,34.213552410,108.884516000,381.585,
2158,118575,34.213552180,108.884515800,381.557,
2158,118576,34.213552230,108.884515600,381.531,
2158,118577,34.213552290,108.884515600,381.502,
2158,118578,34.213552360,108.884515700,381.476,
2158,118579,34.213552410,108.884515700,381.448,
2158,118580,34.213552490,108.884515700,381.423,
2158,118581,34.213552580,108.884515800,381.398,
2158,118582,34.213552640,108.884515900,381.371,
2158,118583,34.213552730,108.884516000,381.349,
2158,118584,34.213552810,108.884516000,381.326,
2158,118585,34.213552840,108.884516200,381.300,
2158,118586,34.213552930,108.884516300,381.279,
2158,118587,34.213553000,108.884516500,381.255,
2158,118588,34.213553100,108.884516700,381.229,
2158,118589,34.213553160,108.884517000,381.205,
2158,118590,34.213553270,108.884517200,381.184,
2158,118591,34.213553770,108.884518200,381.260,
2158,118592,34.213554160,108.884517800,381.257,
2158,118593,34.213554470,108.884517800,381.244,
2158,118594,34.213554220,108.884516800,381.113,
2158,118595,34.213554150,108.884516400,381.079,
2158,118596,34.213554190,108.884516000,381.048,
2158,118597,34.213554250,108.884515700,381.020,
2158,118598,34.213554300,108.884515400,380.990,
2158,118599,34.213554380,108.884515100,380.964,
2158,118600,34.213554450,108.884514900,380.935,
2158,118601,34.213554560,108.884514800,380.907,
2158,118602,34.213554680,108.884514600,380.882,
2158,118603,34.213554820,108.884514500,380.857,
2158,118604,34.213554950,108.884514500,380.830,
2158,118605,34.213555090,108.884514500,380.805,
2158,118606,34.213555250,108.884514500,380.779,
2158,118607,34.213555400,108.884514700,380.754,
2158,118608,34.213555550,108.884514900,380.730,
2158,118609,34.213555730,108.884515100,380.708,
2158,118610,34.213555910,108.884515400,380.684,
2158,118611,34.213556130,108.884515700,380.662,
2158,118612,34.213556360,108.884516100,380.640,
2158,118613,34.213556620,108.884516700,380.643,
2158,118614,34.213557760,108.884517400,380.726,
2158,118615,34.213557450,108.884517100,380.605,
2158,118616,34.213558030,108.884517100,380.568,
2158,118617,34.213557810,108.884517000,380.524,
2158,118618,34.213558100,108.884517100,380.493,
2158,118619,34.213558660,108.884517200,380.466,
2158,118620,34.213561040,108.884516500,380.479,
2158,118621,34.213562100,108.884515700,380.370,
2158,118622,34.213563910,108.884518200,380.042,
2158,118623,34.213563840,108.884518200,379.584,
2158,118624,34.213563790,108.884518000,379.581,
2158,118625,34.213563790,108.884517800,379.579,
