442800,-337.445374629,-3291.494013122,-249.973976341,-3298.291755931  
442801,-334.757208420,-3283.429529574,-243.645112209,-3290.082397155  
442802,-331.864091920,-3274.783082138,-238.101222000,-3282.099810955  
442803,-328.818409077,-3265.716154652,-325.835318107,-3252.027323832  
442804,-325.690292132,-3256.482512405,-227.194909309,-3262.887693629  
442805,-322.490044445,-3247.009258549,-227.242179654,-3251.610149104  
442806,-319.243714514,-3237.368368289,-227.893630205,-3239.108642538  
442807,-315.979347474,-3227.462604160,-228.433947688,-3229.545928102  
442808,-312.681207102,-3217.265582006,-229.339846227,-3214.166900665  
442809,-309.150645792,-3206.893810858,-318.917374507,-3194.546707735  
442810,-305.595474430,-3196.515282905,-318.631497181,-3185.159565915  
442811,-302.253840954,-3186.527384320,-312.653752606,-3180.676809218  
442812,-299.053910678,-3177.278343005,-265.917768224,-3174.327906021  
442813,-296.151683532,-3169.100357709,-259.020852082,-3157.231826948  
442814,-293.688841606,-3162.176102254,-304.595051777,-3149.286455971  
442815,-291.448418526,-3156.376371010,-267.937342255,-3150.388644077  
442816,-289.655397165,-3151.928516932,-277.348072631,-3147.062105280  
442817,-288.322084986,-3148.888824419,-284.372593988,-3141.671806817  
442818,-287.350871837,-3146.943548332,-294.486016373,-3139.173306524  
442819,-286.646713845,-3145.451617118,-299.601536990,-3135.619471109  
442820,-287.150726690,-3144.103924032,-298.275491535,-3133.759354757  
442821,-288.608458451,-3143.262188711,-288.071790902,-3134.386728843  
442822,-289.329736052,-3143.067631240,-290.032566864,-3135.506280427  
442823,-290.192680194,-3142.078536993,-290.910254735,-3135.732380022  
442824,-290.774871790,-3141.749510307,-290.212404466,-3133.085783157  
442825,-290.701360290,-3141.779260635,-289.428606435,-3132.669238574  
442826,-290.623625190,-3141.906335924,-286.492533737,-3130.580130092  
442827,-290.618500186,-3141.921392294,-288.449904779,-3130.485779997  
442828,-290.618510775,-3141.925197836,-286.205306837,-3130.874637133  
442829,-290.600482954,-3141.920019557,-284.297647488,-3131.032930582  
442830,-290.574724408,-3141.899436872,-285.617144611,-3131.838881841  
442831,-290.561557763,-3141.866836920,-286.897806280,-3129.620503599  
442832,-290.551539302,-3141.829005305,-285.748760525,-3128.498675519  
442833,-290.534651935,-3141.787489601,-285.297212312,-3127.735177754  
442834,-290.251860474,-3141.247794528,-290.989923319,-3132.301834793  
442835,-290.096724663,-3140.991620142,-293.767449139,-3134.935990234  
442836,-289.934719174,-3140.721912155,-287.554621762,-3130.209568022  
442837,-289.781873305,-3140.484190980,-288.625015207,-3126.656005837  
442838,-289.675391274,-3140.183983925,-290.160513593,-3135.512325984  
442839,-289.226846483,-3138.874545603,-289.089928727,-3131.828193702  
442840,-288.455702006,-3136.522962900,-284.916537775,-3127.135759483  
442841,-287.398310069,-3133.153848245,-288.161734097,-3130.515166065  
442842,-285.971383819,-3128.849062607,-282.854392972,-3124.944685879  
442843,-284.236750296,-3123.743933979,-278.369281438,-3117.107982416  
442844,-282.264246991,-3117.926386604,-279.271676645,-3114.458404821  
442845,-279.859245874,-3111.462304498,-278.771098467,-3107.187345125  
442846,-277.038636723,-3104.503626597,-273.829233468,-3101.532226323  
442847,-273.813585386,-3097.213985543,-271.768069782,-3095.074587073  
442848,-270.262235469,-3089.788389097,-272.216152089,-3090.623091267  
442849,-266.073725090,-3082.049470452,-266.554237493,-3081.646566632  
442850,-262.273656859,-3075.030194722,-262.749362498,-3073.825173439  
442851,-258.548589611,-3068.307146034,-258.704099095,-3064.571889017  
442852,-254.830109068,-3061.909471797,-253.493523728,-3057.704187290  
442853,-251.326889799,-3056.441664580,-252.547068093,-3052.197584729  
442854,-247.832850935,-3052.183007407,-246.903739955,-3047.551816457  
442855,-243.690814752,-3049.103972275,-239.923135604,-3042.444941410  
442856,-238.784290132,-3047.369750900,-234.344143602,-3047.220061485  
442857,-232.824760133,-3046.976350463,-227.478589891,-3045.896371231  
442858,-226.483926243,-3048.603690475,-222.265965441,-3046.933308662  
442859,-218.927825375,-3051.098011230,-215.912725369,-3047.613051726  
442860,-211.168836672,-3054.112110975,-208.334076497,-3055.686163494  
442861,-203.077264542,-3057.616938586,-196.299806858,-3057.633397888  
442862,-194.547481129,-3061.298061155,-188.629755229,-3061.820864435  
442863,-185.613830338,-3065.175736495,-185.533397405,-3065.371379346  
442864,-176.303790610,-3069.294579462,-178.615097783,-3071.401744012  
442865,-166.850920716,-3073.543850591,-168.974182024,-3077.004473918  
442866,-157.301586448,-3077.782034866,-159.423494204,-3075.862289073  
442867,-147.607416166,-3081.994384951,-150.961821887,-3085.300548266  
442868,-137.885192981,-3086.085317117,-148.424453203,-3084.002726858  
442869,-128.286899670,-3089.855780490,-136.720002565,-3088.756871883  
442870,-118.852891675,-3093.135020560,-129.723402634,-3089.540527382  
442871,-109.705103848,-3095.910769493,-116.942784349,-3096.994131349  
442872,-100.744499813,-3098.269370058,-105.009974621,-3101.924386960  
442873,-91.835410556,-3100.344958373,-90.564737760,-3093.937527162  
442874,-83.216549548,-3102.102753339,-104.430055420,-3119.537512569  
442875,-75.322982076,-3103.626966938,-107.970632783,-3140.382954876  
442876,-68.533389852,-3104.902907259,-104.475219569,-3139.403327821  
442877,-63.141156378,-3105.749112150,-107.545794646,-3153.651353158  
442878,-59.023204856,-3106.216031181,-77.837201322,-3120.110509869  
442879,-55.946262079,-3106.594069829,-70.567879632,-3133.819016525  
442880,-54.361421462,-3106.730634719,-72.630624257,-3145.255846304  
442881,-53.347031834,-3106.782310882,-64.841710764,-3129.687212383  
442882,-52.680694711,-3106.821072171,-35.175226729,-3109.072238133  
442883,-52.318331095,-3106.854915286,-35.051011554,-3111.681997628  
442884,-52.235611746,-3106.880769762,-62.032370967,-3127.409454043  
442885,-52.192677927,-3106.906927292,-36.287228993,-3113.596662159  
442886,-51.932783719,-3106.932160314,-60.774890353,-3132.930152300  
442887,-51.468523095,-3106.958311899,-78.261300906,-3151.569960808  
442888,-50.947875873,-3107.007233083,-58.337077183,-3145.968496173  
442889,-50.142718307,-3107.025073803,-70.607960286,-3153.924438642  
442890,-48.704139854,-3107.161642051,-78.305919321,-3155.072185393  
442891,-45.997859934,-3107.304335518,-56.113240667,-3148.104747282  
442892,-42.111178223,-3107.451018743,-81.896446737,-3158.935939036  
442893,-38.001238796,-3107.575831389,-48.834321405,-3155.237727728  
442894,-33.532370261,-3107.715391167,-41.425176625,-3138.592767979  
442895,-28.317307093,-3107.895529653,-25.146677426,-3177.683401498  
442896,-22.618520274,-3108.417065911,-8.031373640,-3126.610204086  
442897,-16.353004441,-3109.770041396,11.102548150,-3119.597669153  
442898,-9.988454091,-3112.412710665,-12.308627734,-3159.422009183  
442899,-3.621326693,-3116.561982587,-7.126374999,-3149.005304142  
442900,1.357886296,-3122.270456874,10.734569926,-3130.817626520  
442901,4.670399215,-3128.527767130,11.570269768,-3121.002983076  
442902,6.553493290,-3134.394841398,26.309193460,-3134.086447264  
442903,7.513503944,-3139.909474718,16.815160736,-3145.966077415  
442904,7.971757754,-3145.276817249,5.975479221,-3132.915697034  
442905,8.244249993,-3150.687866579,19.789404010,-3159.574487475  
442906,8.425149342,-3156.058290889,16.931828753,-3164.598013109  
442907,8.575994555,-3161.237317866,16.860273199,-3165.247953849  
442908,8.717966429,-3165.858654701,15.182686477,-3164.983360861  
442909,8.715965393,-3170.335113633,12.385696554,-3169.229137527  
442910,8.509597310,-3175.067486230,15.156880070,-3175.220655037  
442911,7.890773734,-3179.906607752,8.371782875,-3177.248438578  
442912,6.870370692,-3184.498083927,1.742344782,-3183.758489896  
442913,5.432359048,-3189.050084374,-1.382520376,-3187.689910368  
442914,3.525790019,-3193.483692397,-3.441619164,-3194.259971900  
442915,1.010411076,-3197.397975729,-1.755538427,-3200.603681026  
442916,-2.438362161,-3201.192887533,-7.566605134,-3194.259512172  
442917,-6.558344636,-3205.159439902,-4.979644451,-3208.387711747  
442918,-11.130571417,-3209.415323234,-13.314925008,-3202.775178992  
442919,-15.972142644,-3213.841622988,-10.642334207,-3215.198244458  
442920,-20.961983454,-3218.309440338,-14.228989357,-3219.765032310  
442921,-25.813291731,-3222.663118516,-18.421003576,-3225.700157142  
442922,-30.247565640,-3226.694128158,-7.599215331,-3273.798135057  
442923,-34.266235849,-3230.409553493,-13.930878503,-3261.547181202  
442924,-37.913667910,-3233.749773221,15.157244696,-3291.247291528  
442925,-41.059625881,-3236.624285646,22.746423385,-3313.528737696  
442926,-43.461672082,-3238.827316403,-61.982896016,-3211.985025420  
442927,-45.116370787,-3240.353000056,-30.956997228,-3273.409290692  
442928,-46.096710699,-3241.290562811,-33.897748242,-3280.308270550  
442929,-46.656292236,-3241.839358664,-62.392885863,-3232.033269624  
442930,-47.045279914,-3242.263846554,-61.052899348,-3232.618925592  
442931,-47.215587951,-3242.479207920,-18.395657480,-3291.957443991  
442932,-47.227896459,-3242.510004238,-48.532034046,-3323.899295638  
442933,-47.199274001,-3242.530952511,-5.080112303,-3277.248511917  
442934,-47.430831360,-3242.314581278,-57.077015119,-3305.593241381  
442935,-47.535016574,-3242.090531289,-29.411320706,-3281.890484365  
442936,-47.536733323,-3242.011452651,-37.140793924,-3282.363480280  
442937,-47.532153272,-3241.959454195,-41.816017149,-3287.307613402  
442938,-47.534156612,-3241.922531991,-25.229526889,-3284.046544071  
442939,-47.539881044,-3241.900686045,-28.102730214,-3284.681908036  
442940,-47.546464208,-3241.890529240,-20.820854658,-3276.951374751  
442941,-47.554478547,-3241.886217257,-6.539102178,-3285.198954335  
442942,-47.562492910,-3241.884982251,-16.893826533,-3281.583917555  
442943,-47.569934818,-3241.885592821,-3.691893693,-3292.516452254  
442944,-47.576518065,-3241.887742904,-28.354105635,-3301.711494466  
442945,-47.582528863,-3241.890816287,-44.241510148,-3297.031258251  
442946,-47.587967216,-3241.894505883,-18.183709329,-3273.329120137  
442947,-47.592833121,-3241.898195993,-37.565440924,-3254.491384303  
442948,-47.656090165,-3241.960642809,-80.660811713,-3259.842981222  
442949,-47.660670073,-3241.979725473,-17.096045320,-3267.823024960  
442950,-47.663246114,-3241.983414057,-29.706803744,-3285.918285854  
442951,-47.664677224,-3241.984948964,-7.951091617,-3274.271975711  
442952,-47.665822100,-3241.985868681,-8.440653716,-3273.398114029  
442953,-47.666394534,-3241.987097018,-7.860928919,-3286.252748542  
442954,-47.667253214,-3241.988941567,-47.822733491,-3284.461218312  
442955,-47.667825671,-3241.991094223,-16.765579494,-3282.289106845  
442956,-47.668398130,-3241.992939283,-23.244552457,-3267.232830016  
442957,-47.668970595,-3241.994477259,-24.639737882,-3282.001831598  
442958,-47.669543060,-3241.996015236,-21.491697655,-3293.954495629  
442959,-47.670115523,-3241.997245616,-47.123202293,-3279.267282312  
442960,-47.670687979,-3241.998167891,-33.743643631,-3277.256413487  
442961,-47.670974216,-3241.998783592,-19.451438636,-3297.428938728  
442962,-47.671546679,-3241.999706376,-35.512536930,-3282.706912043  
442963,-47.672119148,-3242.000629672,-35.486434268,-3286.371449638  
442964,-47.672405389,-3242.001552969,-25.338648140,-3284.252844376  
442965,-47.672691622,-3242.002475755,-43.155803378,-3302.211294553  
442966,-47.672977860,-3242.003399052,-43.741247108,-3273.052605741  
442967,-47.673264094,-3242.004629433,-42.235982539,-3276.099542706  
442968,-47.673550334,-3242.005552730,-48.590755051,-3293.119238696  
442969,-47.673836566,-3242.006167920,-47.602123577,-3279.716280348  
442970,-47.674122799,-3242.006783110,-19.792098582,-3277.266269098  
442971,-47.674122808,-3242.007398813,-29.676891410,-3261.797531907  
442972,-47.674409040,-3242.008014002,-26.933540047,-3272.203249824  
442973,-47.674409050,-3242.008937300,-35.992550915,-3257.219637242  
442974,-47.674409052,-3242.009552492,-35.875815452,-3259.860801684  
442975,-47.674409055,-3242.010475278,-30.976929495,-3275.569061090  
442976,-47.674695287,-3242.011090468,-41.675033364,-3278.173482460  
442977,-47.674695290,-3242.012013255,-23.928047123,-3265.792136272  
442978,-47.674981521,-3242.012628445,-23.574180448,-3267.683739975  
442979,-47.675267754,-3242.013551231,-31.073148573,-3265.341383456  
442980,-47.675553986,-3242.014166422,-29.215978541,-3265.970299484  
442981,-47.846719855,-3242.176881394,-24.606443167,-3274.591497270  
442982,-48.369663113,-3242.637351357,-39.550259627,-3284.887276013  
442983,-50.114525036,-3244.185482995,-27.578925950,-3278.617473218  
442984,-52.576681594,-3246.357734179,-30.185128345,-3282.366278492  
442985,-55.215156866,-3248.681311658,-30.916258469,-3283.572254947  
442986,-57.710517382,-3250.850475741,-34.285226141,-3282.718514598  
442987,-60.198151620,-3253.344458328,-44.249459984,-3286.169342211  
442988,-62.012577376,-3256.732941390,-50.093970014,-3279.718959510  
442989,-62.224117717,-3260.850099992,-61.518812420,-3280.930921957  
442990,-60.489293217,-3265.053706781,-61.397896654,-3275.706642226  
442991,-57.485895799,-3269.389900543,-55.154390916,-3271.750245490  
442992,-53.643270321,-3274.008475043,-54.590262668,-3279.602409626  
442993,-49.594270652,-3278.759614167,-48.712393502,-3278.197684154  
442994,-45.823483902,-3283.306193631,-38.196349522,-3282.035850625  
442995,-42.568767157,-3287.239122273,-37.560792648,-3286.278137270  
442996,-40.027906084,-3290.330171290,-12.315602588,-3273.500121065  
442997,-37.849411078,-3292.998276694,-15.404800320,-3275.239200634  
442998,-35.727588370,-3295.431370365,-41.716477685,-3292.599956525  
442999,-32.845537532,-3298.626993721,-23.156624093,-3279.934806876  
443000,-29.048121109,-3302.881057193,-19.709225118,-3291.482616456  
443001,-24.393156207,-3308.192020479,-51.230977179,-3317.178820564  
443002,-19.029194680,-3314.356252800,-8.822654520,-3306.601578337  
443003,-13.287404066,-3320.942829031,-34.594607497,-3322.940282798  
443004,-7.269681554,-3327.851123622,11.660860486,-3310.542982289  
443005,-1.151486453,-3334.959368719,-23.404514776,-3343.459453569  
443006,4.757192681,-3341.871672070,-16.400399717,-3353.983101979  
443007,10.204471109,-3348.147866956,-6.797698225,-3368.530293441  
443008,14.793916076,-3353.359783369,25.964175968,-3334.350343141  
443009,18.129666640,-3357.142929757,6.825230132,-3366.945921796  
443010,20.246355102,-3359.651082969,66.220308234,-3286.165188613  
443011,21.403306817,-3361.082342589,27.872494872,-3359.721976223  
443012,22.217924305,-3361.874106174,67.041195736,-3328.278118319  
443013,22.803269827,-3362.543751446,33.839703684,-3351.849817589  
443014,23.183386631,-3362.912268379,33.486299823,-3355.739008505  
443015,23.314194916,-3363.021476267,35.572078071,-3360.228183595  
443016,23.289865336,-3363.048559554,62.647642444,-3336.296709644  
443017,23.264390704,-3363.018732365,2.429296658,-3376.756236811  
443018,23.235767637,-3363.030745596,27.872736999,-3365.423528522  
443019,23.236340246,-3363.043683161,8.752980233,-3371.153731590  
443020,23.228898163,-3363.015690915,-5.746842733,-3382.165412090  
443021,23.281564489,-3363.046389965,3.253743479,-3384.916838937  
443022,23.384607421,-3363.110883635,0.329536961,-3382.403779002  
443023,23.473625137,-3363.166789558,50.749976829,-3350.928848190  
443024,23.500244610,-3363.183995785,16.166707128,-3381.301549893  
443025,23.518849603,-3363.195054353,8.468162170,-3377.095537077  
443026,23.532874899,-3363.203346690,4.192596538,-3393.523928438  
443027,23.538885713,-3363.210104241,4.394675413,-3391.836123778  
443028,23.540889295,-3363.214710750,33.083910510,-3372.929783264  
443029,23.543465340,-3363.215627171,33.505429805,-3376.741229627  
443030,23.544896461,-3363.214699082,35.219240445,-3381.260658996  
443031,23.544610189,-3363.212848208,30.056841119,-3377.890655999  
443032,23.543179001,-3363.210998926,5.413272740,-3391.537270861  
443033,23.540602888,-3363.209150176,0.730179556,-3399.722729440  
443034,23.537740550,-3363.207302487,-4.418589392,-3405.275785321  
443035,23.534591980,-3363.205454799,12.691348016,-3383.051764845  
443036,23.531157178,-3363.203914706,4.193532174,-3398.329764207  
443037,23.527722382,-3363.202375143,31.058573468,-3369.404627469  
443038,23.524860043,-3363.200835049,22.232347254,-3383.917835950  
443039,23.521997712,-3363.199295486,14.112201609,-3387.754905148  
443040,23.519707841,-3363.198063517,34.233803212,-3377.998011497  
443041,23.517131740,-3363.196831548,50.653264602,-3360.861573566  
443042,23.515128103,-3363.195599579,34.584552360,-3359.022004244  
443043,23.513124470,-3363.194675735,51.823319902,-3351.727362147  
443044,23.511407065,-3363.193751361,47.665983668,-3347.144531059  
443045,23.682573821,-3363.406869744,28.970121173,-3373.387094037  
443046,24.158578342,-3363.930992171,14.861492744,-3392.752919277  
443047,25.216493783,-3365.018048454,35.158482311,-3373.622313538  
443048,26.522000719,-3366.202666682,33.161766019,-3374.349216826  
443049,27.646036401,-3367.336499533,36.489524996,-3377.633611401  
443050,28.889145233,-3368.857250124,43.936371154,-3373.295222299  
443051,30.444820918,-3370.964578842,18.810217976,-3384.879004313  
443052,31.991625676,-3373.945177504,24.779281565,-3387.062642168  
443053,32.617051042,-3377.708000321,26.361172344,-3383.191673859  
443054,31.646445794,-3381.824868901,26.636806005,-3385.998398065  
443055,28.780408552,-3385.992147221,32.903628518,-3393.304141146  
443056,24.477768684,-3390.095439893,32.126596167,-3412.458550820  
443057,19.165584669,-3394.533693355,25.428085050,-3416.947457643  
443058,13.063109873,-3399.494870755,-10.220695987,-3419.747313235  
443059,6.477470594,-3404.867925870,-19.117815869,-3426.451001497  
443060,-0.438485872,-3410.623948978,-14.425819879,-3433.746817710  
443061,-7.707372820,-3416.769978306,-32.877730072,-3452.542309016  
443062,-15.176628835,-3423.211298779,-9.150392440,-3449.740985805  
443063,-22.683673955,-3429.823334176,-8.790528602,-3463.763419694  
443064,-30.244537396,-3436.587614070,-15.005189218,-3469.451351355  
443065,-37.932208723,-3443.370654175,-23.874624595,-3472.076175641  
443066,-45.473906699,-3449.820274067,-29.697178386,-3468.581731028  
443067,-52.154330826,-3455.404018924,-42.753911881,-3466.744003160  
443068,-58.647276128,-3460.923770221,-22.832338176,-3528.537226027  
443069,-65.395262502,-3466.806822276,-38.142583516,-3520.453599823  
443070,-72.769249965,-3473.194316808,-52.187858664,-3517.551010032  
443071,-80.215660481,-3479.534130671,-75.347899759,-3507.495643328  
443072,-87.978652878,-3486.042800244,-90.876547269,-3476.712111962  
443073,-95.300278102,-3492.446593383,-106.325265491,-3483.463316667  
443074,-102.295887826,-3498.775640056,-118.652228346,-3501.621507645  
443075,-109.020151042,-3504.741746034,-119.747707134,-3518.830971894  
443076,-115.210874226,-3510.293499372,-125.311846986,-3518.702575358  
443077,-120.909847648,-3515.469990391,-120.131821784,-3521.712884952  
443078,-125.750971880,-3519.830115208,-137.790227746,-3519.113099765  
443079,-129.848741776,-3523.587977282,-152.609273113,-3507.504295554  
443080,-133.582133473,-3526.989646987,-137.589841349,-3533.900563132  
443081,-136.672924139,-3529.748772933,-138.978608442,-3542.887221848  
443082,-138.576116102,-3531.429767406,-128.351324756,-3542.932039936  
443083,-139.460303067,-3532.177833286,-132.600011656,-3545.193362442  
443084,-139.614867789,-3532.355524634,-129.420525913,-3547.093919282  
443085,-139.519264997,-3532.425634424,-114.204728988,-3573.009976783  
443086,-139.480050657,-3532.435164667,-149.995629761,-3580.202658799  
443087,-139.463448909,-3532.459456504,-125.943216526,-3589.859390039  
443088,-139.397615201,-3532.514820932,-126.020610348,-3572.030291308  
443089,-139.385308122,-3532.529608451,-113.400316024,-3592.609656306  
443090,-139.366992273,-3532.542913724,-117.563884355,-3566.861640289  
443091,-139.360695930,-3532.538014526,-112.912378932,-3586.556621878  
443092,-139.354112940,-3532.530952138,-110.104669728,-3577.313801516  
443093,-139.347243483,-3532.527266621,-120.859461727,-3560.840701512  
443094,-139.343236340,-3532.531883373,-116.598173484,-3569.522726458  
443095,-139.343236478,-3532.542342732,-118.569409662,-3557.615857841  
443096,-139.346098963,-3532.554954676,-169.723039633,-3522.573096450  
443097,-139.350678827,-3532.568795874,-160.993739232,-3517.882987125  
443098,-139.356403586,-3532.582328352,-149.881247995,-3539.558495939  
443099,-139.362987019,-3532.594937478,-153.463863478,-3541.942596957  
443100,-139.369284228,-3532.606316783,-109.286273741,-3557.357228536  
443101,-139.375581409,-3532.617080340,-107.946458810,-3558.390728609  
443102,-139.381592368,-3532.626921669,-109.218687809,-3560.705426694  
443103,-139.387603297,-3532.635532061,-91.155027779,-3564.058227650  
443104,-139.393041769,-3532.643527825,-101.844609890,-3561.238404101  
443105,-139.398480235,-3532.650600800,-116.700912918,-3573.572186723  
443106,-139.403918714,-3532.656751546,-119.247104786,-3555.623586040  
443107,-139.409070955,-3532.662594699,-134.848336007,-3553.845339864  
443108,-139.413936957,-3532.668130260,-126.715615514,-3547.696811933  
443109,-139.509825855,-3532.780687059,-128.973022388,-3563.451137607  
443110,-139.523565187,-3532.805597712,-129.609453756,-3549.307285650  
443111,-139.528431199,-3532.812056059,-108.643754756,-3557.272679834  
443112,-139.531579819,-3532.815747176,-124.131037682,-3550.926005134  
443113,-139.534728424,-3532.817900316,-117.540847154,-3555.166074064  
443114,-139.585392476,-3532.856659114,-116.829672024,-3560.721579107  
443115,-139.603711664,-3532.867733499,-138.248827620,-3566.846436996  
443116,-139.602566737,-3532.869271486,-138.422936549,-3568.527886512  
443117,-139.602852966,-3532.873269111,-138.127682618,-3559.782207863  
443118,-139.635197803,-3532.915406611,-115.241070682,-3556.412565990  
443119,-139.660672881,-3532.942472554,-116.681016604,-3553.922043302  
443120,-139.731659735,-3533.015369250,-115.577426911,-3553.778789392  
443121,-140.040510032,-3533.314654605,-130.669869915,-3545.537228613  
443122,-141.189467271,-3534.365080963,-127.268122446,-3564.964490317  
443123,-143.496827968,-3536.430875252,-138.250582898,-3543.404501729  
443124,-146.868420414,-3539.414829885,-121.437877895,-3558.667463355  
443125,-151.212650852,-3543.309264659,-132.488151236,-3556.304813371  
443126,-156.221528921,-3547.874868153,-154.103975886,-3562.419398855  
443127,-161.247012531,-3552.600710296,-135.511341527,-3589.545696607  
443128,-165.972810415,-3557.428649314,-172.064577328,-3554.087413754  
443129,-171.036378482,-3563.016055274,-156.076258182,-3594.290465561  
443130,-176.414818107,-3569.350300446,-135.222138104,-3577.245754105  
443131,-182.148768619,-3575.767601556,-172.810667289,-3584.212225138  
443132,-188.424851787,-3581.921286368,-182.410472987,-3601.887001745  
443133,-194.790527607,-3587.731384544,-208.371428731,-3593.400217900  
443134,-200.875404650,-3593.059489070,-219.484905444,-3585.820169064  
443135,-207.059035497,-3598.273464631,-236.867318858,-3585.826565293  
443136,-213.319666362,-3603.296742271,-227.450346796,-3598.538157678  
443137,-219.666741951,-3608.091172030,-236.581332058,-3588.826970152  
443138,-226.236797379,-3612.919998854,-262.911081358,-3595.133430379  
443139,-232.925651047,-3618.126246311,-257.348947988,-3585.920410132  
443140,-239.631976835,-3623.822793059,-251.561573085,-3602.138438368  
443141,-246.646592326,-3630.087441756,-251.757306104,-3632.179214551  
443142,-254.076839725,-3637.002639425,-268.396461104,-3664.277824202  
443143,-261.486772589,-3644.024262817,-277.558980999,-3634.457386448  
443144,-269.016075260,-3651.135093988,-263.632315816,-3681.244350301  
443145,-276.535941108,-3658.197362942,-249.031515983,-3700.401103198  
443146,-283.917269422,-3664.925283257,-289.188026977,-3689.708793693  
443147,-291.134010948,-3671.449232131,-274.440394265,-3712.911211355  
443148,-298.099433378,-3677.468127573,-283.447318303,-3695.484261244  
443149,-304.731089698,-3682.606985008,-295.815446399,-3687.850248564  
443150,-311.506711795,-3686.867975168,-317.681035454,-3692.529510298  
443151,-318.493271772,-3690.062815618,-330.820555950,-3690.976046541  
443152,-325.727975928,-3692.051238296,-342.703277551,-3671.276047740  
443153,-333.556316036,-3692.986427829,-364.640836582,-3688.384790439  
443154,-341.614202633,-3693.065280335,-363.727767863,-3691.245431056  
443155,-349.474569769,-3692.438516334,-357.516994736,-3688.475410351  
443156,-356.470206686,-3691.553403250,-353.531253251,-3700.794268395  
443157,-362.757690657,-3690.735657640,-374.745759496,-3672.761013959  
443158,-369.079238491,-3689.992966602,-372.018811301,-3678.712741965  
443159,-374.906170544,-3689.384404653,-358.884881948,-3684.833629440  
443160,-379.423566488,-3688.940733778,-369.645139121,-3687.096937634  
443161,-382.251590859,-3688.648761124,-371.490412574,-3686.083160811  
443162,-383.359615762,-3688.563221155,-375.682600912,-3707.590689481  
443163,-383.593756574,-3688.457102535,-400.513369675,-3688.845441489  
443164,-383.402833456,-3688.386353920,-362.426471613,-3684.206463848  
443165,-383.347875744,-3688.373131581,-361.274286260,-3662.498125363  
443166,-383.314955349,-3688.354959270,-342.685850421,-3671.874507395  
443167,-383.280031522,-3688.338941919,-360.608021544,-3670.201455981  
443168,-383.251405719,-3688.325699748,-388.227448062,-3694.442122336  
443169,-383.232226281,-3688.311232194,-399.177996331,-3700.736672818  
443170,-383.219344362,-3688.296152201,-399.415177737,-3691.960665159  
443171,-383.211901097,-3688.281688427,-356.149282106,-3677.238212920  
443172,-383.207320373,-3688.268763722,-368.884741690,-3669.518995968  
443173,-383.204743410,-3688.257377526,-385.849599618,-3690.418879804  
443174,-383.203883982,-3688.247837441,-354.310041650,-3676.858869623  
443175,-383.203883409,-3688.239221283,-394.709740030,-3686.111513398  
443176,-383.204455335,-3688.231527897,-375.417512702,-3664.363693495  
443177,-383.205599819,-3688.224757864,-376.839785986,-3664.480858590  
443178,-383.206744387,-3688.218911200,-370.141393483,-3661.044803687  
443179,-383.208461498,-3688.213372696,-356.464207724,-3673.436636572  
443180,-383.209892395,-3688.208756987,-387.203669444,-3686.030526155  
443181,-383.211609604,-3688.204757043,-385.180568494,-3684.883647470  
443182,-383.213040573,-3688.200757105,-370.199973629,-3695.263538330  
443183,-383.214185382,-3688.197372947,-393.661635451,-3695.741264840  
443184,-383.215616430,-3688.193988782,-368.764763106,-3682.861599286  
443185,-383.216761186,-3688.190911637,-341.590272402,-3688.336650463  
443186,-383.218192308,-3688.188143243,-373.922209662,-3707.554441975  
443187,-383.219337131,-3688.185374276,-418.611242780,-3700.082239664  
443188,-383.220481952,-3688.182605308,-389.967086902,-3706.225402316  
443189,-383.221626845,-3688.180144517,-390.674291659,-3680.740415403  
443190,-383.222771669,-3688.177375549,-381.968794470,-3702.574870277  
443191,-383.223630331,-3688.175222361,-380.361713727,-3703.149295885  
443192,-383.224775227,-3688.173069165,-387.101366242,-3704.937504112  
443193,-383.225633890,-3688.170915977,-381.687258649,-3709.792345412  
443194,-383.226778735,-3688.169069794,-382.743190120,-3698.020395738  
443195,-383.227637403,-3688.167224201,-397.380105739,-3720.953735606  
443196,-383.228496073,-3688.165378608,-378.565668977,-3704.247287089  
443197,-383.229354740,-3688.163533015,-358.126725512,-3688.740438163  
443198,-383.230213348,-3688.161686841,-371.846610848,-3693.630991668  
443199,-383.231072084,-3688.160149423,-374.515928018,-3686.633527683  
443200,-383.231930760,-3688.158611426,-372.889142311,-3684.855415525  
443201,-383.232503197,-3688.157073435,-360.641891543,-3676.453464564  
443202,-383.233361881,-3688.155843032,-379.887593711,-3669.012785782  
443203,-383.234220573,-3688.154920225,-405.410368774,-3694.597904288  
443204,-383.235079257,-3688.153689823,-378.300460089,-3698.050930923  
443205,-383.235938007,-3688.152767597,-374.115279315,-3692.690441008  
443206,-383.237082936,-3688.151844783,-373.430483037,-3694.577886500  
443207,-383.237655391,-3688.150921982,-384.345866680,-3694.104360087  
443208,-383.238514080,-3688.149999175,-364.149188614,-3711.186395126  
443209,-383.239372824,-3688.148769354,-361.534778850,-3709.376708509  
443210,-383.240231516,-3688.147846546,-362.341330592,-3708.738090655  
443211,-383.241090266,-3688.146924321,-364.474146435,-3694.545540669  
443212,-383.241948959,-3688.146001513,-366.974811170,-3696.361288891  
443213,-383.242807710,-3688.145079287,-353.415582316,-3712.615407707  
443214,-383.243666399,-3688.144156480,-374.861550531,-3697.764158347  
443215,-383.244238912,-3688.143234262,-363.641747305,-3696.958355465  
443216,-383.245097605,-3688.142311455,-358.523039862,-3691.850884191  
443217,-383.245670119,-3688.141389235,-395.617001645,-3692.284523347  
443218,-383.246528876,-3688.140774605,-394.231232335,-3692.927470401  
443219,-383.247387567,-3688.139851797,-393.965156574,-3691.762209214  
443220,-383.248246327,-3688.139237167,-397.675883286,-3694.997173306  
443221,-383.249105024,-3688.138621955,-400.734288945,-3691.447091026  
443222,-383.249963791,-3688.138314920,-406.876414775,-3698.005732385  
443223,-383.251108794,-3688.138007878,-363.149372502,-3704.892559485  
443224,-383.251967502,-3688.137700262,-415.126968501,-3708.943655508  
443225,-383.253112446,-3688.137392637,-373.092422851,-3711.951908012  
443226,-383.253971211,-3688.137085602,-360.413097863,-3694.800229487  
443227,-383.255116156,-3688.136777979,-374.075614687,-3701.187010885  
443228,-383.255974861,-3688.136470362,-369.876757611,-3700.440886191  
443229,-383.315226507,-3688.110948369,-380.831597459,-3701.409806443  
443230,-383.312363731,-3688.109406975,-372.332671008,-3706.964967794  
443231,-383.304348897,-3688.119553750,-374.981485442,-3694.031919508  
443232,-383.298338139,-3688.151230987,-362.159923982,-3698.399184916  
443233,-383.487827566,-3688.154915712,-374.855892279,-3704.486788120  
443234,-384.528586202,-3688.063224254,-367.637341540,-3692.800585907  
443235,-387.420440762,-3688.225454062,-368.169343203,-3694.505204904  
443236,-391.274051552,-3687.847928724,-411.286164839,-3689.674398705  
443237,-396.082545794,-3687.131124871,-367.246312296,-3699.126867394  
443238,-400.898751412,-3685.709939933,-360.592953540,-3707.654357113  
443239,-405.595850077,-3683.098976044,-343.474701555,-3706.125894273  
443240,-409.658323483,-3679.185051206,-382.921319986,-3694.577867528  
443241,-412.595279420,-3674.149363011,-352.117874458,-3671.627560242  
443242,-414.286497087,-3668.229309456,-336.938064749,-3684.649884100  
443243,-414.326395890,-3661.747949904,-402.002657091,-3671.309901932  
443244,-413.472931889,-3654.576390336,-362.734785617,-3692.386620904  
443245,-412.236450575,-3646.766439615,-361.600220270,-3683.042453082  
443246,-410.784407981,-3637.590552391,-370.373420371,-3691.402345985  
443247,-409.189231267,-3627.555600875,-348.694024282,-3672.137666493  
443248,-407.477246978,-3616.601548108,-336.692900223,-3675.097905325  
443249,-405.687101960,-3604.976296207,-321.301291970,-3654.412232263  
443250,-403.878920672,-3592.937985436,-265.437245779,-3592.706914425  
443251,-402.063864454,-3580.670496712,-303.786025755,-3589.945342603  
443252,-400.233359372,-3568.577419185,-267.504967800,-3562.662142889  
443253,-398.381112901,-3556.883288063,-271.564553234,-3560.705420660  
443254,-396.503985465,-3545.859729753,-245.805412908,-3534.058484704  
443255,-394.850439531,-3536.034546417,-245.078964580,-3521.635162443  
443256,-393.514947136,-3527.912522660,-245.492492817,-3512.352661478  
443257,-392.488640771,-3521.906418452,-261.294627655,-3536.283901529  
443258,-391.679913647,-3517.376177416,-256.452622119,-3507.807528791  
443259,-391.001161758,-3513.851145332,-250.422104107,-3503.731383310  
443260,-390.555158805,-3511.931443800,-251.527683520,-3471.367109295  
443261,-390.288078303,-3511.048331439,-226.320392013,-3300.951509583  
443262,-390.067377194,-3510.526030062,-325.705160456,-3416.147221202  
443263,-389.858126280,-3510.025569883,-409.671241350,-3493.125937848  
443264,-389.845223780,-3509.191362132,-372.981488204,-3494.495402890  
443265,-389.925907380,-3507.919428883,-380.166834451,-3504.350098382  
443266,-389.517091485,-3505.053562495,-280.249117676,-3494.872525648  
443267,-388.784800080,-3500.968701506,-279.576113410,-3493.113317553  
443268,-387.925111272,-3495.861107219,-278.240374094,-3459.357136631  
443269,-386.910545286,-3489.777509940,-364.479588634,-3487.879126142  
443270,-385.708469554,-3482.582885972,-268.402366662,-3480.156309729  
443271,-384.317743826,-3474.458406191,-240.278998340,-3474.672080535  
443272,-382.789329045,-3465.861766835,-234.914836180,-3464.832883436  
443273,-381.231995086,-3456.817573929,-236.594953477,-3449.146327234  
443274,-379.662634440,-3447.459950067,-243.097037354,-3445.616918227  
443275,-378.031731175,-3437.865184360,-243.387882770,-3434.928954619  
443276,-376.180140747,-3428.119396431,-243.509414024,-3420.958548432  
443277,-373.777550726,-3418.350832319,-253.768909584,-3429.036647072  
443278,-371.044936785,-3408.546289668,-242.251398648,-3411.949502610  
443279,-368.016640197,-3398.468595862,-271.737361209,-3407.863609184  
443280,-364.909630076,-3388.177445425,-262.704375972,-3399.081544296  
443281,-361.811489376,-3377.624820908,-375.264685046,-3367.524229575  
443282,-359.013897568,-3366.881838737,-263.422045155,-3375.818867389  
443283,-355.951833999,-3356.435651707,-265.246438544,-3363.628364258  
443284,-352.981975032,-3347.439783885,-270.463169391,-3354.018531263  
443285,-350.867718276,-3340.736724092,-249.571028695,-3340.231666401  
443286,-349.877567419,-3337.323059051,-331.089970423,-3370.439079155  
443287,-349.766501585,-3337.009612329,-358.495126437,-3342.012031474  
443288,-349.681196581,-3336.691244552,-347.475245352,-3330.280879560  
443289,-349.680049867,-3336.623878546,-347.516479737,-3318.714846329  
443290,-349.670604815,-3336.674319152,-342.359925212,-3302.681879509  
443291,-349.744451286,-3336.697062723,-339.778411738,-3308.642159766  
443292,-349.837476309,-3336.700749146,-335.677232317,-3324.829957692  
443293,-349.881844723,-3336.852691878,-323.433798281,-3325.383343824  
443294,-350.055582472,-3336.981189750,-325.312836208,-3327.048814534  
443295,-350.292850538,-3337.039136903,-314.470549700,-3325.895330891  
443296,-350.442814172,-3337.049074836,-313.612814278,-3328.405027609  
443297,-350.616232926,-3336.675679506,-308.903987533,-3330.210853978  
443298,-350.670044684,-3336.267897277,-308.214582172,-3330.618593070  
443299,-350.722434218,-3335.810380821,-310.390128546,-3332.934125622  
443300,-350.747347199,-3335.353188300,-311.758795181,-3334.419036635  
443301,-350.768820787,-3335.090925098,-313.221317312,-3335.877821626  
443302,-350.785996728,-3335.004221172,-319.982130673,-3337.350884192  
443303,-350.804602693,-3334.959945408,-315.024309990,-3335.538101632  
443304,-350.828360347,-3334.928581176,-309.703463579,-3327.335003610  
443305,-350.851259031,-3334.904595049,-317.846130066,-3337.441696097  
443306,-350.871867831,-3334.886451709,-326.113192687,-3335.106132321  
443307,-350.889900530,-3334.872306117,-318.937785127,-3323.834832007  
443308,-351.008399075,-3334.631496162,-295.982267857,-3340.993288424  
443309,-350.570145705,-3333.103692130,-298.181985979,-3320.059965148  
443310,-349.638672474,-3329.676491038,-295.695203617,-3330.106410408  
443311,-348.320471178,-3324.916177796,-328.664130340,-3316.217594211  
443312,-346.600375506,-3318.943950461,-301.851889092,-3318.568100640  
443313,-344.461212253,-3311.762882573,-352.505879275,-3296.355679943  
443314,-341.873215508,-3303.453557292,-283.158019292,-3323.668498208  
443315,-338.873310717,-3294.072870455,-296.675446553,-3314.180700336  
443316,-335.575997857,-3283.817086579,-278.633690621,-3319.094859942  
443317,-332.050833925,-3272.761260290,-255.615657167,-3289.062913863  
443318,-328.336464359,-3261.136687377,-284.272776955,-3266.813773167  
443319,-324.433752954,-3249.047048392,-262.630957658,-3277.703505529  
443320,-320.368746209,-3236.537845675,-245.706985499,-3275.053440779  
443321,-316.231326887,-3223.916670254,-228.114940719,-3240.913557117  
443322,-312.219576884,-3211.670454993,-212.181846148,-3227.578907041  
443323,-308.283117526,-3199.750899884,-271.199888739,-3209.758240124  
443324,-304.345519368,-3187.840262903,-267.336801357,-3190.891357750  
443325,-300.431398987,-3175.957620513,-318.522653445,-3167.412181562  
443326,-296.740839083,-3164.626180824,-160.008627467,-3147.656551461  
443327,-293.416677380,-3154.315660572,-287.828071382,-3145.698275032  
443328,-290.494979911,-3145.336389857,-310.672208047,-3136.666918196  
443329,-287.879287441,-3137.638560672,-199.325190786,-3130.905718965  
443330,-285.645164534,-3131.383644138,-306.886425717,-3127.136386744  
443331,-283.794325536,-3126.400630182,-279.012051063,-3122.073634819  
443332,-282.212555381,-3122.184753335,-294.849448989,-3114.917686636  
443333,-280.838599430,-3118.678796627,-286.677365018,-3110.361214356  
443334,-279.769205644,-3116.039331392,-288.089552287,-3106.686797070  
443335,-279.019259467,-3114.348798424,-288.901015280,-3104.085522877  
443336,-278.506318833,-3113.158106347,-299.868329329,-3104.392169824  
443337,-278.309667692,-3112.464783187,-279.367145009,-3106.803722016  
443338,-278.385801007,-3112.315592600,-279.444281551,-3091.553308059  
443339,-278.401826261,-3112.138413860,-275.656402153,-3084.914831753  
443340,-278.412126830,-3111.953545335,-280.633123930,-3078.729194002  
443341,-278.428440743,-3111.919704630,-260.702723364,-3074.298864189  
443342,-278.505713467,-3111.363585259,-256.202185642,-3080.814705121  
443343,-278.585274324,-3110.701347836,-256.532560727,-3080.690947044  
443344,-278.605307785,-3110.552473695,-258.549663924,-3106.862419881  
443345,-278.613607109,-3110.486647123,-284.730898995,-3101.137291143  
443346,-278.616182420,-3110.452810099,-263.412462895,-3099.768542595  
443347,-278.619044229,-3110.434352846,-263.204732903,-3100.446828700  
443348,-278.624195990,-3110.420817569,-270.300808947,-3112.882574148  
443349,-278.631065165,-3110.410050623,-271.328303086,-3109.566526607  
443350,-278.637648146,-3110.401129255,-260.836657868,-3111.107195243  
443351,-278.649379287,-3110.199647604,-264.876893367,-3102.866473429  
443352,-278.621612867,-3110.067074431,-239.667908762,-3080.859031512  
443353,-278.644510956,-3110.064305171,-210.394394165,-3080.170832019  
443354,-278.664546828,-3110.067072192,-245.249770952,-3109.761795580  
443355,-278.652239363,-3110.081837488,-270.889334127,-3115.285069907  
443356,-278.625047745,-3110.082760271,-293.854994212,-3102.920197991  
443357,-278.576388119,-3110.027393950,-231.971006901,-3078.572526649  
443358,-278.413804750,-3109.673970099,-279.366648440,-3102.821529052  
443359,-277.822717897,-3108.142767719,-192.954315296,-3051.248594231  
443360,-276.528625615,-3104.825065493,-209.603630155,-3062.773885291  
443361,-274.496328267,-3100.019848154,-277.795346950,-3096.645367355  
443362,-271.989454977,-3094.433970641,-239.494160652,-3054.044989632  
443363,-269.348912427,-3088.674917698,-259.429421393,-3086.939125805  
443364,-266.517451344,-3082.453252070,-253.947411171,-3081.849891674  
443365,-263.758413684,-3076.606230119,-249.649863631,-3072.542194955  
443366,-260.794728696,-3070.929308450,-245.883741224,-3068.366799428  
443367,-257.497592266,-3065.264080778,-248.873388906,-3061.279040632  
443368,-253.970332140,-3059.793216927,-254.180116539,-3058.618903300  
443369,-250.248166334,-3054.888364987,-250.303158326,-3051.834158734  
443370,-245.915208431,-3050.782957332,-242.488772800,-3046.232065012  
443371,-240.885600616,-3048.205059553,-240.290885483,-3044.311999699  
443372,-236.049794555,-3047.350907305,-230.670237927,-3045.574307726  
443373,-230.957837458,-3047.892317877,-227.008788333,-3049.310281838  
443374,-224.581627740,-3050.338913402,-223.178982458,-3052.052012167  
443375,-217.123182729,-3052.916068009,-213.723670298,-3053.993178467  
443376,-209.516471055,-3055.610100140,-209.146428738,-3054.003699296  
443377,-202.700598199,-3058.206601301,-202.896848001,-3057.488456872  
443378,-196.982970852,-3060.569007285,-195.862407366,-3059.947311220  
443379,-192.769168382,-3062.311906219,-192.258785258,-3062.116124037  
443380,-189.430068147,-3063.707201222,-191.862412999,-3063.709524426  
443381,-186.639088885,-3064.930542533,-198.695673131,-3066.041073074  
443382,-185.252901088,-3065.536209943,-200.037262276,-3066.966161773  
443383,-185.130682392,-3065.568195056,-204.879286606,-3066.589981675  
443384,-185.157015105,-3065.562964652,-206.336106996,-3069.991849172  
443385,-185.175333603,-3065.565732311,-198.179658536,-3077.178520527  
443386,-185.177909361,-3065.537126860,-198.709920875,-3071.923007345  
443387,-185.184206414,-3065.523596445,-198.546373343,-3073.227956456  
443388,-185.189072672,-3065.540825121,-197.201520250,-3074.279697719  
443389,-185.187355519,-3065.575272461,-196.929351282,-3075.844820073  
443390,-185.187642060,-3065.594344832,-194.426894774,-3072.595762835  
443391,-185.187069760,-3065.609724133,-197.830301804,-3077.241719359  
443392,-185.180486538,-3065.623255518,-207.501101301,-3073.458997517  
443393,-184.224781013,-3066.096025301,-196.451761060,-3088.336737162  
443394,-182.961098326,-3066.688165543,-193.652009822,-3087.355286917  
443395,-181.965321650,-3067.138189532,-179.265755823,-3066.663454570  
443396,-180.227363795,-3067.921353873,-172.265039290,-3064.206751302  
443397,-178.019709719,-3068.907832948,-187.087441132,-3077.058588504  
443398,-174.811699360,-3070.336044240,-182.006468138,-3076.639368177  
443399,-170.818858610,-3072.131522930,-176.823334858,-3077.996794717  
443400,-166.872099281,-3073.911005612,-168.117613512,-3070.032129400  
443401,-163.078468682,-3075.588968483,-165.654641024,-3074.108176204  
443402,-158.600759145,-3077.580077926,-159.656937533,-3082.942403144  
443403,-153.762976946,-3079.695775057,-156.172992336,-3085.032553763  
443404,-149.619289977,-3081.530616167,-154.897911868,-3084.525691127  
443405,-146.704655561,-3082.830858605,-150.378763135,-3081.229428217  
443406,-144.288627136,-3083.807864476,-145.310179522,-3093.027923193  
443407,-142.236103549,-3084.662098621,-154.658655517,-3083.971244229  
443408,-139.492916594,-3085.782405962,-148.682005507,-3097.676908639  
443409,-135.790300862,-3087.283850149,-149.884760859,-3088.393869703  
443410,-132.002675395,-3088.805602332,-131.931402883,-3100.152836729  
443411,-127.761954342,-3090.469806750,-130.759330996,-3090.664072926  
443412,-123.176900455,-3092.124155144,-137.177412866,-3093.388208862  
443413,-118.408661657,-3093.769010605,-131.345495298,-3098.705757890  
443414,-113.132369921,-3095.515086399,-126.576537758,-3105.219841858  
443415,-108.031818548,-3097.075058601,-118.571695316,-3105.206148243  
443416,-103.467657942,-3098.476106187,-111.912231700,-3109.039111454  
443417,-99.778485678,-3099.457768124,-107.937785156,-3108.942584006  
443418,-96.869565506,-3100.216994633,-88.124166527,-3097.219643318  
443419,-94.983046133,-3100.704889632,-82.455739492,-3094.524444226  
443420,-93.746833592,-3101.050350517,-103.273823049,-3108.548478591  
443421,-92.167721661,-3101.530851262,-114.803901057,-3119.176591403  
443422,-89.500089736,-3102.281146937,-112.950322960,-3119.236303235  
443423,-86.006119241,-3103.028367884,-107.794346767,-3115.298339098  
443424,-82.171822401,-3103.581165929,-104.920315007,-3114.309099345  
443425,-78.540745574,-3103.986304837,-107.078642619,-3123.237581473  
443426,-75.460372748,-3104.332206378,-103.218633444,-3121.201648480  
443427,-73.400682524,-3104.550321647,-96.010960435,-3117.837171304  
443428,-72.061139563,-3104.701057632,-98.851987686,-3128.873315455  
443429,-70.952009319,-3104.819798098,-95.461649302,-3126.898540737  
443430,-69.814256446,-3104.959148991,-104.149003262,-3144.045818436  
443431,-67.757141752,-3105.199699884,-90.683813877,-3129.907141457  
443432,-64.183881356,-3105.612195489,-84.306132892,-3142.979303363  
443433,-59.528967707,-3106.128951275,-82.310050736,-3147.973313115  
443434,-54.193977127,-3106.662593492,-60.929908202,-3139.802464130  
443435,-48.098193755,-3107.189757623,-82.861836973,-3145.171573535  
443436,-41.127413484,-3107.657586570,-79.322629038,-3142.816345382  
443437,-33.536663062,-3107.965666749,-75.619154164,-3158.775669768  
443438,-25.754426745,-3108.362901171,-55.350230134,-3145.599930103  
443439,-18.051190709,-3109.631543068,-19.577098527,-3166.048112444  
443440,-10.683986129,-3112.068124650,-21.692816144,-3152.586403835  
443441,-3.793062828,-3115.797487214,-12.225738859,-3147.866258394  
443442,1.951808209,-3121.134701848,4.124319367,-3157.399768898  
443443,5.941821903,-3127.850639948,-47.709075203,-3099.841120074  
443444,7.762519467,-3135.340892061,21.215084301,-3164.114735378  
443445,8.239951637,-3142.970584485,43.988938013,-3198.871547687  
443446,8.572553239,-3150.744631540,12.331094357,-3164.079941189  
443447,8.816996564,-3158.085851698,17.457739299,-3175.264863442  
443448,8.989309816,-3164.582618900,12.961133856,-3171.028412959  
443449,9.043123699,-3169.462049789,17.327268040,-3171.615261801  
443450,8.839617051,-3172.384244307,6.372986377,-3185.997188241  
443451,8.710528618,-3173.361806112,-7.924601724,-3203.849998273  
443452,8.846200900,-3173.279070829,-5.032089899,-3170.024787306  
443453,8.909457430,-3173.268010355,4.269358229,-3169.630414547  
443454,8.952677970,-3173.266485857,6.135038550,-3171.422696568  
443455,8.965271903,-3173.247991104,16.899420698,-3171.151070048  
443456,9.027955650,-3173.219593747,0.966745518,-3176.298230114  
443457,9.099512419,-3173.194559932,-3.457807735,-3178.146209149  
443458,9.131569870,-3173.188361489,-14.789568619,-3178.591723088  
443459,9.156757890,-3173.186485392,2.349681267,-3173.758399022  
443460,9.174790231,-3173.188312450,2.029115208,-3174.132732571  
443461,9.184521971,-3173.192608779,3.396386787,-3172.178592882  
443462,9.188242930,-3173.199677472,-14.697869224,-3172.564261321  
443463,9.188815380,-3173.208901337,-7.737480737,-3175.064118477  
443464,9.187956692,-3173.218741394,-0.430614905,-3175.664787910  
443465,9.186239320,-3173.228274356,-6.772175616,-3178.776477183  
443466,9.185094405,-3173.237192627,-7.098202627,-3179.133743592  
443467,9.183663262,-3173.245188112,-8.483718133,-3179.663757699  
443468,9.182804577,-3173.252568904,18.993216598,-3170.734029634  
443469,9.181945894,-3173.259027411,12.818034392,-3175.055218201  
443470,9.181087208,-3173.264870726,12.397938731,-3174.780758810  
443471,9.179942294,-3173.270098851,6.352356713,-3173.147295243  
443472,9.178797379,-3173.274712285,16.448295384,-3172.708868952  
443473,9.177652468,-3173.279018123,15.112563236,-3173.397831331  
443474,9.176221329,-3173.283016865,6.813983664,-3175.251888017  
443475,9.174790187,-3173.286707513,7.671802746,-3177.010044818  
443476,9.173359046,-3173.290091065,14.765103202,-3175.248905809  
443477,9.171927907,-3173.292859925,9.672055039,-3177.543777684  
443478,9.170496766,-3173.295628286,9.808278845,-3176.820497344  
443479,9.169351855,-3173.298397147,10.869711894,-3175.978133486  
443480,9.168206945,-3173.300858411,9.689779807,-3177.123571977  
443481,9.167348261,-3173.303319676,10.194274097,-3177.169077467  
443482,9.166489578,-3173.305473346,10.392422002,-3177.141594267  
443483,9.166203353,-3173.307934611,9.755099080,-3178.243633504  
443484,9.165917125,-3173.310087780,8.887685144,-3179.114725628  
443485,8.952391053,-3174.052908619,7.056134355,-3182.286056281  
443486,8.362189320,-3176.728356898,-6.884394033,-3182.112833072  
443487,7.337493161,-3180.968855402,-6.091271708,-3184.654434573  
443488,5.518512137,-3186.445793183,-6.145781771,-3189.162741126  
443489,2.827104724,-3192.684914448,-6.921689457,-3193.109370722  
443490,-0.796552183,-3198.447598857,7.117149955,-3201.248876531  
443491,-5.460940662,-3203.563034072,-11.483504550,-3206.202600997  
443492,-10.916755888,-3208.790960689,-10.153940469,-3205.444535189  
443493,-16.918127782,-3214.269211419,-9.258018187,-3232.672237450  
443494,-22.996213201,-3219.743450215,-20.061394741,-3222.141722877  
443495,-28.858199126,-3225.018356357,-13.300815718,-3235.699230247  
443496,-34.327481397,-3229.975216916,-3.837865763,-3254.296827710  
443497,-39.326204599,-3234.419954068,-12.134793810,-3235.847693631  
443498,-43.693220224,-3238.291953631,-1.773067112,-3275.256457230  
443499,-47.324339402,-3241.515233753,-25.616152308,-3286.198176082  
443500,-50.091615941,-3243.952907185,-21.469233820,-3308.591779605  
443501,-51.951256094,-3245.579157480,-13.071669492,-3257.934235596  
443502,-53.062689553,-3246.544382271,13.861703306,-3287.786499555  
443503,-53.572752396,-3246.981462981,-25.371702957,-3301.604060170  
443504,-53.664918466,-3247.050969012,-67.865716788,-3344.117561645  
443505,-53.695544915,-3247.063569062,-6.472979273,-3345.208193786  
443506,-53.650892840,-3247.052484518,-53.513036160,-3258.613942116  
443507,-53.606813281,-3247.037712922,-26.078862182,-3294.370078997  
443508,-53.514647171,-3246.983273443,-20.196132425,-3308.628175372  
443509,-53.472571444,-3246.952831357,-32.073060866,-3303.667164959  
443510,-53.449673132,-3246.934999084,-27.597222156,-3317.307993242  
443511,-53.435934214,-3246.921782249,-16.245501855,-3290.831407805  
443512,-53.424771405,-3246.910105429,-27.151877879,-3294.801084467  
443513,-53.417329545,-3246.902116672,-37.956996916,-3288.327162876  
443514,-53.412463731,-3246.897509409,-14.900415016,-3276.937222188  
443515,-53.409601508,-3246.895361367,-8.082911561,-3275.153746030  
443516,-53.407884186,-3246.895057359,-8.355827068,-3263.990367737  
443517,-53.407025552,-3246.896290816,2.708435841,-3262.306865115  
443518,-53.406453132,-3246.898138437,4.019783950,-3261.324983888  
443519,-53.405880704,-3246.900293144,0.158482127,-3269.680506543  
443520,-53.406166968,-3246.902755441,-47.991930388,-3289.973774354  
443521,-53.595365791,-3247.107318595,-18.100820023,-3282.530487930  
443522,-54.513307700,-3247.934438691,-232.811333533,-3926.700889218  
443523,-56.463684192,-3249.678502334,-26.648918167,-3335.341081481  
443524,-58.929849857,-3252.066362201,-26.921689944,-3330.460047776  
443525,-61.009035917,-3255.062347207,-42.828263667,-3297.821792676  
443526,-61.889207630,-3258.749792974,-20.248018520,-3300.112919378  
443527,-60.823589477,-3263.010896579,-58.533905134,-3245.979933658  
443528,-57.760943781,-3267.484878089,-72.420841243,-3261.114089085  
443529,-53.677888320,-3272.761387925,-60.376197420,-3254.618144822  
443530,-49.045555793,-3278.630939414,-46.696358585,-3276.903581471  
443531,-43.856789178,-3285.111359650,-63.313438305,-3284.647075718  
443532,-38.017703795,-3292.138698422,-57.815612753,-3289.709645040  
443533,-31.603289990,-3299.538835593,-27.751464690,-3293.867258062  
443534,-24.670506702,-3307.384993146,-50.434083648,-3322.565295618  
443535,-17.282037094,-3315.751590182,-53.939275811,-3314.761325659  
443536,-9.474803580,-3324.517457949,1.560180887,-3317.836306525  
443537,-1.446018168,-3333.687177264,5.470172457,-3330.697612407  
443538,6.615407143,-3343.035922821,-2.000911288,-3341.954830548  
443539,14.592403687,-3352.281930972,-44.666040529,-3383.878978841  
443540,21.851825149,-3360.683592257,22.642987690,-3328.144254646  
443541,27.455113307,-3367.705681656,23.377834442,-3366.327195179  
443542,30.899926534,-3373.074451047,39.140878623,-3364.115183820  
443543,32.392351124,-3377.932932575,38.494272162,-3353.625185947  
443544,32.002799359,-3382.864934343,33.346102495,-3373.604717818  
443545,29.339415929,-3387.378874042,21.689451829,-3378.111267080  
443546,25.011873979,-3391.034313856,25.432566535,-3376.735572231  
443547,20.759036977,-3394.809723063,12.553717317,-3371.069998530  
443548,16.724879901,-3398.826586793,8.724967819,-3380.073105082  
443549,13.005576461,-3402.470034169,44.011814771,-3379.646046720  
443550,10.282646797,-3405.000930363,21.158203767,-3394.811090556  
443551,8.365174786,-3406.703472770,2.322032867,-3414.580771958  
443552,7.352769997,-3407.620101763,11.012278544,-3408.783733913  
443553,6.935729049,-3408.036276961,-10.994162299,-3420.690228125  
443554,6.888786885,-3408.063343769,-25.589976225,-3422.061002213  
443555,6.917123880,-3407.963987746,-7.544111861,-3402.848316685  
443556,6.875906319,-3407.869555968,-16.634211747,-3403.788666039  
443557,6.899377408,-3407.849875221,-17.241028113,-3402.638814718  
443558,6.861594709,-3407.869569939,-2.841677620,-3421.161324989  
443559,6.826960575,-3407.881885589,5.850707206,-3429.111373822  
443560,6.829250391,-3407.851418600,-0.360142054,-3436.479291103  
443561,6.853580067,-3407.763717905,4.419495077,-3431.154159636  
443562,6.868177894,-3407.711108875,-12.123743625,-3439.278595564  
443563,6.862166985,-3407.678500003,-6.108097402,-3413.143866434  
443564,6.861594536,-3407.700035980,2.102329768,-3417.260639463  
443565,6.859304671,-3407.704031498,9.807460953,-3406.413581342  
443566,6.859877120,-3407.690800598,4.856688765,-3407.739315199  
443567,6.865887983,-3407.664648002,-9.167405758,-3394.449813464  
443568,6.867032900,-3407.658182590,-7.245618203,-3427.305334199  
