197636,197636,-nan,-nan,-6292741.6544055268
197638,197638,-nan,-nan,-6292741.6544055268
197639,197639,-nan,-nan,-nan
197640,197640,31.2400148214,121.4850688405,-23.5472103005
197641,197641,-nan,-nan,-nan
197642,197642,31.2396197620,121.4850281023,-81.3179523253
197643,197643,31.2400505994,121.4848777830,1.9832908519
197644,197644,31.2404972159,121.4848410952,109.9405285239
197645,197645,-nan,-nan,-6292741.6544055268
197646,197646,-nan,-nan,-6292741.6544055268
197647,197647,-nan,-nan,-nan
197648,197648,-nan,-nan,-nan
197650,197650,-nan,-nan,-nan
197651,197651,-nan,-nan,-6292741.6544055268
197652,197652,31.2410868456,121.4854472194,37.7290430189
197653,197653,-nan,-nan,-6292741.6544055268
197654,197654,-nan,-nan,-6292741.6544055268
197655,197655,-nan,-nan,-6292741.6544055268
197656,197656,31.2406702789,121.4860909876,190.1571950929
197657,197657,-nan,-nan,-6292741.6544055268
197658,197658,-nan,-nan,-6292741.6544055268
197659,197659,-nan,-nan,-6292741.6544055268
197660,197660,-nan,-nan,-6292741.6544055268
197661,197661,-nan,-nan,-6292741.6544055268
197662,197662,-nan,-nan,-6292741.6544055268
197663,197663,-nan,-nan,-6292741.6544055268
197664,197664,31.0661731892,119.7055957927,-36943.6628290559
197665,197665,30.4773713889,120.3278079748,-2170.7834507134
197666,197666,-nan,-nan,-6292741.6544055268
197667,197667,-5.0622850634,-6.6660994706,-1512499.5438844441
197668,197668,-nan,-nan,-6292741.6544055268
197669,197669,26.2816243253,128.1128269494,2397771.9773290167
197670,197670,-nan,-nan,-6292741.6544055268
197671,197671,30.2981118382,121.3031900752,-7276.9018596402
197672,197672,-nan,-nan,-6292741.6544055268
197673,197673,-nan,-nan,-6292741.6544055268
197674,197674,-nan,-nan,-6292741.6544055268
197675,197675,-nan,-nan,-6292741.6544055268
197676,197676,31.2410876725,121.4855094735,45.1692984234
197677,197677,30.4136709564,122.3690536578,172691.1569336800
197678,197678,29.1696710296,122.8793410701,71497.6600332563
197679,197679,-nan,-nan,-6292741.6544055268
197680,197680,32.0082465071,101.4661694419,-1874272.4649534705
197681,197681,-nan,-nan,-6292741.6544055268
197682,197682,-nan,-nan,-6292741.6544055268
197683,197683,-nan,-nan,-6292741.6544055268
197684,197684,27.3068675375,119.9393251579,-93937.9843132281
197685,197685,31.2478018957,121.4912360319,-940.8155749696
197686,197686,-nan,-nan,-6292741.6544055268
197687,197687,-nan,-nan,-6292741.6544055268
197688,197688,-nan,-nan,-6292741.6544055268
197689,197689,31.2409003004,121.4852561824,35.5579640532
197690,197690,31.2415478500,121.4842310780,-388.4880547679
197691,197691,-nan,-nan,-6292741.6544055268
197692,197692,-nan,-nan,-6292741.6544055268
197693,197693,-nan,-nan,-6292741.6544055268
197694,197694,-nan,-nan,-6292741.6544055268
197695,197695,-nan,-nan,-6292741.6544055268
197696,197696,-nan,-nan,-6292741.6544055268
197697,197697,-nan,-nan,-6292741.6544055268
197698,197698,-nan,-nan,-6292741.6544055268
197699,197699,-nan,-nan,-6292741.6544055268
197700,197700,-nan,-nan,-6292741.6544055268
197701,197701,-nan,-nan,-6292741.6544055268
197702,197702,-nan,-nan,-6292741.6544055268
197703,197703,-nan,-nan,-6292741.6544055268
197704,197704,-nan,-nan,-6292741.6544055268
197705,197705,-nan,-nan,-6292741.6544055268
197706,197706,-nan,-nan,-6292741.6544055268
197707,197707,-nan,-nan,-6292741.6544055268
197708,197708,-nan,-nan,-6292741.6544055268
197709,197709,-nan,-nan,-6292741.6544055268
197710,197710,-nan,-nan,-6292741.6544055268
197711,197711,-nan,-nan,-6292741.6544055268
197712,197712,-nan,-nan,-6292741.6544055268
197713,197713,-nan,-nan,-6292741.6544055268
197714,197714,-nan,-nan,-6292741.6544055268
197715,197715,-nan,-nan,-6292741.6544055268
197716,197716,-nan,-nan,-6292741.6544055268
197717,197717,-nan,-nan,-6292741.6544055268
197718,197718,-nan,-nan,-6292741.6544055268
197719,197719,-nan,-nan,-6292741.6544055268
197720,197720,-nan,-nan,-6292741.6544055268
197721,197721,-nan,-nan,-6292741.6544055268
197722,197722,-nan,-nan,-6292741.6544055268
197723,197723,-nan,-nan,-6292741.6544055268
197724,197724,-nan,-nan,-6292741.6544055268
197725,197725,-nan,-nan,-6292741.6544055268
197726,197726,-nan,-nan,-6292741.6544055268
197727,197727,-nan,-nan,-6292741.6544055268
197728,197728,-nan,-nan,-6292741.6544055268
197729,197729,-nan,-nan,-6292741.6544055268
197730,197730,-nan,-nan,-6292741.6544055268
197731,197731,-nan,-nan,-6292741.6544055268
197732,197732,-nan,-nan,-6292741.6544055268
197733,197733,-nan,-nan,-6292741.6544055268
197734,197734,-nan,-nan,-6292741.6544055268
197735,197735,-nan,-nan,-6292741.6544055268
197736,197736,-nan,-nan,-6292741.6544055268
197737,197737,-nan,-nan,-6292741.6544055268
197738,197738,-nan,-nan,-6292741.6544055268
197739,197739,-nan,-nan,-6292741.6544055268
197740,197740,-nan,-nan,-6292741.6544055268
197741,197741,31.2401433229,121.4830755143,285.3202148830
197742,197742,-nan,-nan,-6292741.6544055268
197743,197743,-nan,-nan,-6292741.6544055268
197744,197744,-nan,-nan,-6292741.6544055268
197745,197745,-nan,-nan,-6292741.6544055268
197746,197746,-nan,-nan,-6292741.6544055268
197747,197747,-nan,-nan,-6292741.6544055268
197748,197748,-nan,-nan,-6292741.6544055268
197749,197749,-nan,-nan,-6292741.6544055268
197750,197750,-nan,-nan,-6292741.6544055268
197751,197751,-nan,-nan,-6292741.6544055268
197752,197752,-nan,-nan,-6292741.6544055268
197753,197753,-nan,-nan,-6292741.6544055268
197754,197754,-nan,-nan,-6292741.6544055268
197755,197755,-nan,-nan,-6292741.6544055268
197756,197756,-nan,-nan,-6292741.6544055268
197757,197757,-nan,-nan,-6292741.6544055268
197758,197758,-nan,-nan,-6292741.6544055268
197759,197759,-nan,-nan,-6292741.6544055268
197760,197760,-nan,-nan,-6292741.6544055268
197761,197761,-nan,-nan,-6292741.6544055268
197762,197762,-nan,-nan,-6292741.6544055268
197764,197764,-nan,-nan,-6292741.6544055268
197765,197765,-nan,-nan,-6292741.6544055268
197767,197767,-nan,-nan,-6292741.6544055268
197768,197768,-nan,-nan,-6292741.6544055268
197769,197769,-nan,-nan,-6292741.6544055268
197770,197770,-nan,-nan,-6292741.6544055268
197771,197771,-nan,-nan,-6292741.6544055268
197772,197772,-nan,-nan,-6292741.6544055268
197773,197773,-nan,-nan,-6292741.6544055268
197774,197774,31.2410886926,121.4847357760,180.3704145706
197775,197775,-nan,-nan,-6292741.6544055268
197776,197776,-nan,-nan,-6292741.6544055268
197777,197777,-nan,-nan,-6292741.6544055268
197778,197778,-nan,-nan,-6292741.6544055268
197780,197780,-nan,-nan,-6292741.6544055268
197781,197781,-nan,-nan,-6292741.6544055268
197782,197782,-nan,-nan,-6292741.6544055268
197783,197783,-nan,-nan,-6292741.6544055268
197784,197784,-nan,-nan,-6292741.6544055268
197786,197786,-nan,-nan,-6292741.6544055268
197787,197787,-nan,-nan,-6292741.6544055268
197788,197788,-nan,-nan,-6292741.6544055268
197789,197789,-nan,-nan,-6292741.6544055268
197790,197790,-nan,-nan,-6292741.6544055268
197791,197791,-nan,-nan,-6292741.6544055268
197792,197792,-nan,-nan,-6292741.6544055268
197793,197793,-nan,-nan,-6292741.6544055268
197794,197794,-nan,-nan,-6292741.6544055268
197795,197795,-nan,-nan,-6292741.6544055268
197796,197796,-nan,-nan,-6292741.6544055268
197797,197797,-nan,-nan,-6292741.6544055268
197798,197798,-nan,-nan,-6292741.6544055268
197799,197799,-nan,-nan,-6292741.6544055268
197800,197800,-nan,-nan,-6292741.6544055268
197801,197801,-nan,-nan,-6292741.6544055268
197802,197802,-nan,-nan,-6292741.6544055268
197803,197803,-nan,-nan,-6292741.6544055268
197804,197804,-nan,-nan,-6292741.6544055268
197805,197805,-nan,-nan,-6292741.6544055268
197806,197806,-nan,-nan,-6292741.6544055268
197807,197807,-nan,-nan,-6292741.6544055268
197808,197808,-nan,-nan,-6292741.6544055268
197809,197809,-nan,-nan,-6292741.6544055268
197810,197810,-nan,-nan,-6292741.6544055268
197811,197811,-nan,-nan,-6292741.6544055268
197812,197812,-nan,-nan,-6292741.6544055268
197813,197813,-nan,-nan,-6292741.6544055268
197815,197815,-nan,-nan,-6292741.6544055268
197816,197816,-nan,-nan,-6292741.6544055268
197817,197817,-nan,-nan,-6292741.6544055268
197818,197818,-nan,-nan,-6292741.6544055268
197819,197819,-nan,-nan,-6292741.6544055268
197820,197820,-nan,-nan,-6292741.6544055268
197821,197821,-nan,-nan,-6292741.6544055268
197822,197822,-nan,-nan,-6292741.6544055268
197823,197823,-nan,-nan,-6292741.6544055268
197824,197824,-nan,-nan,-6292741.6544055268
197825,197825,-nan,-nan,-6292741.6544055268
197826,197826,-nan,-nan,-6292741.6544055268
197827,197827,-nan,-nan,-6292741.6544055268
197828,197828,31.2406326202,121.4833193759,116.5656340595
197829,197829,-nan,-nan,-6292741.6544055268
197830,197830,31.2405457138,121.4832255141,25.5800278405
197831,197831,31.2402523262,121.4825786179,146.8110412263
197832,197832,31.2405134064,121.4832143254,25.0627113489
197833,197833,-nan,-nan,-6292741.6544055268
197834,197834,-nan,-nan,-6292741.6544055268
197835,197835,31.2401999144,121.4824307684,170.6494148855
197836,197836,-nan,-nan,-6292741.6544055268
197837,197837,-nan,-nan,-6292741.6544055268
197838,197838,-nan,-nan,-6292741.6544055268
197839,197839,-nan,-nan,-6292741.6544055268
197840,197840,31.2405348940,121.4828417567,120.9178267990
197841,197841,-nan,-nan,-6292741.6544055268
197842,197842,-nan,-nan,-6292741.6544055268
197843,197843,-nan,-nan,-6292741.6544055268
197844,197844,-nan,-nan,-6292741.6544055268
197845,197845,-nan,-nan,-6292741.6544055268
197846,197846,-nan,-nan,-6292741.6544055268
197847,197847,-nan,-nan,-6292741.6544055268
197848,197848,-nan,-nan,-6292741.6544055268
197849,197849,-nan,-nan,-6292741.6544055268
197850,197850,-nan,-nan,-6292741.6544055268
197851,197851,-nan,-nan,-6292741.6544055268
197852,197852,-nan,-nan,-6292741.6544055268
197853,197853,-nan,-nan,-6292741.6544055268
197854,197854,-nan,-nan,-6292741.6544055268
197855,197855,-nan,-nan,-6292741.6544055268
197856,197856,-nan,-nan,-6292741.6544055268
197857,197857,-nan,-nan,-6292741.6544055268
197858,197858,-nan,-nan,-6292741.6544055268
197859,197859,-nan,-nan,-6292741.6544055268
197860,197860,-nan,-nan,-6292741.6544055268
197861,197861,-nan,-nan,-6292741.6544055268
197862,197862,-nan,-nan,-6292741.6544055268
197863,197863,-nan,-nan,-6292741.6544055268
197864,197864,-nan,-nan,-6292741.6544055268
197865,197865,-nan,-nan,-6292741.6544055268
197866,197866,-nan,-nan,-6292741.6544055268
197867,197867,-nan,-nan,-6292741.6544055268
197868,197868,-nan,-nan,-6292741.6544055268
197869,197869,-nan,-nan,-6292741.6544055268
197870,197870,-nan,-nan,-6292741.6544055268
197871,197871,-nan,-nan,-6292741.6544055268
197873,197873,-nan,-nan,-6292741.6544055268
197874,197874,-nan,-nan,-6292741.6544055268
197875,197875,-nan,-nan,-6292741.6544055268
197876,197876,-nan,-nan,-6292741.6544055268
197877,197877,-nan,-nan,-6292741.6544055268
197878,197878,-nan,-nan,-6292741.6544055268
197879,197879,-nan,-nan,-6292741.6544055268
197880,197880,-nan,-nan,-6292741.6544055268
197881,197881,-nan,-nan,-6292741.6544055268
197882,197882,-nan,-nan,-6292741.6544055268
197883,197883,-nan,-nan,-6292741.6544055268
197884,197884,-nan,-nan,-6292741.6544055268
197885,197885,-nan,-nan,-6292741.6544055268
197886,197886,-nan,-nan,-6292741.6544055268
197888,197888,-nan,-nan,-6292741.6544055268
197889,197889,-nan,-nan,-6292741.6544055268
197890,197890,-nan,-nan,-6292741.6544055268
197891,197891,-nan,-nan,-6292741.6544055268
197892,197892,-nan,-nan,-6292741.6544055268
197893,197893,-nan,-nan,-6292741.6544055268
197894,197894,-nan,-nan,-6292741.6544055268
197895,197895,-nan,-nan,-6292741.6544055268
197896,197896,-nan,-nan,-6292741.6544055268
197897,197897,-nan,-nan,-6292741.6544055268
197898,197898,-nan,-nan,-6292741.6544055268
197899,197899,-nan,-nan,-6292741.6544055268
197900,197900,-nan,-nan,-6292741.6544055268
197901,197901,-nan,-nan,-6292741.6544055268
197902,197902,-nan,-nan,-6292741.6544055268
197903,197903,-nan,-nan,-6292741.6544055268
197904,197904,-nan,-nan,-6292741.6544055268
197905,197905,-nan,-nan,-6292741.6544055268
197906,197906,-nan,-nan,-6292741.6544055268
197907,197907,-nan,-nan,-6292741.6544055268
197908,197908,-nan,-nan,-6292741.6544055268
197909,197909,-nan,-nan,-6292741.6544055268
197910,197910,-nan,-nan,-6292741.6544055268
197911,197911,-nan,-nan,-6292741.6544055268
197912,197912,-nan,-nan,-6292741.6544055268
197913,197913,-nan,-nan,-6292741.6544055268
197914,197914,-nan,-nan,-6292741.6544055268
197915,197915,-nan,-nan,-6292741.6544055268
197916,197916,31.2402055692,121.4824017677,283.5279398390
197922,197922,-nan,-nan,-6292741.6544055268
197923,197923,-nan,-nan,-6292741.6544055268
197924,197924,-nan,-nan,-6292741.6544055268
197925,197925,-nan,-nan,-6292741.6544055268
197926,197926,-nan,-nan,-6292741.6544055268
197927,197927,-nan,-nan,-6292741.6544055268
197928,197928,-nan,-nan,-6292741.6544055268
197929,197929,-nan,-nan,-6292741.6544055268
197930,197930,-nan,-nan,-6292741.6544055268
197931,197931,-nan,-nan,-6292741.6544055268
197932,197932,-nan,-nan,-6292741.6544055268
197933,197933,-nan,-nan,-6292741.6544055268
197934,197934,-nan,-nan,-6292741.6544055268
197935,197935,-nan,-nan,-6292741.6544055268
197936,197936,-nan,-nan,-6292741.6544055268
197937,197937,-nan,-nan,-6292741.6544055268
197938,197938,-nan,-nan,-6292741.6544055268
197939,197939,-nan,-nan,-6292741.6544055268
197940,197940,-nan,-nan,-6292741.6544055268
197941,197941,-nan,-nan,-6292741.6544055268
197942,197942,-nan,-nan,-6292741.6544055268
197943,197943,-nan,-nan,-6292741.6544055268
197944,197944,-nan,-nan,-6292741.6544055268
197945,197945,-nan,-nan,-6292741.6544055268
197946,197946,-nan,-nan,-6292741.6544055268
197948,197948,-nan,-nan,-6292741.6544055268
197949,197949,-nan,-nan,-6292741.6544055268
197950,197950,-nan,-nan,-6292741.6544055268
197951,197951,-nan,-nan,-6292741.6544055268
197952,197952,-nan,-nan,-6292741.6544055268
197953,197953,-nan,-nan,-6292741.6544055268
197954,197954,-nan,-nan,-6292741.6544055268
197955,197955,-nan,-nan,-6292741.6544055268
197956,197956,-nan,-nan,-6292741.6544055268
197957,197957,-nan,-nan,-6292741.6544055268
197958,197958,-nan,-nan,-6292741.6544055268
197959,197959,-nan,-nan,-6292741.6544055268
197960,197960,-nan,-nan,-6292741.6544055268
197961,197961,-nan,-nan,-6292741.6544055268
197962,197962,-nan,-nan,-6292741.6544055268
197963,197963,-nan,-nan,-6292741.6544055268
197964,197964,-nan,-nan,-6292741.6544055268
197965,197965,-nan,-nan,-6292741.6544055268
197966,197966,-nan,-nan,-6292741.6544055268
197967,197967,-nan,-nan,-6292741.6544055268
197969,197969,-nan,-nan,-6292741.6544055268
197972,197972,-nan,-nan,-6292741.6544055268
197973,197973,-nan,-nan,-6292741.6544055268
197974,197974,-nan,-nan,-6292741.6544055268
197975,197975,-nan,-nan,-6292741.6544055268
197976,197976,-nan,-nan,-6292741.6544055268
197977,197977,-nan,-nan,-6292741.6544055268
197978,197978,-nan,-nan,-6292741.6544055268
197979,197979,-nan,-nan,-6292741.6544055268
197980,197980,-nan,-nan,-6292741.6544055268
197981,197981,-nan,-nan,-6292741.6544055268
197982,197982,-nan,-nan,-6292741.6544055268
197983,197983,31.2409511901,121.4812114734,9.8479984202
197984,197984,-nan,-nan,-6292741.6544055268
197985,197985,-nan,-nan,-6292741.6544055268
197986,197986,-nan,-nan,-6292741.6544055268
197987,197987,-nan,-nan,-6292741.6544055268
197988,197988,31.2410681905,121.4817865536,86.9902140311
197989,197989,-nan,-nan,-6292741.6544055268
197990,197990,-nan,-nan,-6292741.6544055268
197991,197991,-nan,-nan,-6292741.6544055268
197992,197992,-nan,-nan,-6292741.6544055268
197993,197993,-nan,-nan,-6292741.6544055268
197994,197994,-nan,-nan,-6292741.6544055268
197995,197995,-nan,-nan,-6292741.6544055268
197996,197996,-nan,-nan,-6292741.6544055268
197997,197997,-nan,-nan,-6292741.6544055268
197998,197998,-nan,-nan,-6292741.6544055268
197999,197999,-nan,-nan,-6292741.6544055268
198000,198000,-nan,-nan,-6292741.6544055268
198001,198001,-nan,-nan,-6292741.6544055268
198002,198002,-nan,-nan,-6292741.6544055268
198003,198003,-nan,-nan,-6292741.6544055268
198004,198004,-nan,-nan,-6292741.6544055268
198005,198005,-nan,-nan,-6292741.6544055268
198006,198006,-nan,-nan,-6292741.6544055268
198007,198007,-nan,-nan,-6292741.6544055268
198008,198008,-nan,-nan,-6292741.6544055268
198009,198009,-nan,-nan,-6292741.6544055268
198010,198010,-nan,-nan,-6292741.6544055268
198011,198011,-nan,-nan,-6292741.6544055268
198012,198012,-nan,-nan,-6292741.6544055268
198013,198013,-nan,-nan,-6292741.6544055268
198014,198014,-nan,-nan,-6292741.6544055268
198015,198015,-nan,-nan,-6292741.6544055268
198016,198016,-nan,-nan,-6292741.6544055268
198017,198017,-nan,-nan,-6292741.6544055268
198018,198018,-nan,-nan,-6292741.6544055268
198019,198019,-nan,-nan,-6292741.6544055268
198020,198020,-nan,-nan,-6292741.6544055268
198021,198021,31.2415999366,121.4803849062,212.8491860650
198022,198022,-nan,-nan,-6292741.6544055268
198023,198023,-nan,-nan,-6292741.6544055268
198024,198024,-nan,-nan,-6292741.6544055268
198025,198025,-nan,-nan,-6292741.6544055268
198026,198026,-nan,-nan,-6292741.6544055268
198027,198027,-nan,-nan,-6292741.6544055268
198028,198028,-nan,-nan,-6292741.6544055268
198029,198029,-nan,-nan,-6292741.6544055268
198030,198030,-nan,-nan,-6292741.6544055268
198031,198031,-nan,-nan,-6292741.6544055268
198032,198032,-nan,-nan,-6292741.6544055268
198033,198033,-nan,-nan,-6292741.6544055268
198034,198034,-nan,-nan,-6292741.6544055268
198035,198035,-nan,-nan,-6292741.6544055268
198036,198036,-nan,-nan,-6292741.6544055268
198037,198037,-nan,-nan,-6292741.6544055268
198038,198038,-nan,-nan,-6292741.6544055268
198039,198039,-nan,-nan,-6292741.6544055268
198040,198040,-nan,-nan,-6292741.6544055268
198041,198041,-nan,-nan,-6292741.6544055268
198042,198042,-nan,-nan,-6292741.6544055268
198043,198043,-nan,-nan,-6292741.6544055268
198044,198044,-nan,-nan,-6292741.6544055268
198045,198045,-nan,-nan,-6292741.6544055268
198046,198046,-nan,-nan,-6292741.6544055268
198047,198047,-nan,-nan,-6292741.6544055268
198048,198048,-nan,-nan,-6292741.6544055268
198049,198049,-nan,-nan,-6292741.6544055268
198050,198050,-nan,-nan,-6292741.6544055268
198051,198051,-nan,-nan,-6292741.6544055268
198052,198052,-nan,-nan,-6292741.6544055268
198053,198053,-nan,-nan,-6292741.6544055268
198054,198054,-nan,-nan,-6292741.6544055268
198055,198055,-nan,-nan,-6292741.6544055268
198056,198056,-nan,-nan,-6292741.6544055268
198057,198057,-nan,-nan,-6292741.6544055268
198058,198058,-nan,-nan,-6292741.6544055268
198059,198059,-nan,-nan,-6292741.6544055268
198060,198060,-nan,-nan,-6292741.6544055268
198062,198062,-nan,-nan,-6292741.6544055268
198063,198063,-nan,-nan,-6292741.6544055268
198065,198065,-nan,-nan,-6292741.6544055268
198066,198066,-nan,-nan,-6292741.6544055268
198067,198067,-nan,-nan,-6292741.6544055268
198068,198068,-nan,-nan,-6292741.6544055268
198069,198069,-nan,-nan,-6292741.6544055268
198070,198070,-nan,-nan,-6292741.6544055268
198071,198071,-nan,-nan,-6292741.6544055268
198072,198072,-nan,-nan,-6292741.6544055268
198073,198073,-nan,-nan,-6292741.6544055268
198074,198074,-nan,-nan,-6292741.6544055268
198075,198075,-nan,-nan,-6292741.6544055268
198076,198076,-nan,-nan,-6292741.6544055268
198077,198077,-nan,-nan,-6292741.6544055268
198078,198078,-nan,-nan,-6292741.6544055268
198079,198079,-nan,-nan,-6292741.6544055268
198080,198080,-nan,-nan,-6292741.6544055268
198081,198081,-nan,-nan,-6292741.6544055268
198082,198082,-nan,-nan,-6292741.6544055268
198084,198084,-nan,-nan,-6292741.6544055268
198085,198085,-nan,-nan,-6292741.6544055268
198086,198086,-nan,-nan,-6292741.6544055268
198087,198087,-nan,-nan,-6292741.6544055268
198088,198088,-nan,-nan,-6292741.6544055268
198089,198089,-nan,-nan,-6292741.6544055268
198090,198090,-nan,-nan,-6292741.6544055268
198091,198091,-nan,-nan,-6292741.6544055268
198092,198092,-nan,-nan,-6292741.6544055268
198093,198093,-nan,-nan,-6292741.6544055268
198094,198094,-nan,-nan,-6292741.6544055268
198095,198095,-nan,-nan,-6292741.6544055268
198096,198096,-nan,-nan,-6292741.6544055268
198097,198097,-nan,-nan,-6292741.6544055268
198098,198098,31.2407077533,121.4802430150,1.2361379510
198099,198099,-nan,-nan,-6292741.6544055268
198100,198100,-nan,-nan,-6292741.6544055268
198101,198101,-nan,-nan,-6292741.6544055268
198102,198102,-nan,-nan,-6292741.6544055268
198103,198103,31.2404362862,121.4801296266,-4.2907428845
198104,198104,-nan,-nan,-6292741.6544055268
198105,198105,-nan,-nan,-6292741.6544055268
198106,198106,-nan,-nan,-6292741.6544055268
198107,198107,-nan,-nan,-6292741.6544055268
198108,198108,-nan,-nan,-6292741.6544055268
198109,198109,-nan,-nan,-6292741.6544055268
198110,198110,-nan,-nan,-6292741.6544055268
198111,198111,31.2404984763,121.4798331170,61.6585631703
198112,198112,31.2404751560,121.4797741262,69.5762232802
198113,198113,31.2403321363,121.4797475461,45.4971647950
198114,198114,-nan,-nan,-6292741.6544055268
198115,198115,-nan,-nan,-6292741.6544055268
198116,198116,-nan,-nan,-6292741.6544055268
198117,198117,-nan,-nan,-6292741.6544055268
198118,198118,31.2404182250,121.4797966962,82.7689299755
198119,198119,31.2400916306,121.4797096147,48.6127527185
198120,198120,31.2402844185,121.4798451775,93.2775968733
198121,198121,31.2402352586,121.4797759514,-36.9169450703
198122,198122,31.2402392049,121.4798000706,70.7707664786
198123,198123,31.2401735779,121.4798236291,87.4368365910
198124,198124,-nan,-nan,-6292741.6544055268
198125,198125,31.2401690882,121.4797724480,87.9680714861
198126,198126,31.2401404759,121.4797692714,86.7566958633
198127,198127,31.2401047647,121.4797891544,79.3445713997
198128,198128,31.2402835956,121.4796780481,105.4547303544
198129,198129,-nan,-nan,-6292741.6544055268
198130,198130,31.2401061804,121.4798509642,97.0235642471
198131,198131,-nan,-nan,-6292741.6544055268
198132,198132,-nan,-nan,-6292741.6544055268
198133,198133,31.2402558329,121.4797298802,119.0233350059
198134,198134,31.2400223864,121.4799929204,108.5189770236
198135,198135,31.2402290781,121.4797562745,117.9675979586
198136,198136,31.2402290561,121.4797550013,112.7811559605
198137,198137,31.2402221167,121.4797604308,112.8405364317
198138,198138,31.2400362578,121.4799265873,92.2984323929
198139,198139,31.2400049783,121.4799128954,86.4712914091
198140,198140,31.2401041254,121.4798573379,93.6644209249
198141,198141,31.2399805517,121.4799117657,84.3972868178
198142,198142,31.2402000228,121.4797755548,113.8648866543
198143,198143,31.2399629121,121.4799169543,88.0079533559
198144,198144,31.2399656789,121.4799283581,97.6686705368
198145,198145,31.2399270199,121.4799332242,91.1596383041
198146,198146,31.2399350096,121.4799473334,92.2788321327
198147,198147,31.2398710892,121.4800303402,82.0955192733
198148,198148,31.2398906713,121.4799447003,89.1498648815
198149,198149,31.2398983610,121.4799817366,94.5373996327
198150,198150,31.2398988959,121.4799553392,92.2623484495
198151,198151,31.2399322176,121.4798927090,88.6519774736
198152,198152,31.2396982862,121.4801935984,117.2421191703
198153,198153,31.2398444315,121.4799649392,89.3422075976
198154,198154,31.2398076512,121.4800506072,113.1864358996
198155,198155,31.2397807984,121.4800644273,101.2634076148
198156,198156,31.2398226949,121.4800442022,83.3276878050
198157,198157,31.2399316051,121.4800180714,88.7322459710
198158,198158,-nan,-nan,-6292741.6544055268
198159,198159,-nan,-nan,-6292741.6544055268
198160,198160,31.2396988827,121.4800485237,93.7926511360
198161,198161,31.2396903696,121.4801482333,95.9654609128
198162,198162,-nan,-nan,-6292741.6544055268
198163,198163,31.2395600902,121.4801467927,129.9509058062
198164,198164,31.2397405674,121.4801128769,112.3896134697
198165,198165,-nan,-nan,-6292741.6544055268
198166,198166,-nan,-nan,-6292741.6544055268
198167,198167,-nan,-nan,-6292741.6544055268
198168,198168,-nan,-nan,-6292741.6544055268
198169,198169,-nan,-nan,-6292741.6544055268
198170,198170,-nan,-nan,-6292741.6544055268
198171,198171,-nan,-nan,-6292741.6544055268
198172,198172,-nan,-nan,-6292741.6544055268
198173,198173,31.2399925801,121.4801499003,104.8836780667
198174,198174,31.2396367794,121.4800854708,134.8050599405
198175,198175,31.2395607667,121.4801869971,139.5270560250
198176,198176,-nan,-nan,-6292741.6544055268
198177,198177,-nan,-nan,-6292741.6544055268
198178,198178,-nan,-nan,-6292741.6544055268
198179,198179,-nan,-nan,-6292741.6544055268
198180,198180,-nan,-nan,-6292741.6544055268
198181,198181,-nan,-nan,-6292741.6544055268
198182,198182,-nan,-nan,-6292741.6544055268
198183,198183,31.2395321033,121.4803483080,142.0556200865
198184,198184,31.2396148271,121.4804120492,147.4253079108
198185,198185,31.2396831662,121.4804083420,141.3294692939
198186,198186,31.2396079863,121.4805275999,151.6018370649
198187,198187,31.2396538550,121.4806087823,158.3878235252
198188,198188,-nan,-nan,-6292741.6544055268
198189,198189,-nan,-nan,-6292741.6544055268
198190,198190,31.2399110751,121.4803831682,196.9999061609
198191,198191,-nan,-nan,-6292741.6544055268
198192,198192,31.2396827182,121.4808228825,55.7668668830
198193,198193,31.2395589250,121.4809525331,32.3326750815
198194,198194,-nan,-nan,-6292741.6544055268
198195,198195,-nan,-nan,-6292741.6544055268
198196,198196,31.2398008756,121.4809572093,114.6110275692
198197,198197,31.2397098503,121.4809289197,52.3069167163
198198,198198,31.2397841247,121.4809315741,93.6716440662
198199,198199,-nan,-nan,-6292741.6544055268
198200,198200,-nan,-nan,-6292741.6544055268
198201,198201,31.2400073006,121.4812588929,129.4560703492
198202,198202,31.2397953017,121.4809345962,83.3692475455
198203,198203,-nan,-nan,-6292741.6544055268
198204,198204,-nan,-nan,-6292741.6544055268
198205,198205,-nan,-nan,-6292741.6544055268
198206,198206,31.2398482643,121.4809636908,69.1538931771
198207,198207,-nan,-nan,-6292741.6544055268
198208,198208,31.2396098557,121.4810711088,18.9796531225
198209,198209,31.2397159400,121.4810747449,59.4606431802
198210,198210,31.2400452555,121.4809988742,63.1166876955
198211,198211,-nan,-nan,-6292741.6544055268
198212,198212,-nan,-nan,-nan
198213,198213,-nan,-nan,-nan
198214,198214,-nan,-nan,-6292741.6544055268
198215,198215,-nan,-nan,-6292741.6544055268
198216,198216,-nan,-nan,-6292741.6544055268
198217,198217,-nan,-nan,-6292741.6544055268
198218,198218,-nan,-nan,-6292741.6544055268
198219,198219,-nan,-nan,-6292741.6544055268
198220,198220,-nan,-nan,-6292741.6544055268
198221,198221,-nan,-nan,-6292741.6544055268
198222,198222,-nan,-nan,-6292741.6544055268
198223,198223,31.2401326339,121.4810997498,52.0165699909
198224,198224,31.2401705824,121.4810241294,37.9205410653
198225,198225,31.2398656232,121.4811280711,66.3088383678
198226,198226,-nan,-nan,-6292741.6544055268
198227,198227,31.2401960395,121.4809829257,28.6768023428
198228,198228,-nan,-nan,-6292741.6544055268
198229,198229,31.2397560704,121.4811778102,76.6221293449
198230,198230,31.2397912840,121.4813573073,47.3180895591
198231,198231,31.2398860172,121.4812636396,38.5119579599
198232,198232,31.2398094490,121.4813877284,43.2024147941
198233,198233,31.2397808790,121.4811975959,63.7278272295
198234,198234,31.2397624170,121.4812153603,71.9990826830
198235,198235,31.2397461081,121.4815097383,24.4916652751
198236,198236,31.2398486857,121.4809607563,121.8053790723
198237,198237,31.2398525313,121.4809498308,109.7085362470
198238,198238,-nan,-nan,-6292741.6544055268
198239,198239,31.2398724271,121.4810391383,106.9229979321
198240,198240,31.2398851905,121.4810773523,91.3102021994
198241,198241,-nan,-nan,-6292741.6544055268
198242,198242,-nan,-nan,-6292741.6544055268
198243,198243,31.4921663026,125.1740532616,500934.9559228981
198244,198244,-nan,-nan,-6292741.6544055268
198245,198245,-nan,-nan,-6292741.6544055268
198246,198246,-nan,-nan,-6292741.6544055268
198247,198247,-nan,-nan,-6292741.6544055268
198248,198248,-nan,-nan,-6292741.6544055268
198249,198249,-nan,-nan,-6292741.6544055268
198250,198250,-nan,-nan,-6292741.6544055268
198251,198251,-nan,-nan,-6292741.6544055268
198252,198252,-nan,-nan,-6292741.6544055268
198253,198253,-nan,-nan,-6292741.6544055268
198254,198254,-nan,-nan,-6292741.6544055268
198255,198255,-nan,-nan,-6292741.6544055268
198256,198256,-nan,-nan,-6292741.6544055268
198257,198257,-nan,-nan,-6292741.6544055268
198258,198258,-nan,-nan,-6292741.6544055268
198259,198259,-nan,-nan,-6292741.6544055268
198260,198260,-nan,-nan,-6292741.6544055268
198261,198261,-nan,-nan,-6292741.6544055268
198262,198262,-nan,-nan,-6292741.6544055268
198263,198263,-nan,-nan,-6292741.6544055268
198264,198264,-nan,-nan,-6292741.6544055268
198265,198265,-nan,-nan,-6292741.6544055268
198266,198266,-nan,-nan,-6292741.6544055268
198267,198267,-nan,-nan,-6292741.6544055268
198268,198268,-nan,-nan,-6292741.6544055268
198269,198269,-nan,-nan,-6292741.6544055268
198270,198270,-nan,-nan,-6292741.6544055268
198271,198271,-nan,-nan,-6292741.6544055268
198272,198272,-nan,-nan,-6292741.6544055268
198273,198273,-nan,-nan,-6292741.6544055268
198274,198274,-nan,-nan,-6292741.6544055268
198275,198275,-nan,-nan,-6292741.6544055268
198276,198276,-nan,-nan,-6292741.6544055268
198277,198277,-nan,-nan,-6292741.6544055268
198278,198278,-nan,-nan,-6292741.6544055268
198279,198279,-nan,-nan,-6292741.6544055268
198280,198280,-nan,-nan,-6292741.6544055268
198281,198281,-nan,-nan,-6292741.6544055268
198282,198282,-nan,-nan,-6292741.6544055268
198283,198283,-nan,-nan,-6292741.6544055268
198284,198284,-nan,-nan,-6292741.6544055268
198285,198285,-nan,-nan,-6292741.6544055268
198286,198286,-nan,-nan,-6292741.6544055268
198287,198287,-nan,-nan,-6292741.6544055268
198288,198288,-nan,-nan,-6292741.6544055268
198289,198289,-nan,-nan,-6292741.6544055268
198290,198290,-nan,-nan,-6292741.6544055268
198291,198291,-nan,-nan,-6292741.6544055268
198292,198292,-nan,-nan,-6292741.6544055268
198293,198293,-nan,-nan,-6292741.6544055268
198294,198294,-nan,-nan,-6292741.6544055268
198295,198295,-nan,-nan,-6292741.6544055268
198296,198296,-nan,-nan,-6292741.6544055268
198297,198297,-nan,-nan,-6292741.6544055268
198298,198298,-nan,-nan,-6292741.6544055268
198299,198299,-nan,-nan,-6292741.6544055268
198300,198300,-nan,-nan,-6292741.6544055268
198301,198301,-nan,-nan,-6292741.6544055268
198302,198302,-nan,-nan,-6292741.6544055268
198303,198303,-nan,-nan,-6292741.6544055268
198304,198304,-nan,-nan,-6292741.6544055268
198305,198305,-nan,-nan,-6292741.6544055268
198306,198306,-nan,-nan,-6292741.6544055268
198307,198307,-nan,-nan,-6292741.6544055268
198308,198308,-nan,-nan,-6292741.6544055268
198309,198309,-nan,-nan,-6292741.6544055268
198310,198310,-nan,-nan,-6292741.6544055268
198311,198311,-nan,-nan,-6292741.6544055268
198312,198312,-nan,-nan,-6292741.6544055268
198313,198313,-nan,-nan,-6292741.6544055268
198314,198314,-nan,-nan,-6292741.6544055268
198315,198315,-nan,-nan,-6292741.6544055268
198316,198316,-nan,-nan,-6292741.6544055268
198317,198317,-nan,-nan,-6292741.6544055268
198318,198318,-nan,-nan,-6292741.6544055268
198319,198319,-nan,-nan,-6292741.6544055268
198320,198320,-nan,-nan,-6292741.6544055268
198321,198321,-nan,-nan,-6292741.6544055268
198323,198323,-nan,-nan,-6292741.6544055268
198324,198324,-nan,-nan,-6292741.6544055268
198325,198325,31.2410720901,121.4820383882,168.5885575326
198326,198326,-nan,-nan,-6292741.6544055268
198327,198327,-nan,-nan,-6292741.6544055268
198328,198328,-nan,-nan,-6292741.6544055268
198330,198330,-nan,-nan,-6292741.6544055268
198331,198331,-nan,-nan,-6292741.6544055268
198332,198332,-nan,-nan,-6292741.6544055268
198333,198333,-nan,-nan,-6292741.6544055268
198334,198334,-nan,-nan,-6292741.6544055268
198335,198335,-nan,-nan,-6292741.6544055268
198336,198336,-nan,-nan,-6292741.6544055268
198337,198337,-nan,-nan,-6292741.6544055268
198338,198338,-nan,-nan,-6292741.6544055268
198339,198339,-nan,-nan,-6292741.6544055268
198340,198340,-nan,-nan,-6292741.6544055268
198341,198341,-nan,-nan,-6292741.6544055268
198342,198342,-nan,-nan,-6292741.6544055268
198343,198343,-nan,-nan,-6292741.6544055268
198344,198344,-nan,-nan,-6292741.6544055268
198345,198345,-nan,-nan,-6292741.6544055268
198346,198346,-nan,-nan,-6292741.6544055268
198347,198347,-nan,-nan,-6292741.6544055268
198348,198348,-nan,-nan,-6292741.6544055268
198349,198349,-nan,-nan,-6292741.6544055268
198350,198350,-nan,-nan,-6292741.6544055268
198351,198351,-nan,-nan,-6292741.6544055268
198352,198352,-nan,-nan,-6292741.6544055268
198353,198353,-nan,-nan,-6292741.6544055268
198354,198354,-nan,-nan,-6292741.6544055268
198355,198355,-nan,-nan,-6292741.6544055268
198356,198356,-nan,-nan,-6292741.6544055268
198357,198357,-nan,-nan,-6292741.6544055268
198358,198358,-nan,-nan,-6292741.6544055268
198359,198359,-nan,-nan,-6292741.6544055268
198360,198360,-nan,-nan,-6292741.6544055268
198361,198361,-nan,-nan,-6292741.6544055268
198362,198362,-nan,-nan,-6292741.6544055268
198363,198363,-nan,-nan,-6292741.6544055268
198364,198364,-nan,-nan,-6292741.6544055268
198365,198365,-nan,-nan,-6292741.6544055268
198366,198366,-nan,-nan,-6292741.6544055268
198367,198367,-nan,-nan,-6292741.6544055268
198368,198368,-nan,-nan,-6292741.6544055268
198369,198369,-nan,-nan,-6292741.6544055268
198370,198370,-nan,-nan,-6292741.6544055268
198371,198371,-nan,-nan,-6292741.6544055268
198372,198372,-nan,-nan,-6292741.6544055268
198373,198373,-nan,-nan,-6292741.6544055268
198374,198374,-nan,-nan,-6292741.6544055268
198375,198375,-nan,-nan,-6292741.6544055268
198376,198376,-nan,-nan,-6292741.6544055268
198377,198377,-nan,-nan,-6292741.6544055268
198378,198378,-nan,-nan,-6292741.6544055268
198379,198379,-nan,-nan,-6292741.6544055268
198380,198380,-nan,-nan,-6292741.6544055268
198381,198381,-nan,-nan,-6292741.6544055268
198382,198382,-nan,-nan,-6292741.6544055268
198383,198383,-nan,-nan,-6292741.6544055268
198384,198384,-nan,-nan,-6292741.6544055268
198385,198385,-nan,-nan,-6292741.6544055268
198386,198386,-nan,-nan,-6292741.6544055268
198387,198387,-nan,-nan,-6292741.6544055268
198388,198388,-nan,-nan,-6292741.6544055268
198389,198389,-nan,-nan,-6292741.6544055268
198390,198390,-nan,-nan,-6292741.6544055268
198391,198391,-nan,-nan,-6292741.6544055268
198392,198392,-nan,-nan,-6292741.6544055268
198393,198393,-nan,-nan,-6292741.6544055268
198394,198394,-nan,-nan,-6292741.6544055268
198395,198395,-nan,-nan,-nan
198396,198396,-nan,-nan,-6292741.6544055268
198397,198397,-nan,-nan,-6292741.6544055268
198398,198398,-nan,-nan,-6292741.6544055268
198399,198399,-nan,-nan,-6292741.6544055268
198400,198400,-nan,-nan,-6292741.6544055268
198401,198401,-nan,-nan,-6292741.6544055268
198402,198402,-nan,-nan,-6292741.6544055268
198403,198403,-nan,-nan,-6292741.6544055268
198404,198404,-nan,-nan,-6292741.6544055268
198405,198405,-nan,-nan,-6292741.6544055268
198406,198406,-nan,-nan,-6292741.6544055268
198407,198407,-nan,-nan,-6292741.6544055268
198408,198408,-nan,-nan,-6292741.6544055268
198409,198409,-nan,-nan,-6292741.6544055268
198410,198410,-nan,-nan,-6292741.6544055268
198411,198411,-nan,-nan,-6292741.6544055268
198412,198412,-nan,-nan,-6292741.6544055268
198413,198413,-nan,-nan,-6292741.6544055268
198414,198414,-nan,-nan,-6292741.6544055268
198415,198415,-nan,-nan,-6292741.6544055268
198416,198416,-nan,-nan,-6292741.6544055268
198417,198417,-nan,-nan,-6292741.6544055268
198418,198418,-nan,-nan,-6292741.6544055268
198419,198419,31.2400616702,121.4806310124,43.6031735944
198420,198420,31.2405355481,121.4806291460,34.0072470304
198421,198421,-nan,-nan,-6292741.6544055268
198422,198422,-nan,-nan,-6292741.6544055268
198423,198423,-nan,-nan,-6292741.6544055268
198424,198424,-nan,-nan,-6292741.6544055268
198425,198425,-nan,-nan,-6292741.6544055268
198426,198426,31.2406105661,121.4805109056,27.9202507412
198427,198427,-nan,-nan,-6292741.6544055268
198428,198428,-nan,-nan,-6292741.6544055268
198429,198429,31.2406028065,121.4804285653,23.0131854247
198430,198430,-nan,-nan,-6292741.6544055268
198431,198431,-nan,-nan,-6292741.6544055268
198432,198432,-nan,-nan,-6292741.6544055268
198433,198433,31.2405351864,121.4804056998,18.9654680606
198434,198434,-nan,-nan,-6292741.6544055268
198435,198435,-nan,-nan,-6292741.6544055268
198436,198436,-nan,-nan,-6292741.6544055268
198437,198437,31.2405996848,121.4803039166,21.8376947491
198438,198438,-nan,-nan,-6292741.6544055268
198439,198439,31.2407611146,121.4802989790,0.1779430535
198440,198440,31.2405455572,121.4802982763,4.1106360500
198441,198441,-nan,-nan,-6292741.6544055268
198442,198442,31.2406223820,121.4802648133,-4.8725980224
198443,198443,31.2406215145,121.4802386884,-7.4108624101
198444,198444,31.2407286868,121.4800500406,34.9794584977
198445,198445,-nan,-nan,-6292741.6544055268
198446,198446,-nan,-nan,-6292741.6544055268
198447,198447,-nan,-nan,-6292741.6544055268
198448,198448,31.2406090562,121.4801411660,13.5122665373
198449,198449,31.2410876238,121.4794085114,177.7213911862
198450,198450,31.2410251578,121.4793867864,180.2041808556
198451,198451,31.2404961515,121.4800097301,24.8448491677
198452,198452,31.2403841267,121.4800066761,10.0325261799
198453,198453,-nan,-nan,-6292741.6544055268
198454,198454,31.2404569361,121.4799335740,32.3597584076
198455,198455,31.2404256576,121.4799315521,39.3497940689
198456,198456,31.2404213041,121.4798743938,56.2670805366
198457,198457,31.2403718583,121.4798261617,61.8912555990
198458,198458,31.2402838635,121.4797725624,52.1245905444
198459,198459,31.2401874267,121.4797217520,46.5484216354
198460,198460,31.2401909528,121.4797039190,49.0073448007
198461,198461,31.2401934380,121.4796867610,53.1806962045
198462,198462,31.2401476319,121.4796956921,44.9198153804
198463,198463,31.2401640920,121.4797002762,51.9648295941
198464,198464,-nan,-nan,-6292741.6544055268
198465,198465,-nan,-nan,-6292741.6544055268
198466,198466,-nan,-nan,-6292741.6544055268
198467,198467,31.2404418254,121.4797703705,88.6880485262
198468,198468,31.2403062618,121.4798272885,72.1699518063
198469,198469,31.2402539774,121.4798459077,68.1629914183
198470,198470,31.2400776007,121.4797318349,53.3615434625
198471,198471,31.2403025081,121.4798297590,85.2350945314
198472,198472,31.2402778447,121.4797986502,98.0314513047
198473,198473,31.2401917629,121.4798242621,79.6653473247
198474,198474,31.2402253385,121.4798006515,92.1911491230
198475,198475,31.2402084015,121.4797970589,92.1342430080
198476,198476,-nan,-nan,-6292741.6544055268
198477,198477,-nan,-nan,-6292741.6544055268
198478,198478,-nan,-nan,-6292741.6544055268
198479,198479,-nan,-nan,-nan
198480,198480,31.2401195636,121.4798633439,86.1494618191
198481,198481,-nan,-nan,-6292741.6544055268
198482,198482,31.2399375238,121.4798383495,-28.5566066234
198483,198483,-nan,-nan,-6292741.6544055268
198484,198484,31.2402141335,121.4798026438,103.6642872073
198485,198485,-nan,-nan,-6292741.6544055268
198486,198486,31.2401060097,121.4798802668,76.6276336953
198487,198487,-nan,-nan,-6292741.6544055268
198488,198488,-nan,-nan,-6292741.6544055268
198489,198489,-nan,-nan,-6292741.6544055268
198490,198490,31.2400994024,121.4798419994,89.6288570932
198491,198491,31.2400000651,121.4798655158,75.0970034852
198492,198492,31.2399778006,121.4799131471,73.7104255966
198493,198493,31.2399612449,121.4798635179,36.4365832243
198494,198494,31.2399579644,121.4798675263,65.7957987406
198495,198495,-nan,-nan,-6292741.6544055268
198496,198496,31.2400560346,121.4798311514,84.9104505806
198497,198497,31.2399756487,121.4798659247,76.5381404983
198498,198498,31.2400062909,121.4798407099,88.3359209723
198499,198499,31.2398982385,121.4798968483,52.4057939388
198500,198500,-nan,-nan,-6292741.6544055268
198501,198501,31.2398543362,121.4799969245,98.9785284306
198502,198502,31.2398106516,121.4800293687,101.5676669564
198503,198503,-nan,-nan,-6292741.6544055268
198504,198504,31.2397021977,121.4801689170,108.8102824839
198505,198505,31.2394744904,121.4803966901,113.9994469358
198506,198506,31.2395637048,121.4804317284,191.9880472869
198507,198507,-nan,-nan,-6292741.6544055268
198508,198508,-nan,-nan,-6292741.6544055268
198509,198509,31.2396609995,121.4802750177,161.2011974557
198510,198510,-nan,-nan,-6292741.6544055268
198511,198511,-nan,-nan,-6292741.6544055268
198512,198512,31.2398019477,121.4800641942,99.4630791432
198513,198513,-nan,-nan,-6292741.6544055268
198514,198514,31.2396061797,121.4800837681,135.3137183724
198515,198515,31.2396692306,121.4801473131,149.3994913233
198516,198516,-nan,-nan,-6292741.6544055268
198517,198517,-nan,-nan,-6292741.6544055268
198518,198518,31.2396870611,121.4800212894,130.5791157485
198519,198519,-nan,-nan,-6292741.6544055268
198520,198520,31.2396015148,121.4800708048,128.8663357527
198521,198521,-nan,-nan,-6292741.6544055268
198522,198522,31.2398218876,121.4802229603,101.0785763793
198523,198523,-nan,-nan,-6292741.6544055268
198524,198524,31.2395872598,121.4802092991,106.7430003524
198525,198525,31.2393335501,121.4801978303,121.8496163896
198526,198526,-nan,-nan,-6292741.6544055268
198527,198527,-nan,-nan,-6292741.6544055268
198528,198528,-nan,-nan,-6292741.6544055268
198529,198529,-nan,-nan,-6292741.6544055268
198530,198530,31.2399225127,121.4800246390,193.9769889839
198531,198531,31.2397643866,121.4803299064,115.3365668137
198532,198532,31.2394513150,121.4807877025,-0.1445454053
198533,198533,-nan,-nan,-6292741.6544055268
198534,198534,31.2398246415,121.4803312220,115.5954342405
198535,198535,-nan,-nan,-6292741.6544055268
198536,198536,31.2394878915,121.4803277600,117.8812080180
198537,198537,31.2394495718,121.4802289304,135.1454164594
198538,198538,31.2398739127,121.4803299755,120.2714767668
198539,198539,-nan,-nan,-6292741.6544055268
198540,198540,-nan,-nan,-6292741.6544055268
198541,198541,-nan,-nan,-6292741.6544055268
198542,198542,-nan,-nan,-6292741.6544055268
198543,198543,31.2398129686,121.4807320289,88.7738618515
198544,198544,-nan,-nan,-6292741.6544055268
198545,198545,-nan,-nan,-6292741.6544055268
198546,198546,31.2395860415,121.4808702586,1.8641236502
198547,198547,-nan,-nan,-6292741.6544055268
198548,198548,-nan,-nan,-6292741.6544055268
198549,198549,-nan,-nan,-6292741.6544055268
198550,198550,-nan,-nan,-nan
198551,198551,31.2395527497,121.4810490274,146.9772642926
198552,198552,-nan,-nan,-6292741.6544055268
198553,198553,-nan,-nan,-6292741.6544055268
198554,198554,-nan,-nan,-6292741.6544055268
198555,198555,-nan,-nan,-6292741.6544055268
198556,198556,-nan,-nan,-6292741.6544055268
198557,198557,-nan,-nan,-6292741.6544055268
198558,198558,-nan,-nan,-6292741.6544055268
198559,198559,31.2399404869,121.4814092993,103.0311506852
198560,198560,-nan,-nan,-6292741.6544055268
198561,198561,-nan,-nan,-6292741.6544055268
198562,198562,-nan,-nan,-6292741.6544055268
198563,198563,-nan,-nan,-6292741.6544055268
198564,198564,-nan,-nan,-6292741.6544055268
198565,198565,-nan,-nan,-6292741.6544055268
198566,198566,-nan,-nan,-6292741.6544055268
198567,198567,-nan,-nan,-6292741.6544055268
198568,198568,-nan,-nan,-6292741.6544055268
198569,198569,-nan,-nan,-nan
198570,198570,-nan,-nan,-6292741.6544055268
198571,198571,-nan,-nan,-6292741.6544055268
198572,198572,-nan,-nan,-6292741.6544055268
198573,198573,-nan,-nan,-6292741.6544055268
198574,198574,-nan,-nan,-6292741.6544055268
198575,198575,-nan,-nan,-6292741.6544055268
198576,198576,31.2402000415,121.4808778639,13.7960112767
198577,198577,-nan,-nan,-6292741.6544055268
198578,198578,31.2402732205,121.4808272409,-7.6476331542
198579,198579,-nan,-nan,-6292741.6544055268
198580,198580,31.2403051425,121.4808484805,-2.4617768052
198581,198581,31.2396701045,121.4815419726,22.0755206305
198582,198582,31.2398533063,121.4812616745,-41.5011226682
198583,198583,31.2403210467,121.4808907715,2.3279342031
198584,198584,31.2399227882,121.4813473089,20.2097604920
198585,198585,-nan,-nan,-6292741.6544055268
198586,198586,-nan,-nan,-6292741.6544055268
198587,198587,-nan,-nan,-6292741.6544055268
198588,198588,-nan,-nan,-6292741.6544055268
198589,198589,-nan,-nan,-6292741.6544055268
198590,198590,-nan,-nan,-6292741.6544055268
198591,198591,-nan,-nan,-6292741.6544055268
198592,198592,-nan,-nan,-6292741.6544055268
198593,198593,-nan,-nan,-6292741.6544055268
198594,198594,31.2396314035,121.4816026199,-8.1843440557
198595,198595,-nan,-nan,-6292741.6544055268
198596,198596,31.2399901470,121.4834590348,320.9037392722
198597,198597,-nan,-nan,-6292741.6544055268
198598,198598,-nan,-nan,-6292741.6544055268
198599,198599,-nan,-nan,-6292741.6544055268
198600,198600,-nan,-nan,-6292741.6544055268
198601,198601,-nan,-nan,-6292741.6544055268
198602,198602,-nan,-nan,-6292741.6544055268
198603,198603,-nan,-nan,-6292741.6544055268
198604,198604,-nan,-nan,-6292741.6544055268
198605,198605,-nan,-nan,-6292741.6544055268
198606,198606,-nan,-nan,-6292741.6544055268
198607,198607,-nan,-nan,-6292741.6544055268
198608,198608,-nan,-nan,-6292741.6544055268
198609,198609,-nan,-nan,-6292741.6544055268
198610,198610,-nan,-nan,-6292741.6544055268
198611,198611,-nan,-nan,-6292741.6544055268
198612,198612,-nan,-nan,-6292741.6544055268
198613,198613,-nan,-nan,-6292741.6544055268
198614,198614,31.2400031539,121.4816739613,-10.0917735922
198615,198615,-nan,-nan,-6292741.6544055268
198616,198616,-nan,-nan,-6292741.6544055268
198617,198617,-nan,-nan,-6292741.6544055268
198618,198618,-nan,-nan,-6292741.6544055268
198619,198619,-nan,-nan,-6292741.6544055268
198620,198620,-nan,-nan,-6292741.6544055268
198621,198621,-nan,-nan,-6292741.6544055268
198622,198622,-nan,-nan,-6292741.6544055268
198623,198623,-nan,-nan,-6292741.6544055268
198624,198624,-nan,-nan,-6292741.6544055268
198625,198625,-nan,-nan,-6292741.6544055268
198626,198626,-nan,-nan,-6292741.6544055268
198627,198627,-nan,-nan,-6292741.6544055268
198628,198628,-nan,-nan,-6292741.6544055268
198629,198629,-nan,-nan,-6292741.6544055268
198630,198630,-nan,-nan,-6292741.6544055268
198631,198631,-nan,-nan,-6292741.6544055268
198632,198632,-nan,-nan,-6292741.6544055268
198633,198633,-nan,-nan,-6292741.6544055268
198634,198634,-nan,-nan,-6292741.6544055268
198635,198635,-nan,-nan,-6292741.6544055268
198636,198636,-nan,-nan,-6292741.6544055268
198637,198637,-nan,-nan,-6292741.6544055268
198638,198638,-nan,-nan,-6292741.6544055268
198639,198639,-nan,-nan,-6292741.6544055268
198640,198640,-nan,-nan,-6292741.6544055268
198641,198641,-nan,-nan,-6292741.6544055268
198642,198642,-nan,-nan,-6292741.6544055268
198643,198643,-nan,-nan,-6292741.6544055268
198644,198644,-nan,-nan,-6292741.6544055268
198645,198645,-nan,-nan,-6292741.6544055268
198646,198646,-nan,-nan,-6292741.6544055268
198647,198647,-nan,-nan,-6292741.6544055268
198648,198648,-nan,-nan,-6292741.6544055268
198649,198649,-nan,-nan,-6292741.6544055268
198650,198650,-nan,-nan,-6292741.6544055268
198651,198651,-nan,-nan,-6292741.6544055268
198652,198652,-nan,-nan,-6292741.6544055268
198653,198653,-nan,-nan,-6292741.6544055268
198654,198654,-nan,-nan,-6292741.6544055268
198655,198655,-nan,-nan,-6292741.6544055268
198656,198656,-nan,-nan,-6292741.6544055268
198657,198657,-nan,-nan,-6292741.6544055268
198658,198658,-nan,-nan,-6292741.6544055268
198659,198659,-nan,-nan,-6292741.6544055268
198660,198660,-nan,-nan,-6292741.6544055268
198661,198661,-nan,-nan,-6292741.6544055268
198662,198662,-nan,-nan,-6292741.6544055268
198663,198663,-nan,-nan,-6292741.6544055268
198664,198664,-nan,-nan,-6292741.6544055268
198665,198665,-nan,-nan,-6292741.6544055268
198666,198666,-nan,-nan,-6292741.6544055268
198667,198667,-nan,-nan,-6292741.6544055268
198668,198668,-nan,-nan,-6292741.6544055268
198669,198669,-nan,-nan,-6292741.6544055268
198670,198670,-nan,-nan,-6292741.6544055268
198671,198671,-nan,-nan,-6292741.6544055268
198672,198672,-nan,-nan,-6292741.6544055268
198673,198673,-nan,-nan,-6292741.6544055268
198674,198674,-nan,-nan,-6292741.6544055268
198675,198675,-nan,-nan,-6292741.6544055268
198676,198676,-nan,-nan,-6292741.6544055268
198677,198677,-nan,-nan,-6292741.6544055268
198678,198678,-nan,-nan,-6292741.6544055268
198679,198679,-nan,-nan,-6292741.6544055268
198680,198680,-nan,-nan,-6292741.6544055268
198681,198681,-nan,-nan,-6292741.6544055268
198682,198682,-nan,-nan,-6292741.6544055268
198683,198683,-nan,-nan,-6292741.6544055268
198684,198684,-nan,-nan,-6292741.6544055268
198685,198685,-nan,-nan,-6292741.6544055268
198686,198686,-nan,-nan,-6292741.6544055268
198687,198687,-nan,-nan,-6292741.6544055268
198688,198688,-nan,-nan,-6292741.6544055268
198689,198689,-nan,-nan,-6292741.6544055268
198690,198690,-nan,-nan,-6292741.6544055268
198691,198691,-nan,-nan,-6292741.6544055268
198692,198692,-nan,-nan,-6292741.6544055268
198693,198693,-nan,-nan,-6292741.6544055268
198694,198694,-nan,-nan,-6292741.6544055268
198695,198695,-nan,-nan,-6292741.6544055268
198696,198696,-nan,-nan,-6292741.6544055268
198697,198697,-nan,-nan,-6292741.6544055268
198698,198698,-nan,-nan,-6292741.6544055268
198699,198699,-nan,-nan,-6292741.6544055268
198700,198700,-nan,-nan,-6292741.6544055268
198701,198701,-nan,-nan,-6292741.6544055268
198702,198702,-nan,-nan,-6292741.6544055268
198703,198703,-nan,-nan,-6292741.6544055268
198704,198704,-nan,-nan,-6292741.6544055268
198705,198705,-nan,-nan,-6292741.6544055268
198706,198706,-nan,-nan,-6292741.6544055268
198710,198710,-nan,-nan,-6292741.6544055268
198711,198711,-nan,-nan,-6292741.6544055268
198714,198714,-nan,-nan,-6292741.6544055268
198716,198716,-nan,-nan,-6292741.6544055268
198717,198717,-nan,-nan,-6292741.6544055268
198718,198718,-nan,-nan,-6292741.6544055268
198721,198721,-nan,-nan,-6292741.6544055268
198722,198722,-nan,-nan,-6292741.6544055268
198723,198723,-nan,-nan,-6292741.6544055268
198724,198724,-nan,-nan,-6292741.6544055268
198725,198725,-nan,-nan,-6292741.6544055268
198726,198726,-nan,-nan,-6292741.6544055268
198727,198727,-nan,-nan,-6292741.6544055268
198728,198728,-nan,-nan,-6292741.6544055268
198729,198729,-nan,-nan,-6292741.6544055268
198730,198730,-nan,-nan,-6292741.6544055268
198731,198731,-nan,-nan,-6292741.6544055268
198732,198732,-nan,-nan,-6292741.6544055268
198733,198733,-nan,-nan,-6292741.6544055268
198734,198734,-nan,-nan,-6292741.6544055268
198735,198735,-nan,-nan,-6292741.6544055268
198736,198736,-nan,-nan,-6292741.6544055268
198737,198737,-nan,-nan,-6292741.6544055268
198738,198738,-nan,-nan,-6292741.6544055268
198739,198739,-nan,-nan,-6292741.6544055268
198740,198740,-nan,-nan,-6292741.6544055268
198741,198741,-nan,-nan,-6292741.6544055268
198742,198742,-nan,-nan,-6292741.6544055268
198743,198743,-nan,-nan,-6292741.6544055268
198744,198744,-nan,-nan,-6292741.6544055268
198745,198745,-nan,-nan,-6292741.6544055268
198746,198746,-nan,-nan,-6292741.6544055268
198747,198747,-nan,-nan,-6292741.6544055268
198748,198748,-nan,-nan,-6292741.6544055268
198749,198749,-nan,-nan,-6292741.6544055268
198750,198750,-nan,-nan,-6292741.6544055268
198751,198751,-nan,-nan,-6292741.6544055268
198752,198752,-nan,-nan,-6292741.6544055268
198753,198753,-nan,-nan,-6292741.6544055268
198754,198754,-nan,-nan,-6292741.6544055268
198755,198755,-nan,-nan,-6292741.6544055268
198756,198756,-nan,-nan,-6292741.6544055268
198757,198757,-nan,-nan,-6292741.6544055268
198758,198758,-nan,-nan,-6292741.6544055268
198759,198759,-nan,-nan,-6292741.6544055268
198760,198760,-nan,-nan,-6292741.6544055268
198761,198761,-nan,-nan,-6292741.6544055268
198762,198762,-nan,-nan,-6292741.6544055268
198763,198763,-nan,-nan,-6292741.6544055268
198764,198764,-nan,-nan,-6292741.6544055268
198765,198765,31.2393793032,121.4831800122,44.7010150017
198766,198766,-nan,-nan,-6292741.6544055268
198767,198767,-nan,-nan,-6292741.6544055268
198768,198768,-nan,-nan,-6292741.6544055268
198769,198769,-nan,-nan,-6292741.6544055268
198770,198770,-nan,-nan,-6292741.6544055268
198771,198771,-nan,-nan,-6292741.6544055268
198772,198772,-nan,-nan,-6292741.6544055268
198774,198774,-nan,-nan,-6292741.6544055268
198775,198775,-nan,-nan,-6292741.6544055268
198776,198776,-nan,-nan,-6292741.6544055268
198777,198777,-nan,-nan,-6292741.6544055268
198778,198778,-nan,-nan,-6292741.6544055268
198779,198779,-nan,-nan,-6292741.6544055268
198780,198780,-nan,-nan,-6292741.6544055268
198781,198781,-nan,-nan,-6292741.6544055268
198782,198782,-nan,-nan,-6292741.6544055268
198783,198783,-nan,-nan,-6292741.6544055268
198784,198784,-nan,-nan,-6292741.6544055268
198785,198785,-nan,-nan,-6292741.6544055268
198787,198787,-nan,-nan,-6292741.6544055268
198788,198788,-nan,-nan,-6292741.6544055268
198789,198789,-nan,-nan,-6292741.6544055268
198790,198790,-nan,-nan,-6292741.6544055268
198791,198791,-nan,-nan,-6292741.6544055268
198792,198792,-nan,-nan,-6292741.6544055268
198793,198793,-nan,-nan,-6292741.6544055268
198794,198794,-nan,-nan,-6292741.6544055268
198795,198795,-nan,-nan,-6292741.6544055268
198796,198796,-nan,-nan,-6292741.6544055268
198797,198797,-nan,-nan,-6292741.6544055268
198798,198798,-nan,-nan,-6292741.6544055268
198799,198799,-nan,-nan,-6292741.6544055268
198800,198800,-nan,-nan,-6292741.6544055268
198801,198801,-nan,-nan,-6292741.6544055268
198802,198802,-nan,-nan,-6292741.6544055268
198803,198803,-nan,-nan,-6292741.6544055268
198804,198804,-nan,-nan,-6292741.6544055268
198805,198805,-nan,-nan,-6292741.6544055268
198806,198806,-nan,-nan,-6292741.6544055268
198807,198807,-nan,-nan,-6292741.6544055268
198808,198808,-nan,-nan,-6292741.6544055268
198810,198810,-nan,-nan,-6292741.6544055268
198811,198811,-nan,-nan,-6292741.6544055268
198812,198812,-nan,-nan,-6292741.6544055268
198813,198813,-nan,-nan,-6292741.6544055268
198814,198814,-nan,-nan,-6292741.6544055268
198815,198815,-nan,-nan,-6292741.6544055268
198816,198816,-nan,-nan,-6292741.6544055268
198817,198817,-nan,-nan,-6292741.6544055268
198818,198818,31.2391195210,121.4825265066,331.7515614751
198819,198819,-nan,-nan,-6292741.6544055268
198820,198820,-nan,-nan,-6292741.6544055268
198821,198821,-nan,-nan,-6292741.6544055268
198822,198822,-nan,-nan,-6292741.6544055268
198823,198823,-nan,-nan,-6292741.6544055268
198824,198824,-nan,-nan,-6292741.6544055268
198825,198825,-nan,-nan,-6292741.6544055268
198826,198826,-nan,-nan,-6292741.6544055268
198827,198827,-nan,-nan,-6292741.6544055268
198828,198828,-nan,-nan,-6292741.6544055268
198829,198829,-nan,-nan,-6292741.6544055268
198830,198830,-nan,-nan,-6292741.6544055268
198831,198831,-nan,-nan,-6292741.6544055268
198832,198832,-nan,-nan,-6292741.6544055268
198833,198833,-nan,-nan,-6292741.6544055268
198834,198834,-nan,-nan,-6292741.6544055268
198835,198835,-nan,-nan,-6292741.6544055268
198836,198836,-nan,-nan,-6292741.6544055268
198837,198837,-nan,-nan,-6292741.6544055268
198838,198838,-nan,-nan,-6292741.6544055268
198839,198839,-nan,-nan,-6292741.6544055268
198840,198840,-nan,-nan,-6292741.6544055268
198841,198841,-nan,-nan,-6292741.6544055268
198842,198842,-nan,-nan,-6292741.6544055268
198843,198843,-nan,-nan,-6292741.6544055268
198844,198844,-nan,-nan,-6292741.6544055268
198845,198845,-nan,-nan,-6292741.6544055268
198846,198846,-nan,-nan,-6292741.6544055268
198847,198847,-nan,-nan,-6292741.6544055268
198848,198848,-nan,-nan,-6292741.6544055268
198849,198849,-nan,-nan,-6292741.6544055268
198850,198850,-nan,-nan,-6292741.6544055268
198851,198851,-nan,-nan,-6292741.6544055268
198852,198852,-nan,-nan,-6292741.6544055268
198853,198853,-nan,-nan,-6292741.6544055268
198854,198854,34.6477854229,138.7818443683,47455900361.8031311035
198855,198855,-nan,-nan,-6292741.6544055268
198856,198856,-nan,-nan,-6292741.6544055268
198857,198857,-nan,-nan,-6292741.6544055268
198858,198858,-nan,-nan,-6292741.6544055268
198859,198859,-nan,-nan,-6292741.6544055268
198860,198860,-nan,-nan,-6292741.6544055268
198861,198861,-nan,-nan,-6292741.6544055268
198862,198862,-nan,-nan,-6292741.6544055268
198863,198863,-nan,-nan,-6292741.6544055268
198864,198864,-nan,-nan,-6292741.6544055268
198865,198865,-nan,-nan,-6292741.6544055268
198866,198866,-nan,-nan,-6292741.6544055268
198867,198867,-nan,-nan,-6292741.6544055268
198868,198868,-nan,-nan,-6292741.6544055268
198869,198869,-nan,-nan,-6292741.6544055268
198870,198870,-nan,-nan,-6292741.6544055268
198871,198871,31.2395102133,121.4844480537,-3.3778808641
198872,198872,-nan,-nan,-6292741.6544055268
198873,198873,-nan,-nan,-6292741.6544055268
198874,198874,-nan,-nan,-6292741.6544055268
198875,198875,-nan,-nan,-6292741.6544055268
198876,198876,-nan,-nan,-6292741.6544055268
198877,198877,-nan,-nan,-6292741.6544055268
198878,198878,-nan,-nan,-6292741.6544055268
198879,198879,-nan,-nan,-6292741.6544055268
198880,198880,31.2396605951,121.4845409124,9.7088251562
198881,198881,-nan,-nan,-6292741.6544055268
198882,198882,-nan,-nan,-6292741.6544055268
198883,198883,-nan,-nan,-6292741.6544055268
198884,198884,-nan,-nan,-6292741.6544055268
198885,198885,-nan,-nan,-6292741.6544055268
198886,198886,-nan,-nan,-6292741.6544055268
198887,198887,-nan,-nan,-6292741.6544055268
198888,198888,-nan,-nan,-6292741.6544055268
198889,198889,-nan,-nan,-6292741.6544055268
198890,198890,-nan,-nan,-6292741.6544055268
198891,198891,-nan,-nan,-6292741.6544055268
198892,198892,-nan,-nan,-6292741.6544055268
198893,198893,-nan,-nan,-6292741.6544055268
198894,198894,-nan,-nan,-6292741.6544055268
198895,198895,-nan,-nan,-6292741.6544055268
198896,198896,-nan,-nan,-6292741.6544055268
198897,198897,-nan,-nan,-6292741.6544055268
198899,198899,-nan,-nan,-6292741.6544055268
198901,198901,-nan,-nan,-6292741.6544055268
198902,198902,-nan,-nan,-6292741.6544055268
198903,198903,-nan,-nan,-6292741.6544055268
198904,198904,-nan,-nan,-6292741.6544055268
198905,198905,-nan,-nan,-6292741.6544055268
198906,198906,-nan,-nan,-6292741.6544055268
198907,198907,-nan,-nan,-6292741.6544055268
198908,198908,-nan,-nan,-6292741.6544055268
198909,198909,-nan,-nan,-6292741.6544055268
198911,198911,-nan,-nan,-6292741.6544055268
198912,198912,-nan,-nan,-6292741.6544055268
198913,198913,-nan,-nan,-6292741.6544055268
198914,198914,-nan,-nan,-6292741.6544055268
198920,198920,-nan,-nan,-6292741.6544055268
198921,198921,-nan,-nan,-6292741.6544055268
198922,198922,-nan,-nan,-6292741.6544055268
198923,198923,-nan,-nan,-6292741.6544055268
198928,198928,-nan,-nan,-6292741.6544055268
198929,198929,-nan,-nan,-6292741.6544055268
198930,198930,-nan,-nan,-6292741.6544055268
198931,198931,-nan,-nan,-6292741.6544055268
198933,198933,-nan,-nan,-6292741.6544055268
198934,198934,-nan,-nan,-6292741.6544055268
198935,198935,-nan,-nan,-6292741.6544055268
198936,198936,-nan,-nan,-6292741.6544055268
198937,198937,-nan,-nan,-6292741.6544055268
198938,198938,-nan,-nan,-6292741.6544055268
198939,198939,-nan,-nan,-6292741.6544055268
198940,198940,-nan,-nan,-6292741.6544055268
198941,198941,-nan,-nan,-6292741.6544055268
198942,198942,-nan,-nan,-6292741.6544055268
198943,198943,-nan,-nan,-6292741.6544055268
198944,198944,-nan,-nan,-6292741.6544055268
198945,198945,-nan,-nan,-6292741.6544055268
198946,198946,31.2397569555,121.4854885361,22.4233703773
198947,198947,-nan,-nan,-6292741.6544055268
198948,198948,31.2397045814,121.4855083439,21.0129845002
198949,198949,31.2396728913,121.4855466235,28.1566772439
198950,198950,31.2396348297,121.4856342997,36.2125867631
198951,198951,-nan,-nan,-6292741.6544055268
198952,198952,-nan,-nan,-6292741.6544055268
198953,198953,31.2398223252,121.4855489347,9.7094293364
198954,198954,31.2398404140,121.4855774248,8.5000910740
198955,198955,-nan,-nan,-6292741.6544055268
198956,198956,-nan,-nan,-6292741.6544055268
198957,198957,31.2399092868,121.4855822369,10.9209880833
198958,198958,31.2398843059,121.4856147632,16.6055025099
198959,198959,-nan,-nan,-6292741.6544055268
198960,198960,-nan,-nan,-6292741.6544055268
198961,198961,31.2398838794,121.4855997475,16.7783668853
198962,198962,31.2397454267,121.4856500774,34.2647985685
198963,198963,31.2397799804,121.4856791547,28.0991309400
198964,198964,31.2397293629,121.4856638897,26.9491165478
198965,198965,31.2397426557,121.4856696887,29.1971234631
198966,198966,-nan,-nan,-6292741.6544055268
198967,198967,-nan,-nan,-6292741.6544055268
198968,198968,-nan,-nan,-6292741.6544055268
198969,198969,-nan,-nan,-6292741.6544055268
198970,198970,-nan,-nan,-6292741.6544055268
198971,198971,-nan,-nan,-6292741.6544055268
198972,198972,-nan,-nan,-6292741.6544055268
198973,198973,-nan,-nan,-6292741.6544055268
198974,198974,31.2397344597,121.4857214036,24.6064313402
198975,198975,31.2398168809,121.4856784110,34.7290486742
198976,198976,31.2397816778,121.4857120426,29.2568339143
198977,198977,31.2396029547,121.4857489170,12.3516582647
198978,198978,-nan,-nan,-6292741.6544055268
198979,198979,31.2397613420,121.4857645231,28.3128312595
198980,198980,31.2397811002,121.4857800997,28.6570206751
