39636,44.6828243643,131.1424277196,
39637,56.0579391194,133.2935052297,
39638,38.5670467432,39.2569236715,
39640,29.2585658549,34.6381319832,
39642,26.5783849562,33.5067120257,
39643,20.2788895417,22.4176916959,
39644,19.5224325515,21.7036907802,
39645,17.9050258764,22.5135230249,
39646,16.2725294690,23.6687192458,
39647,1.8451011765,44.1189795771,
39648,3.7198502681,57.1981576144,
39649,8.8031724601,47.5882628085,
39652,4.8239579815,43.9536444759,
39653,7.4596875650,48.6019297243,
39654,4.2012265510,38.4295435791,
39655,8.2465921960,42.4013819580,
39656,7.1021184579,52.6463886047,
39657,7.7839236252,45.4868379811,
39659,7.7143354985,38.7492464987,
39660,8.9460263568,41.8107223363,
39661,5.2169440589,28.6474581321,
39662,6.6768792549,26.3254014852,
39663,4.6903490863,25.0895503270,
39664,8.4864684034,24.9311107482,
39665,4.3913522282,23.2701949282,
39666,6.8210041116,25.1181127758,
39667,5.6183547255,23.4203294284,
39668,6.1131879234,23.6067729125,
39669,6.9502029339,21.8055022267,
39670,10.2037912202,25.9474910944,
39671,8.4317090108,29.2847714705,
39674,6.5307111657,28.7906293649,
39675,6.2512717363,19.5095310356,
39676,5.6965904819,25.5076995997,
39677,6.1784208084,26.8522592467,
39678,7.1450792936,20.8997600686,
39679,9.4131999194,25.3108566336,
39680,7.4459658848,21.4667726675,
39681,7.6361893184,20.6922673827,
39682,5.9417229441,21.1779462725,
39683,5.9912930322,24.6839506631,
39685,6.7925421479,21.3113797919,
39686,7.3471473228,27.3575363139,
39687,7.0935302267,25.1934857281,
39688,9.8912925545,24.9864343900,
39691,6.1856134852,32.7645086276,
39692,8.2785852311,30.2372994272,
39695,9.0035387245,25.4760774156,
39696,7.6071621998,32.1059942778,
39697,8.9372013759,46.8727691996,
39698,8.6131342260,31.5265447429,
39699,8.2681806925,35.0366453288,
39700,6.6717617560,42.1567863709,
39701,8.4125714000,46.9968365127,
39702,8.2159663685,43.2751028877,
39704,6.1940652110,49.6422734172,
39705,6.9265251373,46.8804608460,
39706,8.1761008906,42.0851772651,
39707,6.6280963290,42.5629807376,
39708,5.3744164286,53.2459568624,
39709,5.8925093944,54.5298077103,
39710,6.1991704666,54.5569956070,
39711,6.3576173155,54.7122897650,
39712,6.1454246032,54.8110564296,
39713,5.7223672004,55.9387771208,
39714,5.6903736986,55.8924364069,
39715,5.5149615550,55.7759783003,
39716,6.1310463848,56.5683155744,
39717,6.1957790907,56.2264782661,
39718,6.6774148812,58.0765316790,
39719,7.1123938800,58.7491183847,
39720,7.5251645889,59.3458071254,
39721,8.2685459922,59.3110048308,
39722,8.9556978510,59.3385136091,
39723,9.4670862819,59.3008154919,
39724,9.5185489632,59.1201748036,
39725,9.4551362376,58.8566873172,
39726,9.4925373766,58.4778366150,
39728,8.6258213060,58.3977233566,
39729,8.1259025723,57.7073733858,
39730,9.0188249211,56.6318768515,
39731,8.8826300489,56.5625185373,
39732,9.3676619486,56.0210767037,
39733,9.6791649513,55.6454996025,
39734,10.0787579096,55.4624459766,
39735,11.0472863903,56.3572047168,
39736,10.9546300902,57.6288530397,
39737,10.8919108255,55.7134663705,
39740,10.8487942939,55.5892595512,
39741,10.8831835968,55.5453215108,
39742,10.9638164864,55.5226913732,
39743,11.2537622204,55.5052019722,
39745,11.3175086546,55.5561371574,
39746,11.1778551754,55.4749516941,
39747,11.2735554194,55.4513226416,
39748,11.0537662482,55.4893219413,
39749,10.9034177339,55.2591605266,
39750,10.7693788323,55.0438322341,
39751,10.8122585591,54.8466248445,
39752,10.3825622475,54.7347543546,
39753,10.3178300113,54.3444621132,
39754,10.4440024449,54.1755563132,
39755,10.4328058334,54.2850309125,
39756,11.1998866439,53.5997275249,
39758,10.2907705225,53.5755071585,
39759,9.9277020784,54.0967759739,
39760,10.1457719390,53.0480888703,
39761,10.7612859871,61.2636025455,
39762,12.1464029751,67.7311117961,
39763,12.5491724960,69.0577535918,
39764,14.2201874290,71.6968409309,
39765,14.5441302796,72.3163693823,
39766,14.8392557861,72.3724375054,
39767,14.9314449935,72.5764841677,
39768,15.2049150789,71.6011363775,
39771,15.9043792166,70.3323198655,
39772,15.9000188901,70.3182267143,
39773,16.1034775360,70.1745248998,
39774,18.8076536547,70.7322555014,
39775,18.4027176724,70.8131407230,
39776,18.3154394751,70.3570737568,
39777,18.2813763957,70.4321226723,
39778,18.2095868411,70.4491048867,
39781,19.1490174904,69.1212417783,
39782,19.1561284032,68.8286719506,
39783,19.1662287631,68.6256761054,
39784,19.1558551972,68.3796215194,
39785,19.1555464863,68.2654794475,
39786,18.8505799258,67.8191289747,
39787,18.7444839734,67.6531470705,
39788,18.4900304630,67.0372054521,
39789,18.5930135763,68.1284467212,
39790,18.6401743830,67.8777145569,
39792,18.6288753085,67.8807836834,
39793,18.0789622347,67.5666120316,
39794,17.8090027919,67.0824989103,
39795,17.6044718375,66.8850912524,
39796,17.5536518064,66.9344364806,
39797,17.4176762916,67.0069226667,
39798,17.3168674187,66.8961796890,
39799,18.3118613108,67.1125221732,
39801,20.0634614951,66.8956172540,
39802,21.1307054245,67.0563484350,
39803,22.0211538495,67.0750053473,
39805,24.0525505564,67.4579758491,
39806,25.1546686621,67.7230390323,
39807,26.2332042616,67.9596004681,
39808,27.2872035914,68.1817569268,
39809,28.4170034417,68.4758176303,
39810,29.1998595095,68.6149668266,
39811,30.1115142197,68.8780727526,
39812,30.4062322141,68.7390179442,
39813,30.7747638676,68.7288634084,
39814,31.0623875021,68.7879441633,
39815,31.8283897559,69.2235366706,
39816,32.4363390744,69.9069355691,
39817,33.1646497182,70.3527233497,
39819,35.0736357535,71.4600232476,
39820,35.6529749825,71.7122784003,
39821,36.9587592369,72.5134781631,
39822,37.7328694022,73.0884882092,
39823,38.5327054523,74.0223309544,
39824,39.2140016049,74.8240584767,
39825,40.0953901223,75.7535613605,
39826,40.8859375054,76.8157193226,
39827,41.5166256836,77.2617056509,
39828,41.8158605226,77.5545981622,
39829,36.3555970801,78.5263171749,
39830,34.0595658053,83.2169954170,
39831,36.0595786214,86.0432770538,
39832,35.3897181856,88.5766661147,
39834,36.8328284758,92.6407146139,
39835,36.3564159770,93.7206121032,
39836,36.2269479224,95.5196989679,
39837,35.4919142846,96.4833818552,
39838,35.9684418532,98.0475219536,
39839,36.5912127022,99.0436855176,
39842,39.5186107449,100.9471646574,
39843,40.1968534328,101.8369490250,
39844,40.5584466639,103.0267094569,
39845,40.7206498799,104.2022165428,
39846,41.2246772721,105.2593669365,
39847,41.2944515490,106.0781584162,
39848,41.9668926869,106.7087534646,
39851,44.6218090490,108.1534416588,
39852,44.8543776980,108.7580475911,
39853,45.0715084951,109.4061650292,
39854,44.3437034796,111.3754748690,
39855,44.5742495116,111.5564489741,
39856,41.8123199051,104.2098723480,
39857,42.4473758906,104.9120269641,
39858,43.1420388335,105.6867338646,
39859,42.9864029360,106.3915320493,
39860,43.4341684276,107.6950441972,
39861,42.7016574643,108.5885236186,
39862,44.3460256753,108.7037849744,
39865,46.5631144823,109.7007124109,
39866,46.7102393480,109.7580928030,
39867,45.4329737241,111.4295611499,
39868,45.2060058831,112.0620426129,
39869,45.7154671538,112.1414579182,
39870,45.8367782636,112.3425798359,
39873,48.8379980383,113.8975028539,
39874,48.4277077449,107.3000512443,
39875,49.0525025499,106.9131569198,
39876,50.0535361652,107.6443653252,
39877,49.8376481930,107.7795333140,
39879,51.8959009549,108.6721411743,
39880,53.3606974835,109.4538504676,
39881,53.0725507009,108.9526667607,
39882,53.3918561908,108.6152801393,
39883,53.9928991820,109.4333415868,
39884,54.6314051475,110.0181897951,
39885,55.1997813046,109.9767957854,
39886,54.6417512089,114.8609763663,
39887,54.5559037071,114.8364485950,
39888,53.9475749011,114.5705863261,
39889,53.6279412673,114.4697939236,
39892,55.5804103418,115.1936069827,
39893,55.7688407773,115.2393332225,
39894,55.3089901202,114.9930057901,
39895,55.6120260692,115.1795120210,
39896,55.5178832248,115.5938151364,
39897,55.7513920495,115.3501218793,
39898,55.7968258948,114.9790252433,
39900,56.6552990097,115.0664005388,
39901,57.1676781914,115.3770918212,
39902,57.3006326092,115.3322925461,
39903,57.5647361752,115.6305365121,
39904,57.6562429363,115.8495476497,
39905,57.8171561252,116.1763468644,
39906,57.9473172946,116.3752833471,
39907,58.1157532071,116.5875142564,
39908,58.1146981446,116.8019970517,
39909,58.2369968946,117.0437817300,
39910,58.4557883135,117.1923999590,
39911,58.5795307982,117.3290459398,
39912,58.9837537245,117.5247296785,
39913,59.0598544126,117.6394217397,
39914,59.1918747988,117.7990243518,
39915,58.6465818486,118.1627546845,
39916,58.8073296387,118.2048825603,
39917,58.4338771920,118.3077883760,
39918,58.6085393322,118.3757172840,
39919,58.8750058805,118.5578853879,
39920,59.8992973236,118.7827825861,
39921,59.7744660199,119.2260384520,
39922,59.6259694176,119.8837865418,
39923,59.9345738278,119.8395977422,
39925,61.5018959849,120.7201644897,
39926,62.6327965552,120.4634608673,
39927,62.0473625671,119.8607771087,
39928,61.8747001599,119.8876738081,
39930,62.3338120595,119.3286392554,
39931,62.7691783739,119.2706006492,
39933,63.7584985390,119.9463276971,
39934,61.1890920955,117.4162261971,
39935,63.2986442908,116.8222157807,
39936,62.3681644673,114.1308827063,
39937,61.8243885568,112.0351785675,
39938,60.5596745651,109.1565498847,
39939,57.6569458585,99.9253578134,
39940,59.9867815950,106.8170451988,
39942,61.2773415107,106.6823897108,
39943,60.2684858548,104.0380173592,
39944,59.5252381110,101.6966604338,
39945,58.4929298473,99.6026509762,
39946,54.8540130859,93.2584625887,
39947,56.5946107694,94.9660474590,
39948,55.2875947114,93.2107122793,
39949,56.7015502701,93.8137044872,
39952,59.8858194146,95.7116332262,
39953,60.8819461296,95.2968436334,
39954,60.3807809237,94.2433214947,
39955,59.8057857775,91.2659981378,
39957,62.8933476961,95.5231466457,
39958,62.0831264669,94.4579981531,
39959,61.5307237276,90.3767499078,
39960,62.9759897556,94.6503551469,
39963,65.2341711091,95.9618604427,
39964,66.1262421522,97.2500286176,
39965,66.1771692774,97.1484829826,
39966,66.1188361406,97.3835270185,
39967,66.2637281074,97.2261684511,
39968,62.6086757881,89.0999033699,
39969,65.6519700544,96.0318678048,
39970,64.7491693709,95.5792229639,
39971,64.9628378958,96.8525754940,
39972,60.8064357470,94.6402844512,
39974,61.7735378254,96.1863476624,
39976,62.4060446860,97.1358853986,
39977,59.6653975185,95.7294323134,
39978,59.6145949040,95.1024421348,
39979,58.8385760069,95.2814374620,
39980,57.3878988023,95.2940141483,
39981,55.4192025548,87.9837839650,
39982,54.3745981960,92.5713823078,
39983,53.0378343102,92.5413108814,
39984,52.8837473885,92.4230974861,
39985,53.5747253487,94.1156068119,
39986,53.8056698824,93.7364392710,
39987,50.7436051112,96.4628146154,
39988,51.2215989980,97.4802999876,
39989,50.8756159477,93.3456633096,
39990,51.6229518892,94.0717262063,
39991,52.4638650484,94.8671011803,
39994,55.1860929448,96.8302755014,
39995,55.7982341007,97.5613057244,
39996,56.4350977306,98.2054608585,
39997,56.6912516182,99.1614045921,
39998,56.8371738765,99.8033806736,
39999,57.5503299272,100.7914128954,
40001,58.6579846088,101.9845778987,
40002,59.0059716360,102.4540688901,
40003,59.5838979348,103.2869334668,
40004,60.3272641036,103.9333400097,
40005,60.4943973298,104.7369436609,
40006,60.5555992122,105.4350152031,
40007,59.3353801704,106.4746242172,
40008,59.2483800139,106.9688267665,
40009,59.3308712375,107.0824482911,
40011,60.4865588167,107.2844376605,
40012,59.6149927643,106.1298464476,
40013,59.6444266638,106.1883418518,
40014,59.3768300704,105.7049455460,
40015,56.8428787694,105.0473969995,
40016,58.2396653769,105.1435592771,
40017,58.1651269209,104.7863548564,
40018,58.9045783073,105.5902120598,
40020,60.4198533911,106.1853402346,
40022,61.6720123607,106.3382163757,
40023,61.9035173516,106.0462507698,
40024,61.8356120807,104.7571872446,
40025,63.0441575763,106.0978790234,
40026,63.0323588844,104.8439774238,
40027,62.8415808859,103.7761729890,
40028,63.0588633311,103.2271293021,
40030,64.5146201709,103.3874596170,
40031,64.8480761076,103.2654416086,
40032,65.2915536444,104.4321305484,
40033,65.2643342040,102.5230477577,
40034,65.2447781972,102.9419371317,
40036,64.8282612300,102.4529081879,
40037,65.9290060049,103.3273712607,
40038,65.8942193501,102.3574686922,
40039,64.9800013621,99.0846143413,
40040,65.0202982306,100.6879672966,
40041,65.8749336648,100.9038091015,
40042,63.3416624127,99.7796349169,
40043,61.3428255359,96.4378738828,
40044,59.4469822230,95.4369870768,
40046,59.3240113328,94.8672038458,
40047,59.0381104868,93.0141407850,
40048,59.0706263575,92.3641186509,
40049,59.8638023403,92.6915069158,
40050,56.7339695318,91.6647121194,
40051,55.8601125349,89.1053781213,
40052,54.1568132184,89.2718653951,
40053,53.4702780731,86.0231725808,
40055,52.5077808395,85.6763346085,
40056,50.9537397750,82.6159164933,
40057,49.2732110829,83.0360427122,
40058,46.6368203767,81.1355902343,
40059,45.6634883029,78.4198161284,
40060,45.1810590076,78.7339270268,
40061,40.1333758465,65.8859568864,
40062,36.7300674921,57.8654370546,
40063,35.0486337512,54.2134832626,
40064,35.2501330766,55.3023311555,
40065,34.8349846694,54.4791435154,
40066,35.3022633260,54.4592581001,
40067,35.7383405027,54.3866806498,
40069,37.3182022415,55.0920346641,
40070,37.8926994753,55.2376336472,
40071,38.4535541443,55.4083178586,
40072,39.0614586899,55.5628806632,
40073,39.4897495244,55.7506674317,
40074,40.0437708334,56.0844232514,
40075,40.1353910150,55.8459954062,
40076,40.6397417531,56.0061114151,
40077,41.1274474857,56.4439681566,
40078,41.5507995825,56.6667783453,
40079,41.9619575446,56.9060428130,
40080,42.0760935714,56.9308817927,
40081,42.5355042898,57.1983716743,
40082,42.9264520899,57.4688878874,
40084,44.2369560393,58.5283418549,
40085,39.8739642618,58.1790410703,
40086,44.0615354312,58.5009658745,
40087,44.1460181793,58.6535046652,
40088,40.8791976529,59.1212696484,
40090,45.5536213503,60.3002127617,
40091,45.7816202627,60.4236275411,
40092,46.1232512694,60.7392729169,
40093,41.9342097082,61.3199109961,
40094,46.7572582883,61.7113011276,
40095,44.3084993527,62.4721340038,
40096,47.2187937591,62.3639622149,
40097,47.4193786470,62.8087073702,
40098,47.8081773838,63.0617950335,
40099,48.4949805746,63.4553893865,
40100,46.4432887401,64.7672592054,
40102,50.9228261065,65.5050482791,
40103,45.8295387403,67.8603531779,
40104,48.8669752426,67.4648168176,
40105,50.4658369031,67.7792597174,
40106,51.5238740734,67.6164122202,
40107,48.2297580517,69.0984894342,
40108,48.6256717731,69.6391022186,
40109,51.0275069854,67.3966466904,
40111,46.3645854475,71.0132828464,
40113,52.4546596476,68.3559940810,
40115,51.9473738967,69.0921647452,
40116,53.0098422940,68.4570556135,
40117,50.2214590563,69.5801786276,
40118,52.3449945832,67.1877313184,
40119,51.5393334798,66.9250828295,
40120,50.7380234873,65.2594899403,
40121,46.8006837448,66.5278037166,
40122,48.3921862017,62.5359488802,
40124,49.7717615567,62.9034687778,
40125,49.5321601826,62.4991773963,
40128,52.1830073107,64.8032455316,
40129,49.2731215054,62.8724504582,
40130,48.9301343761,61.8321200947,
40131,48.8030931821,60.5482854892,
40132,50.2142834977,60.9087538720,
40134,50.0850758670,59.5576158888,
40135,50.6467508327,59.8624672758,
40136,49.6338051138,57.5084468637,
40137,47.5851964619,56.3482587698,
40138,48.5460862040,58.1350787824,
40139,48.4536261718,55.3928294505,
40141,49.3456855655,56.8331062323,
40142,48.2942097690,55.0605149682,
40143,48.4608705362,54.0652344623,
40144,48.5318259748,53.6540272252,
40145,47.9998400708,52.4616138052,
40146,47.5778591616,51.8823911327,
40147,47.2703062769,51.2432232870,
40148,45.9455849845,48.6527604845,
40149,45.5018097580,48.4294904752,
40150,42.9899515261,43.0594421945,
40151,42.6798437141,44.1782838842,
40152,43.3296370964,44.6648993986,
40153,42.9897926018,43.9469800452,
40154,43.0895847481,44.1771307270,
40157,44.2997891329,45.0717869873,
40158,43.6632291009,43.9887932556,
40159,42.0494264186,42.0510550481,
40160,41.1581156367,41.2449120521,
40161,40.0622736954,40.0788882451,
40162,38.8436339016,39.1078200789,
40163,38.6723206857,39.1064582509,
40164,38.2158180501,38.9249648323,
40165,32.9908538850,44.4118876744,
40166,28.5050819730,42.5523001868,
40167,27.3500619118,43.6455596606,
40168,27.8036950329,45.6133450603,
40170,28.1755413632,48.2604246853,
40171,26.9440950714,49.7121087194,
40172,26.6119386028,51.9970540449,
40173,24.7095274130,54.5037257943,
40174,23.0438977881,54.7976647278,
40175,21.7491315336,56.2406239762,
40176,19.5616121223,56.1508234293,
40177,17.4202315124,56.2305253738,
40178,15.1997992509,54.1092769172,
40179,12.6519406627,52.1827372979,
40180,10.0574694934,51.5826024414,
40181,9.0082350305,53.9044716778,
40182,9.6024388337,56.5788292898,
40183,8.1026670767,58.2176937364,
40184,6.5121263415,62.2542675428,
40185,6.0693832868,63.3589153355,
40186,5.7137186686,65.3180681808,
40187,4.8429708261,65.7380123131,
40188,3.9220353827,60.8209091527,
40189,4.9908982595,62.6164142699,
40191,7.8078850959,55.9805113063,
40192,6.3637408612,64.0116986888,
40193,6.5319032594,64.6461063395,
40194,6.7138049614,65.3236013097,
40195,6.7283114083,65.5886253444,
40196,6.9354845069,65.8708710477,
40198,7.2253413677,66.1253453088,
40199,7.5080662306,66.2570643009,
40200,7.8873940529,66.4972154559,
40201,8.2399238231,66.3775649317,
40202,8.4761844211,66.3021668006,
40203,8.6986491340,66.3818215944,
40204,8.8782937509,66.1973835257,
40205,9.1447581114,66.0902057658,
40206,9.8154151569,65.8262239032,
40207,10.5368590230,65.7738096909,
40208,10.8991871005,65.6151844589,
40209,10.8334408034,65.7242698537,
40210,10.8018711480,65.4630117495,
40211,10.8886596515,65.0980248481,
40212,11.0215691144,64.5859641030,
40215,10.6171846240,64.7772280521,
40216,10.5517736831,64.6562398683,
40217,10.8017887735,64.2561342432,
40219,10.7577843123,64.6108446807,
40220,10.7126695050,64.6854227800,
40221,10.6004114962,63.8707581783,
40222,10.7148539155,62.9480302939,
40223,11.1342180377,61.7273444981,
40224,11.3268731929,61.6525685080,
40226,10.9323538671,61.8314790428,
40227,11.2415192878,62.0380242834,
40228,12.4903305818,62.6646318486,
40229,12.3367473802,60.3351942570,
40230,12.3242514697,59.9579424705,
40231,12.2297834978,59.8808567953,
40232,12.1829611254,59.8194457490,
40233,12.1734776630,59.8348670513,
40234,12.3443249462,59.8604746151,
40235,12.4107501543,59.9309293740,
40236,12.2537822048,59.9228710159,
40237,12.2234948657,59.9190622454,
40239,12.0947649299,59.8946762563,
40240,11.6403976629,59.8673545377,
40243,11.6364902160,59.9818970830,
40244,11.6679657970,60.0352551241,
40245,12.1231681294,60.1490228805,
40246,12.4160658533,60.6207536270,
40247,12.7025570179,60.4051586903,
40248,12.7915609719,60.0703536409,
40249,13.1299238880,59.7293767537,
40250,13.3682735079,59.2103166828,
40251,13.6491785400,58.4327791713,
40252,14.0477424943,57.4062384038,
40253,13.9998981219,56.8086801785,
40254,13.8112135362,56.8224883184,
40255,14.2738264555,56.6676177541,
40256,14.1541379253,56.5567632214,
40257,14.3764822194,56.3904036654,
40260,14.4821668006,55.4541512516,
40261,13.6836829106,54.6969206659,
40262,12.7123963398,54.4480882371,
40263,12.7561768700,54.2979307282,
40264,12.7058282156,54.3639241560,
40265,13.0112145696,53.8129102721,
40266,13.1603495024,54.0798679634,
40267,13.1030802548,53.4107502699,
40268,12.8056571503,52.1780929529,
40269,11.9254182145,50.6537287112,
40271,11.5596894531,50.3760782418,
40272,11.8616848900,49.2377483582,
40273,11.7252000705,48.4588303033,
40274,11.5630545542,48.2658833799,
40275,12.0359923619,48.9641835827,
40276,11.8120838854,49.3706940699,
40277,12.1481953478,50.4525680823,
40278,11.9285231196,49.8919821228,
40279,11.6748431544,49.4965762344,
40280,11.7543213304,48.5297226970,
40282,11.3691171590,48.8179382368,
40283,11.2883344752,48.6655440816,
40284,11.4611197611,48.1685706211,
40285,11.8588463174,48.5306344426,
40286,11.7161922660,48.7067954418,
40287,11.8384856289,49.1621843209,
40288,11.3882122698,51.1918581855,
40289,11.8984630739,49.5147120356,
40291,12.3491286865,48.2436325919,
40292,12.8443208607,47.7308843129,
40293,12.9465341456,47.6442606231,
40295,12.9215925180,47.5664432209,
40296,12.9419189589,47.9256976944,
40297,13.0284909578,48.1744664657,
40298,12.3787337296,46.0220629544,
40299,11.7334889861,45.3494842351,
40300,10.5507006644,43.7783615581,
40301,10.5278602038,43.3842133499,
40302,10.7094159855,42.4771260271,
40303,11.3590848478,39.3967225498,
40304,10.9092034897,33.7254745270,
40305,12.1107354617,33.3967348009,
40306,11.9893737405,31.1670487476,
40308,12.4334861742,32.5307483639,
40309,13.2992990889,32.2602663847,
40310,13.3818813355,32.1485869719,
40311,13.4817171506,32.9792376452,
40312,14.5344436139,33.0063164993,
40313,15.5176358862,32.3095871398,
40314,15.8744603265,32.8925038239,
40315,16.4138400027,32.6794349458,
40317,15.2065347850,32.8499445839,
40318,14.3268751561,31.6575542653,
40319,14.2033116789,30.9621700748,
40320,14.6134159530,30.6381201455,
40321,14.7812278272,30.5918976844,
40322,15.1046009484,29.7303165625,
40323,14.7308642834,29.0919123349,
40324,14.2649112219,28.9261132672,
40325,13.9587935740,28.0891138622,
40326,13.1397335531,27.6988019097,
40327,12.7463114912,27.5997015782,
40328,11.7472203224,29.4775490339,
40329,11.7327505772,29.7834221279,
40330,10.8192841826,33.2858288659,
40331,11.0774829209,34.5226132461,
40334,11.0766081748,33.9849070184,
40335,10.9377764498,32.7478589800,
40336,10.8085431942,32.8010131090,
40337,11.4978607608,32.6409800444,
40338,11.7356862369,33.8862300446,
40339,12.5931029953,33.1059007597,
40340,12.8620501939,32.5389466187,
40341,13.0993473707,31.0983925138,
40342,13.2949571510,30.3916523705,
40343,12.8373472955,30.4469619607,
40345,12.7805884863,30.8639564116,
40346,13.1383603755,31.4984861671,
40347,12.8027521238,31.1689626690,
40348,12.2878986014,31.0224054709,
40349,12.1067283225,31.2784675400,
40350,12.3234565124,32.2748076410,
40351,12.7913638117,32.0407454668,
40352,13.0644382650,29.9591738839,
40353,13.1200418434,29.7085528298,
40354,13.1876553439,30.4184072122,
40355,13.1260833704,31.3482199909,
40357,12.3186099807,34.9703166923,
40358,11.7857423164,36.7786494714,
40360,11.6763844475,34.8140320296,
40361,11.7325435322,35.4217107211,
40362,12.3215876401,34.6413288375,
40363,13.3821374012,34.5993205589,
40364,14.1272991138,34.7802751837,
40365,14.6706586267,34.8344649209,
40366,15.9282468559,34.6286688939,
40368,17.1656439752,32.8649136245,
40369,17.8593272866,31.7138506668,
40371,19.3643755814,33.7410066612,
40372,19.9944132242,35.6542980101,
40373,20.6230106108,36.9529598461,
40374,20.9009957861,37.9729790392,
40375,21.2253744947,39.5923646198,
40376,20.5777118824,38.6732391482,
40377,22.4309684405,39.4872403119,
40378,23.7128082891,40.0168334943,
40379,24.2328746934,41.1461318382,
40380,26.9021329496,42.5416261715,
40381,25.9379911452,37.4090863986,
40382,18.9676089509,28.0050468835,
40383,23.7921558469,34.4184679052,
40384,27.8811654437,40.9874714894,
40385,20.9205899237,31.1532011127,
40386,21.3448528975,32.3058857042,
40388,20.0667296902,31.7545789634,
40389,25.6359559898,33.9429381959,
40390,18.4551762235,23.9860673643,
40391,16.3652371081,19.9976803984,
40392,13.9703603754,14.9519207864,
40393,15.0137201311,15.0563728063,
40394,14.7966476236,14.7990463394,
40395,16.6410713537,16.6887777679,
40397,17.5843885344,17.6680697592,
40398,17.8458840830,18.1428689869,
40399,19.6402162353,19.9832202153,
40400,25.8226109382,26.3363559218,
40401,19.6745416933,20.3330181480,
40402,19.7761549021,20.4379209483,
40403,20.0895774696,20.4211725080,
40406,21.1291534002,22.1236758051,
40407,21.1872931411,21.4239943603,
40408,21.0566523566,21.0625186096,
40409,21.2699662633,21.2934377363,
40410,20.9067993871,21.4419154033,
40411,20.9708659656,22.1332537181,
40412,20.6969633014,23.0747638679,
40413,21.9601216705,26.4209689010,
40414,21.8524214936,27.8239743339,
40415,21.6115620460,30.0884963063,
40417,22.2599875334,31.2566314145,
40419,21.7650518670,32.6845688832,
40420,21.8844705302,33.7683998657,
40421,22.8711177929,35.1737919328,
40422,23.1985112710,35.9169997926,
40423,22.7173356387,37.9269725410,
40424,23.4404591214,40.1057252996,
40425,23.7033161371,42.7635338806,
40426,24.4075967908,44.5851931368,
40427,23.8671390100,45.1000468386,
40428,23.8016682752,44.1303917337,
40430,24.3366811726,45.6247722994,
40431,24.4005159224,47.2481284227,
40432,24.3040492862,48.8090644427,
40433,24.2745004535,49.4208781632,
40434,24.3716443349,50.0564392721,
40435,23.9979631420,51.6805347570,
40436,24.0091187697,51.8375695503,
40437,24.0517274285,52.5554493627,
40438,23.5903883346,55.0756648115,
40439,25.2823306317,55.9910516593,
40440,24.8237502026,57.0680257597,
40443,24.6855544700,59.7539235953,
40444,24.9098403848,59.4861988506,
40445,24.8266832344,61.4174451600,
40446,24.1361780961,64.4210234125,
40447,23.6191670156,65.1075067689,
40448,23.5392826889,66.0232392639,
40449,20.5660197382,74.9530215768,
40450,20.3427174638,81.2728389299,
40451,19.8545116713,79.8944482067,
40452,19.8505806790,77.7820089622,
40454,19.6299608856,76.6510613823,
40455,19.0968943496,79.6215954142,
40456,19.2969825486,80.5145427701,
40458,19.0667942163,80.8284717234,
40459,18.6358513982,82.1380991821,
40460,18.5357358415,82.4826002535,
40461,18.0806607077,82.6984855699,
40462,18.2058427348,83.4209064606,
40463,18.0621617658,83.1188926478,
40464,17.5183833019,84.3711215305,
40465,18.1192591490,85.7095081734,
40466,17.9322818864,86.2310110571,
40467,17.5172542571,86.9369162143,
40468,16.0709035685,84.9284285324,
40469,16.0678331611,85.5352474555,
40470,15.8161351959,84.8426196232,
40471,15.2518328353,85.3998104035,
40473,15.0241039023,86.6081899087,
40474,14.6968878369,86.3664079047,
40475,14.1460005763,86.6851620356,
40476,14.0630193100,87.7463438548,
40477,13.9105017367,88.9127993638,
40478,13.8048785780,89.7284134990,
40479,13.5802872968,90.4131214436,
40480,13.3497714642,91.0529317105,
40481,13.1401256857,91.6510266551,
40482,12.9578949335,92.2597011260,
40483,12.7834276337,92.8456021483,
40484,12.5227837744,93.4246281958,
40485,12.3269050519,94.0392891608,
40486,12.2579131891,94.6718944881,
40488,12.0192719618,95.2820700546,
40489,11.7342487437,95.8660196480,
40490,11.6043081791,96.5335072484,
40491,11.3237354913,96.9934384721,
40492,10.9606981743,98.0930350239,
40493,10.8821640785,98.7292641978,
40494,10.8418541434,99.2887192137,
40495,11.0030323420,99.9604246318,
40496,11.0259469549,100.4200595474,
40498,11.1230567838,101.0383466046,
40499,11.2478771079,101.6572700430,
40500,11.4482496168,101.9815848210,
40501,11.3600399774,102.8613696662,
40502,11.3938800910,102.9487383700,
40503,11.4835482066,102.9153571502,
40505,11.5720174127,103.3633359324,
40506,11.7506033570,103.5878993959,
40507,11.9263291826,103.5676843902,
40508,12.1819208969,103.5015683987,
40509,12.1690147981,104.4082517188,
40510,12.1659749855,104.9983939341,
40511,12.3332507942,105.0909693196,
40512,12.4064643167,105.4080236612,
40513,12.2526143099,105.8874951219,
40514,12.4389175921,106.2566932431,
40515,13.0340999490,107.5601831603,
40516,13.0138233002,108.0290165933,
40517,12.9322731954,107.9055161259,
40520,13.4205579613,107.6734099053,
40521,14.1969301203,107.2913060093,
40522,14.9111647276,107.7311706598,
40523,15.8494707231,108.0957230091,
40524,15.8562620920,108.4175457541,
40525,16.3056994177,108.9550728152,
40526,16.4280781674,108.1159004659,
40527,16.6163147410,108.0380748612,
40528,16.4870375509,108.4324685669,
40529,16.8684085494,108.9061456445,
40530,16.7404858068,110.0702921431,
40531,16.4383190730,110.9419279061,
40532,16.9317661333,110.8816711652,
40533,17.2745959857,109.6740917408,
40535,18.3304170257,110.2234356523,
40536,18.4279173949,110.4817100850,
40537,18.6365693539,110.6792776395,
40538,18.7781118016,110.2145275221,
40539,18.9984407791,109.7086746187,
40540,19.1213374187,109.1554801433,
40541,19.2105952057,109.6328177176,
40542,18.8950603781,110.3656948894,
40543,19.1024306173,110.5763535298,
40544,19.2943524987,110.7616607828,
40545,18.9924871887,111.3648940173,
40546,19.8259438699,110.7606952131,
40547,21.1231049604,111.3589413461,
40548,21.3298577301,111.1531926735,
40549,21.7976676191,111.5651413288,
40550,22.3830529079,112.4632192676,
40553,23.4033983790,112.6742063635,
40554,23.2508383288,113.5260724556,
40555,23.6695242852,113.8552255216,
40556,23.8765220133,114.5881210507,
40557,23.5377511849,114.8137169180,
40558,22.8502471429,116.1995095643,
40559,22.8892217696,116.3768189971,
40560,22.9778384077,117.2886395960,
40561,22.7979354548,46.0506245352,
40562,22.1862282290,43.9140199042,
40563,21.4874658782,27.1788828435,
40564,20.0866282838,24.9717413456,
40565,19.4118844137,23.5352684221,
40566,20.7451028506,24.1930095578,
40568,21.8250437889,24.8099469343,
40569,22.4360399553,25.1339361151,
40570,22.4892395596,24.7016562258,
40571,23.1049847905,24.6778228525,
40572,23.5569102493,24.5944662415,
40573,23.6226739456,24.4389230775,
40574,23.8207486314,24.1136257595,
40575,24.3570504891,24.5327186310,
40576,24.6950745271,24.7888126204,
40577,25.1202374249,25.1394713709,
40578,26.3086740200,26.3349857055,
40579,27.8825891469,27.9055347875,
40580,29.9283812794,30.0273396782,
40582,32.4177683442,32.4672967635,
40583,29.7552838182,29.9179410642,
40584,29.5153456443,29.5448336377,
40585,30.3761759775,30.3767725118,
40586,31.2956066354,31.3093262966,
40587,32.2670475655,32.3320841686,
40588,33.2846147018,33.5587068811,
40590,35.1053798051,35.5106226500,
40591,36.4861937901,37.0372158545,
40592,37.5628284330,38.2708094972,
40593,38.5564346983,39.4488298540,
40594,39.9266219578,41.0015140469,
40595,40.9924786298,42.2516605600,
40596,42.4219405177,43.8507831411,
40597,43.3123262293,44.9011920257,
40598,44.4214246972,46.2341670546,
40599,45.7487033490,47.7440670197,
40600,46.6657575295,48.8808485682,
40601,47.5952630147,50.0949008061,
40602,49.0563051880,51.7772045596,
40603,49.8585417437,52.7710595181,
40604,50.2855082519,53.8467489417,
40605,51.6119891437,55.1985283190,
40606,52.8187090328,56.3967834055,
40607,52.8998165593,56.8671830929,
40608,53.3849450457,57.5510633818,
40610,54.0056236798,57.9331865993,
40611,53.8365997078,58.1314402455,
40612,53.2580352823,58.0897416182,
40613,53.1322537281,58.0837540893,
40614,51.8465404960,57.0195247023,
40615,51.1797501127,57.0809663977,
40616,49.9189949425,59.6053545193,
40617,49.3749305952,58.7538336166,
40618,48.8302792045,59.9177634053,
40619,47.9672340720,61.3545618585,
40622,48.3636990566,62.8603104031,
40623,48.6816637973,63.6225051020,
40624,47.7210615236,63.6634817047,
40625,47.8939020968,64.5783836497,
40626,47.6319042353,64.9499658506,
40627,48.7071024169,66.1518870241,
40628,48.1310210316,65.9242787029,
40629,48.3257437215,66.2491188326,
40630,49.6956529869,67.2493936242,
40631,50.1819950474,67.5541194832,
40632,50.9990681616,69.1832757701,
40633,51.4972294228,69.4858134555,
40634,52.2008964190,71.0713133865,
40635,53.0172424381,72.3042236142,
40636,52.9805137185,72.1111783852,
40637,44.3078832139,60.8912274838,
40638,45.7459589763,46.6293287767,
40639,46.0259135457,48.7665680346,
40640,46.7344319712,49.4206572539,
40641,47.2555981530,49.9172515679,
40642,48.0972261661,50.7238746054,
40643,48.7584284464,51.2970373550,
40644,49.5069185273,51.9831746911,
40645,49.7797530721,52.2584893225,
40646,50.5692672606,52.9927367260,
40647,51.1011169246,53.4790919974,
40648,51.8576162081,54.1508350011,
40649,52.0064300873,54.1496574565,
40651,53.7317006254,55.7102779068,
40652,53.4226304146,55.2088436174,
40653,52.4733382755,54.0106848179,
40654,51.8132861817,53.1022081205,
40655,51.1872288939,52.1368732147,
40656,51.3731573056,52.1826685443,
40658,53.5398743031,61.4460049134,
40659,54.1330784137,64.2154668790,
40660,54.0987842646,64.0826663290,
40662,55.3414909556,66.9997609164,
40663,55.2565325392,67.4314331431,
40664,55.3763368346,67.7753844103,
40665,55.5960196027,71.5744311589,
40666,55.2345832903,71.8460117117,
40667,55.2543839714,72.4706051963,
40668,55.3886002845,73.6864015961,
40669,55.3036835946,74.7146762428,
40670,55.6520764018,75.6889664880,
40671,55.1159538830,76.5374660788,
40672,54.0467286257,77.5647242239,
40673,53.9478974957,78.2260953809,
40674,54.2585839860,80.2047695904,
40675,51.0623803754,79.0647192762,
40676,52.7674306668,81.0328801694,
40677,51.3106979958,81.8392363139,
40679,53.1298143122,83.8091024661,
40680,54.1207342966,84.8538374540,
40681,53.6248036661,85.2147532606,
40682,53.6211345353,85.6843007582,
40683,52.8258637891,86.6367135278,
40684,52.5612183094,86.9437118873,
40685,51.7801635338,87.1613172722,
40688,53.9633240946,89.0434185230,
40689,53.8818935962,89.4932428501,
40690,53.4138525468,90.0073562886,
40691,53.3927563847,90.8956303533,
40692,53.0900543298,91.3292042897,
40693,52.4184220433,91.6370586770,
40694,51.7242858719,91.9672168488,
40695,51.4084920559,93.5821199566,
40696,51.2778140551,95.1832720447,
40697,51.1362033291,95.9480576770,
40698,51.9305806713,97.1863814024,
40701,52.9862737525,98.4910658246,
40702,54.0875773109,99.7381977094,
40703,52.5237503642,100.1223933383,
40704,51.9880190804,100.8505604332,
40705,49.9878382927,101.1380929943,
40706,48.9854363156,101.8159711646,
40707,47.8075814093,102.7070062387,
40708,46.6397620058,103.5427449952,
40709,45.2805794010,103.9432339358,
40710,43.6971309355,104.3656239669,
40711,42.5402736663,104.7565584930,
40712,41.4032375352,105.4021450653,
40713,39.9277744134,106.7622525055,
40714,41.3280811458,108.3789029798,
40715,30.8395796868,39.4864743217,
40717,30.5961356054,39.2925187455,
40718,26.6304101818,36.5316015599,
40719,26.1162526968,37.9497059295,
40720,26.1181410201,38.8944116819,
40722,26.9509779986,40.3596002664,
40723,26.9275278567,41.3004612609,
40724,26.8936174955,42.2857344451,
40725,26.9193534065,43.3040493581,
40726,27.0256600599,44.3768458248,
40727,26.9720525944,45.3868933474,
40728,27.2323334630,46.5519220724,
40729,27.5296693415,47.6752703078,
40730,27.2250511280,49.5500592561,
40731,27.3610276550,50.6403804072,
40732,27.9151603570,51.7948648463,
40734,29.1511380490,53.3882564163,
40735,29.2815233423,54.4596971274,
40736,29.6056490165,55.6238260927,
40737,29.1011177143,56.5453460966,
40738,28.8552493231,57.5960768410,
40739,28.8624053115,58.7082969456,
40740,28.5407014374,60.7130644548,
40741,28.9748345931,62.0200695595,
40742,28.3895697037,63.1771630244,
40743,29.3021440584,64.1998766475,
40744,29.9728594244,65.4129123300,
40745,30.0745481907,66.4220832217,
40746,30.3617830127,67.4125673018,
40747,30.4650362372,68.3857278154,
40748,30.6737078583,69.6449602067,
40749,30.4128116204,70.8570969974,
40751,31.3443550500,72.3271081472,
40752,31.3685326809,73.4391110333,
40753,32.2066867314,75.3710724672,
40754,33.0183906817,77.2381736958,
40755,33.5085878215,78.3028564812,
40756,35.1549274021,79.3390358960,
40757,36.2954239724,80.1591742955,
40758,36.8243359226,81.4765096544,
40761,30.1370866694,60.5624877004,
40762,28.8475978683,29.6644930195,
40763,28.5104090787,45.9036018647,
40764,27.9135892266,27.9136690881,
40765,28.4147816125,28.5837383475,
40766,29.3894339693,37.7290841650,
40767,30.3146768788,38.0999909758,
40768,30.5966492652,36.6727763191,
40769,30.6386562152,35.8099796003,
40770,30.4835181452,35.1454343386,
40771,30.2709087963,34.4279780663,
40772,29.9436661018,33.3193781294,
40773,29.8910972584,32.8656002769,
40774,29.5397920097,32.2783033144,
40775,30.3533650884,32.5219164094,
40776,29.0038977537,30.2077431198,
40777,28.8685259411,29.5013419940,
40778,29.6714943961,30.0664336812,
40779,30.0003033853,32.8957538772,
40780,30.9755836096,33.3053013609,
40781,30.3221528619,32.3046756455,
40782,31.7660342358,33.1703157381,
40783,31.2037302949,32.3856986826,
40784,32.6678656528,33.5560724960,
40785,33.5307465109,33.9776665792,
40786,33.8151648136,35.7503313181,
40787,33.6840620433,36.2459082453,
40788,31.8686136786,37.7384242732,
40789,33.2487808996,39.2465308890,
40790,32.4446856426,40.8338295515,
40791,29.2709408215,29.2710543295,
40792,27.5664873729,27.6362553502,
40793,27.6258271570,27.6406797515,
40794,27.1016608006,27.1327689428,
40795,27.2991299362,27.4108542679,
40796,27.2601401514,27.5184768636,
40797,27.4192644894,27.8447854203,
40798,27.6087584440,28.2407334203,
40799,28.0235281934,28.8540951178,
40800,27.9686867890,29.1218242952,
40803,30.0870225780,31.4847947048,
40804,30.0840071996,32.1117859323,
40805,30.6194134393,33.0217008810,
40806,30.4572157984,33.3348399673,
40807,29.6706760628,33.3252214146,
40808,28.9778252323,33.3159085356,
40809,28.1957141040,33.3346469489,
40810,27.4914306527,33.6711601518,
40811,26.8269946535,33.8714332262,
40812,26.9430439874,34.7306101113,
40813,26.9824349844,35.6319431283,
40814,27.2250689662,36.5949410627,
40815,27.6358385571,37.7304666860,
40816,27.1119230526,38.3909805500,
40817,26.1819814282,39.0077238598,
40818,26.0604993118,39.9878725431,
40819,26.0171324816,41.0560615676,
40820,25.7328679792,43.0837463724,
40822,26.9644572529,45.2731978194,
40823,26.7913295158,46.3612823153,
40824,26.4002663600,46.9104955837,
40825,26.9001863723,47.8079708102,
40826,27.6940139531,48.8845048699,
40827,28.2417891192,50.2397162494,
40828,29.5172853328,51.6782056014,
40829,30.8256348048,52.9510663092,
40830,32.3517951182,54.2937508687,
40831,33.1230642362,55.5388568904,
40832,33.1100726264,57.2295174626,
40833,35.1439656776,58.8548537213,
40834,35.7931250124,60.2114348373,
40836,38.0001726707,62.4711915544,
40837,39.2263248317,64.3454684336,
40838,41.4035446873,66.6311818380,
40839,42.3119680774,68.2272569909,
40840,42.9300277337,69.4994824354,
40841,41.5109950285,70.6525921950,
40842,41.1491411986,72.0991808071,
40843,41.6313163978,74.4124857078,
40844,42.5688930330,75.3630277742,
40846,43.4892151212,77.4353109515,
40848,44.7467531174,79.6134832924,
40849,46.3193968679,79.2978252115,
40850,45.8769426538,78.5729808406,
40851,46.8751725975,78.7502021961,
40852,48.8410242686,80.0241327550,
40853,49.3097697833,79.9417074169,
40854,49.7064790892,78.9901661550,
40855,51.2440411154,80.4302997676,
40856,51.8885422942,80.5464172850,
40857,51.9340168895,80.1413771284,
40858,52.5335384433,79.1708263007,
40859,53.3673012868,78.3169097408,
40860,54.2206422575,69.6776735169,
40861,54.7951170198,68.2837064138,
40862,56.1400097514,68.3234450166,
40864,58.8249390871,70.2074892939,
40865,59.3270087212,69.9068992987,
40866,59.6835895526,69.3100310913,
40867,59.7815006083,67.1135744754,
40868,59.5953322464,67.0055490299,
40869,57.8228429282,64.2064717121,
40870,57.8907542890,63.7944344784,
40871,57.1681590881,59.6413195763,
40872,56.6362843686,58.8783896718,
40873,56.1923580646,56.4935882986,
40874,53.1966158898,53.4532284463,
40875,55.1734949134,69.3216180657,
40876,51.9543717922,54.7674184353,
40877,48.7961431247,119.3549665796,
40878,40.6998602951,118.5717096456,
40879,46.4289265918,121.6020971600,
40882,49.0893688057,123.4823539090,
40883,49.6941702122,124.5389453274,
40884,50.3158464820,125.6291252600,
40885,50.9135465960,126.6953354914,
40886,51.3410702955,127.7589621293,
40887,51.8436910058,128.7713007672,
40888,52.3243274308,129.7301967162,
40889,52.7941449161,130.7657653411,
40890,53.4008078603,131.7628778430,
40891,53.4718834133,132.3585112459,
40892,52.9141339811,132.8670382547,
40893,52.1656119507,133.1411000262,
40894,50.8034861921,134.4619456233,
40895,50.0579521161,134.7783243131,
40896,49.7332218556,135.4487939678,
40897,49.0206229856,135.7665353524,
40899,48.4011004718,136.6813385912,
40900,46.9784206941,136.7115715305,
40901,45.8662569558,135.9310559672,
40902,44.9878469322,135.9141023449,
40903,43.6409942559,135.7518424874,
40904,43.6873932507,104.8952439442,
40905,40.9525553396,99.6048654436,
40906,39.2758851129,97.5713439796,
40907,37.4963626781,94.6968112930,
40909,34.8975984483,91.9885556670,
40910,31.3121408723,88.9601391598,
40911,29.1674175863,85.0950233597,
40912,24.9677387247,81.5125110588,
40913,26.2400573205,81.5966434883,
40914,21.9337834508,78.5764018817,
40915,21.6352804169,77.5007409408,
40916,16.8204269199,75.0483509851,
40917,24.0082848832,77.3160928058,
40918,16.3115180970,72.8942470203,
40920,23.0869338225,75.0876327235,
40921,14.5662946123,70.7866248427,
40922,20.9250213074,71.5821012465,
40923,11.5475312401,66.7637963944,
40924,21.1042883718,69.2554888440,
40925,13.0023758471,65.2052811382,
40926,18.1772737520,66.4676311648,
40928,10.6297435607,63.0558128707,
40929,17.9427267543,64.6836982446,
40931,8.5417418437,60.1880043195,
40932,17.3677038024,62.7078995817,
40933,9.8550778920,59.1091967406,
40934,15.7349600240,60.4460494771,
40935,11.1167557692,58.7236636029,
40936,13.8499752206,59.4036967387,
40937,12.4772359594,58.5212152940,
40938,12.4047379336,58.3956322223,
40939,10.5139004330,56.3972885130,
40940,11.4001161564,55.9419444733,
40941,10.3708034924,54.9117686130,
40942,10.9168028313,54.1897803677,
40943,9.0668496131,53.3208416256,
40944,9.4912722081,53.1195384309,
40945,9.1223617589,53.1829748738,
40946,8.5661193903,52.6077871564,
40948,8.1379411260,51.7315866348,
40949,6.7207706857,50.7584736172,
40950,10.6870766317,38.6492089634,
