1260005944,22.3131532,114.1706807,11.6,-1.3,20191210093846.00
1260005945,22.3131532,114.1706806,11.7,-1.3,20191210093847.00
1260005946,22.3131558,114.1706799,11.5,-1.3,20191210093848.00
1260005947,22.3131610,114.1706839,11.1,-1.3,20191210093849.00
1260005948,22.3131629,114.1706835,10.9,-1.3,20191210093850.00
1260005949,22.3131641,114.1706831,10.7,-1.3,20191210093851.00
1260005950,22.3131652,114.1706842,10.6,-1.3,20191210093852.00
1260005951,22.3131672,114.1706860,10.4,-1.3,20191210093853.00
1260005952,22.3131664,114.1706851,10.2,-1.3,20191210093854.00
1260005953,22.3131676,114.1706827,9.9,-1.3,20191210093855.00
1260005954,22.3131668,114.1706823,9.8,-1.3,20191210093856.00
1260005955,22.3131677,114.1706805,9.7,-1.3,20191210093857.00
1260005956,22.3131680,114.1706789,9.5,-1.3,20191210093858.00
1260005957,22.3131699,114.1706794,9.6,-1.3,20191210093859.00
1260005958,22.3131705,114.1706813,9.7,-1.3,20191210093900.00
1260005959,22.3131727,114.1706796,9.4,-1.3,20191210093901.00
1260005960,22.3131746,114.1706799,9.0,-1.3,20191210093902.00
1260005961,22.3131764,114.1706753,9.0,-1.3,20191210093903.00
1260005962,22.3131784,114.1706740,8.8,-1.3,20191210093904.00
1260005963,22.3131785,114.1706696,8.9,-1.3,20191210093905.00
1260005964,22.3131807,114.1706705,8.7,-1.3,20191210093906.00
1260005965,22.3131815,114.1706695,8.7,-1.3,20191210093907.00
1260005966,22.3131824,114.1706689,8.6,-1.3,20191210093908.00
1260005967,22.3131838,114.1706682,8.5,-1.3,20191210093909.00
1260005968,22.3131843,114.1706687,8.5,-1.3,20191210093910.00
1260005969,22.3131854,114.1706693,8.4,-1.3,20191210093911.00
1260005970,22.3131852,114.1706688,8.5,-1.3,20191210093912.00
1260005971,22.3131862,114.1706700,8.5,-1.3,20191210093913.00
1260005972,22.3131852,114.1706703,8.7,-1.3,20191210093914.00
1260005973,22.3131854,114.1706704,8.7,-1.3,20191210093915.00
1260005974,22.3131841,114.1706689,8.9,-1.3,20191210093916.00
1260005975,22.3131816,114.1706680,8.9,-1.3,20191210093917.00
1260005976,22.3131858,114.1706690,8.9,-1.3,20191210093918.00
1260005977,22.3131823,114.1706667,8.9,-1.3,20191210093919.00
1260005978,22.3131822,114.1706644,9.1,-1.3,20191210093920.00
1260005979,22.3131832,114.1706653,9.1,-1.3,20191210093921.00
1260005980,22.3131813,114.1706651,9.0,-1.3,20191210093922.00
1260005981,22.3131821,114.1706649,9.0,-1.3,20191210093923.00
1260005982,22.3131840,114.1706619,9.0,-1.3,20191210093924.00
1260005983,22.3131847,114.1706618,8.9,-1.3,20191210093925.00
1260005984,22.3131836,114.1706594,8.9,-1.3,20191210093926.00
1260005985,22.3131826,114.1706584,8.9,-1.3,20191210093927.00
1260005986,22.3131798,114.1706561,8.9,-1.3,20191210093928.00
1260005987,22.3131777,114.1706524,8.9,-1.3,20191210093929.00
1260005988,22.3131788,114.1706552,9.0,-1.3,20191210093930.00
1260005989,22.3131771,114.1706543,9.0,-1.3,20191210093931.00
1260005990,22.3131750,114.1706533,9.0,-1.3,20191210093932.00
1260005991,22.3131750,114.1706513,9.0,-1.3,20191210093933.00
1260005992,22.3131744,114.1706500,9.0,-1.3,20191210093934.00
1260005993,22.3131708,114.1706509,9.1,-1.3,20191210093935.00
1260005994,22.3131713,114.1706535,9.1,-1.3,20191210093936.00
1260005995,22.3131706,114.1706511,9.1,-1.3,20191210093937.00
1260005996,22.3131715,114.1706515,9.1,-1.3,20191210093938.00
1260005997,22.3131700,114.1706486,9.1,-1.3,20191210093939.00
1260005998,22.3131721,114.1706503,9.0,-1.3,20191210093940.00
1260005999,22.3131723,114.1706489,9.0,-1.3,20191210093941.00
1260006000,22.3131740,114.1706471,9.0,-1.3,20191210093942.00
1260006001,22.3131751,114.1706491,8.5,-1.3,20191210093943.00
1260006002,22.3131770,114.1706480,8.4,-1.3,20191210093944.00
1260006003,22.3131789,114.1706487,8.3,-1.3,20191210093945.00
1260006004,22.3131782,114.1706488,8.3,-1.3,20191210093946.00
1260006005,22.3131800,114.1706508,8.2,-1.3,20191210093947.00
1260006006,22.3131806,114.1706485,8.1,-1.3,20191210093948.00
1260006007,22.3131811,114.1706488,8.1,-1.3,20191210093949.00
1260006008,22.3131827,114.1706462,8.1,-1.3,20191210093950.00
1260006009,22.3131851,114.1706479,8.1,-1.3,20191210093951.00
1260006010,22.3131823,114.1706439,8.2,-1.3,20191210093952.00
1260006011,22.3131818,114.1706444,8.2,-1.3,20191210093953.00
1260006012,22.3131799,114.1706408,8.2,-1.3,20191210093954.00
1260006013,22.3131800,114.1706422,8.2,-1.3,20191210093955.00
1260006014,22.3131787,114.1706421,8.3,-1.3,20191210093956.00
1260006015,22.3131802,114.1706434,8.3,-1.3,20191210093957.00
1260006016,22.3131789,114.1706443,8.4,-1.3,20191210093958.00
1260006017,22.3131777,114.1706443,8.3,-1.3,20191210093959.00
1260006018,22.3131757,114.1706451,8.4,-1.3,20191210094000.00
1260006019,22.3131757,114.1706432,8.3,-1.3,20191210094001.00
1260006020,22.3131772,114.1706446,8.3,-1.3,20191210094002.00
1260006021,22.3131775,114.1706449,8.3,-1.3,20191210094003.00
1260006022,22.3131769,114.1706469,8.4,-1.3,20191210094004.00
1260006023,22.3131783,114.1706450,8.3,-1.3,20191210094005.00
1260006024,22.3131771,114.1706445,8.4,-1.3,20191210094006.00
1260006025,22.3131757,114.1706449,8.4,-1.3,20191210094007.00
1260006026,22.3131769,114.1706461,8.3,-1.3,20191210094008.00
1260006027,22.3131765,114.1706468,8.4,-1.3,20191210094009.00
1260006028,22.3131776,114.1706495,8.5,-1.3,20191210094010.00
1260006029,22.3131782,114.1706505,8.4,-1.3,20191210094011.00
1260006030,22.3131749,114.1706492,8.4,-1.3,20191210094012.00
1260006031,22.3131761,114.1706529,8.4,-1.3,20191210094013.00
1260006032,22.3131763,114.1706547,8.5,-1.3,20191210094014.00
1260006033,22.3131777,114.1706572,8.5,-1.3,20191210094015.00
1260006034,22.3131762,114.1706607,8.5,-1.3,20191210094016.00
1260006035,22.3131758,114.1706632,8.5,-1.3,20191210094017.00
1260006036,22.3131739,114.1706634,8.6,-1.3,20191210094018.00
1260006037,22.3131733,114.1706627,8.7,-1.3,20191210094019.00
1260006038,22.3131731,114.1706636,8.8,-1.3,20191210094020.00
1260006039,22.3131728,114.1706645,8.9,-1.3,20191210094021.00
1260006040,22.3131719,114.1706642,8.9,-1.3,20191210094022.00
1260006041,22.3131723,114.1706646,8.9,-1.3,20191210094023.00
1260006042,22.3131715,114.1706635,9.0,-1.3,20191210094024.00
1260006043,22.3131699,114.1706626,9.0,-1.3,20191210094025.00
1260006044,22.3131700,114.1706622,9.0,-1.3,20191210094026.00
1260006045,22.3131710,114.1706615,9.1,-1.3,20191210094027.00
1260006046,22.3131708,114.1706613,9.2,-1.3,20191210094028.00
1260006047,22.3131706,114.1706611,9.2,-1.3,20191210094029.00
1260006048,22.3131705,114.1706597,9.3,-1.3,20191210094030.00
1260006049,22.3131731,114.1706611,9.3,-1.3,20191210094031.00
1260006050,22.3131720,114.1706610,9.4,-1.3,20191210094032.00
1260006051,22.3131719,114.1706612,9.4,-1.3,20191210094033.00
1260006052,22.3131720,114.1706612,9.5,-1.3,20191210094034.00
1260006053,22.3131724,114.1706611,9.6,-1.3,20191210094035.00
1260006054,22.3131721,114.1706618,9.6,-1.3,20191210094036.00
1260006055,22.3131706,114.1706602,9.6,-1.3,20191210094037.00
1260006056,22.3131680,114.1706580,9.6,-1.3,20191210094038.00
1260006057,22.3131730,114.1706636,9.6,-1.3,20191210094039.00
1260006058,22.3131712,114.1706644,9.6,-1.3,20191210094040.00
1260006059,22.3131721,114.1706608,9.8,-1.3,20191210094041.00
1260006060,22.3131730,114.1706616,9.9,-1.3,20191210094042.00
1260006061,22.3131728,114.1706610,10.0,-1.3,20191210094043.00
1260006062,22.3131754,114.1706612,10.0,-1.3,20191210094044.00
1260006063,22.3131741,114.1706633,10.0,-1.3,20191210094045.00
1260006064,22.3131745,114.1706625,9.9,-1.3,20191210094046.00
1260006065,22.3131734,114.1706620,10.0,-1.3,20191210094047.00
1260006066,22.3131732,114.1706613,10.0,-1.3,20191210094048.00
1260006067,22.3131723,114.1706610,10.1,-1.3,20191210094049.00
1260006068,22.3131737,114.1706621,10.1,-1.3,20191210094050.00
1260006069,22.3131712,114.1706604,10.2,-1.3,20191210094051.00
1260006070,22.3131733,114.1706609,10.1,-1.3,20191210094052.00
1260006071,22.3131721,114.1706643,10.1,-1.3,20191210094053.00
1260006072,22.3131727,114.1706632,10.2,-1.3,20191210094054.00
1260006073,22.3131740,114.1706630,10.2,-1.3,20191210094055.00
1260006074,22.3131763,114.1706641,10.2,-1.3,20191210094056.00
1260006075,22.3131780,114.1706624,10.3,-1.3,20191210094057.00
1260006076,22.3131778,114.1706644,10.7,-1.3,20191210094058.00
1260006077,22.3131773,114.1706639,10.7,-1.3,20191210094059.00
1260006078,22.3131795,114.1706664,10.6,-1.3,20191210094100.00
1260006079,22.3131808,114.1706665,10.5,-1.3,20191210094101.00
1260006080,22.3131806,114.1706665,10.5,-1.3,20191210094102.00
1260006081,22.3131807,114.1706668,10.5,-1.3,20191210094103.00
1260006082,22.3131802,114.1706660,10.5,-1.3,20191210094104.00
1260006083,22.3131797,114.1706652,10.5,-1.3,20191210094105.00
1260006084,22.3131792,114.1706650,10.5,-1.3,20191210094106.00
1260006085,22.3131790,114.1706640,10.6,-1.3,20191210094107.00
1260006086,22.3131797,114.1706642,10.5,-1.3,20191210094108.00
1260006087,22.3131802,114.1706649,10.5,-1.3,20191210094109.00
1260006088,22.3131797,114.1706655,10.6,-1.3,20191210094110.00
1260006089,22.3131788,114.1706650,10.5,-1.3,20191210094111.00
1260006090,22.3131782,114.1706657,10.5,-1.3,20191210094112.00
1260006091,22.3131777,114.1706653,10.5,-1.3,20191210094113.00
1260006092,22.3131768,114.1706645,10.6,-1.3,20191210094114.00
1260006093,22.3131762,114.1706650,10.6,-1.3,20191210094115.00
1260006094,22.3131758,114.1706648,10.5,-1.3,20191210094116.00
1260006095,22.3131749,114.1706646,10.5,-1.3,20191210094117.00
1260006096,22.3131745,114.1706646,10.6,-1.3,20191210094118.00
1260006097,22.3131748,114.1706653,10.5,-1.3,20191210094119.00
1260006098,22.3131751,114.1706655,10.5,-1.3,20191210094120.00
1260006099,22.3131749,114.1706661,10.5,-1.3,20191210094121.00
1260006100,22.3131743,114.1706657,10.5,-1.3,20191210094122.00
1260006101,22.3131748,114.1706664,10.5,-1.3,20191210094123.00
1260006102,22.3131739,114.1706659,10.5,-1.3,20191210094124.00
1260006103,22.3131742,114.1706662,10.5,-1.3,20191210094125.00
1260006104,22.3131744,114.1706664,10.4,-1.3,20191210094126.00
1260006105,22.3131755,114.1706675,10.4,-1.3,20191210094127.00
1260006106,22.3131762,114.1706676,10.3,-1.3,20191210094128.00
1260006107,22.3131769,114.1706681,10.2,-1.3,20191210094129.00
1260006108,22.3131771,114.1706683,10.2,-1.3,20191210094130.00
1260006109,22.3131771,114.1706687,10.2,-1.3,20191210094131.00
1260006110,22.3131771,114.1706686,10.2,-1.3,20191210094132.00
1260006111,22.3131768,114.1706688,10.2,-1.3,20191210094133.00
1260006112,22.3131769,114.1706696,10.1,-1.3,20191210094134.00
1260006113,22.3131773,114.1706700,10.1,-1.3,20191210094135.00
1260006114,22.3131770,114.1706721,10.1,-1.3,20191210094136.00
1260006115,22.3131761,114.1706727,10.1,-1.3,20191210094137.00
1260006116,22.3131777,114.1706767,10.0,-1.3,20191210094138.00
1260006117,22.3131758,114.1706771,10.1,-1.3,20191210094139.00
1260006118,22.3131768,114.1706792,10.0,-1.3,20191210094140.00
1260006119,22.3131760,114.1706794,10.0,-1.3,20191210094141.00
1260006120,22.3131740,114.1706776,10.0,-1.3,20191210094142.00
1260006121,22.3131739,114.1706781,10.1,-1.3,20191210094143.00
1260006122,22.3131723,114.1706801,10.0,-1.3,20191210094144.00
1260006123,22.3131710,114.1706790,10.1,-1.3,20191210094145.00
1260006124,22.3131701,114.1706786,10.1,-1.3,20191210094146.00
1260006125,22.3131694,114.1706781,10.1,-1.3,20191210094147.00
1260006126,22.3131691,114.1706782,10.1,-1.3,20191210094148.00
1260006127,22.3131675,114.1706793,10.2,-1.3,20191210094149.00
1260006128,22.3131677,114.1706795,10.2,-1.3,20191210094150.00
1260006129,22.3131676,114.1706796,10.2,-1.3,20191210094151.00
1260006130,22.3131691,114.1706809,10.1,-1.3,20191210094152.00
1260006131,22.3131700,114.1706808,10.1,-1.3,20191210094153.00
1260006132,22.3131702,114.1706809,10.1,-1.3,20191210094154.00
1260006133,22.3131706,114.1706811,10.0,-1.3,20191210094155.00
1260006134,22.3131722,114.1706824,9.9,-1.3,20191210094156.00
1260006135,22.3131720,114.1706812,9.9,-1.3,20191210094157.00
1260006136,22.3131733,114.1706820,9.8,-1.3,20191210094158.00
1260006137,22.3131733,114.1706812,9.8,-1.3,20191210094159.00
1260006138,22.3131741,114.1706806,9.7,-1.3,20191210094200.00
1260006139,22.3131744,114.1706798,9.7,-1.3,20191210094201.00
1260006140,22.3131753,114.1706797,9.7,-1.3,20191210094202.00
1260006141,22.3131754,114.1706785,9.7,-1.3,20191210094203.00
1260006142,22.3131754,114.1706777,9.8,-1.3,20191210094204.00
1260006143,22.3131754,114.1706768,9.8,-1.3,20191210094205.00
1260006144,22.3131753,114.1706761,9.9,-1.3,20191210094206.00
1260006145,22.3131757,114.1706754,9.6,-1.3,20191210094207.00
1260006146,22.3131769,114.1706746,9.6,-1.3,20191210094208.00
1260006147,22.3131769,114.1706737,9.6,-1.3,20191210094209.00
1260006148,22.3131772,114.1706715,9.6,-1.3,20191210094210.00
1260006149,22.3131763,114.1706682,9.6,-1.3,20191210094211.00
1260006150,22.3131730,114.1706650,9.6,-1.3,20191210094212.00
1260006151,22.3131735,114.1706640,9.7,-1.3,20191210094213.00
1260006152,22.3131741,114.1706610,9.7,-1.3,20191210094214.00
1260006153,22.3131759,114.1706612,9.7,-1.3,20191210094215.00
1260006154,22.3131768,114.1706604,9.6,-1.3,20191210094216.00
1260006155,22.3131755,114.1706591,9.7,-1.3,20191210094217.00
1260006156,22.3131745,114.1706591,9.7,-1.3,20191210094218.00
1260006157,22.3131751,114.1706593,9.6,-1.3,20191210094219.00
1260006158,22.3131748,114.1706593,9.7,-1.3,20191210094220.00
1260006159,22.3131742,114.1706594,9.7,-1.3,20191210094221.00
1260006160,22.3131775,114.1706618,9.6,-1.3,20191210094222.00
1260006161,22.3131771,114.1706616,9.7,-1.3,20191210094223.00
1260006162,22.3131770,114.1706614,9.7,-1.3,20191210094224.00
1260006163,22.3131765,114.1706616,9.7,-1.3,20191210094225.00
1260006164,22.3131765,114.1706619,9.7,-1.3,20191210094226.00
1260006165,22.3131766,114.1706622,9.7,-1.3,20191210094227.00
1260006166,22.3131765,114.1706626,9.7,-1.3,20191210094228.00
1260006167,22.3131764,114.1706614,9.7,-1.3,20191210094229.00
1260006168,22.3131762,114.1706611,9.8,-1.3,20191210094230.00
1260006169,22.3131767,114.1706605,9.8,-1.3,20191210094231.00
1260006170,22.3131780,114.1706612,9.7,-1.3,20191210094232.00
1260006171,22.3131777,114.1706607,9.7,-1.3,20191210094233.00
1260006172,22.3131776,114.1706609,9.7,-1.3,20191210094234.00
1260006173,22.3131773,114.1706618,9.7,-1.3,20191210094235.00
1260006174,22.3131770,114.1706617,9.7,-1.3,20191210094236.00
1260006175,22.3131765,114.1706608,9.7,-1.3,20191210094237.00
1260006176,22.3131754,114.1706607,9.7,-1.3,20191210094238.00
1260006177,22.3131752,114.1706604,9.8,-1.3,20191210094239.00
1260006178,22.3131757,114.1706611,9.7,-1.3,20191210094240.00
1260006179,22.3131766,114.1706615,9.6,-1.3,20191210094241.00
1260006180,22.3131766,114.1706626,9.6,-1.3,20191210094242.00
1260006181,22.3131768,114.1706620,9.5,-1.3,20191210094243.00
1260006182,22.3131766,114.1706608,9.5,-1.3,20191210094244.00
1260006183,22.3131750,114.1706618,9.5,-1.3,20191210094245.00
1260006184,22.3131749,114.1706609,9.5,-1.3,20191210094246.00
1260006185,22.3131737,114.1706606,9.6,-1.3,20191210094247.00
1260006186,22.3131737,114.1706609,9.6,-1.3,20191210094248.00
1260006187,22.3131739,114.1706610,9.6,-1.3,20191210094249.00
1260006188,22.3131728,114.1706611,9.6,-1.3,20191210094250.00
1260006189,22.3131721,114.1706611,9.6,-1.3,20191210094251.00
1260006190,22.3131710,114.1706609,9.6,-1.3,20191210094252.00
1260006191,22.3131698,114.1706604,9.7,-1.3,20191210094253.00
1260006192,22.3131675,114.1706579,9.7,-1.3,20191210094254.00
1260006193,22.3131674,114.1706573,9.8,-1.3,20191210094255.00
1260006194,22.3131667,114.1706557,9.8,-1.3,20191210094256.00
1260006195,22.3131663,114.1706550,9.8,-1.3,20191210094257.00
1260006196,22.3131665,114.1706546,9.8,-1.3,20191210094258.00
1260006197,22.3131675,114.1706541,9.8,-1.3,20191210094259.00
1260006198,22.3131678,114.1706534,9.8,-1.3,20191210094300.00
1260006199,22.3131678,114.1706549,9.9,-1.3,20191210094301.00
1260006200,22.3131692,114.1706564,9.9,-1.3,20191210094302.00
1260006201,22.3131693,114.1706553,9.8,-1.3,20191210094303.00
1260006202,22.3131701,114.1706557,9.9,-1.3,20191210094304.00
1260006203,22.3131701,114.1706554,9.8,-1.3,20191210094305.00
1260006204,22.3131707,114.1706568,9.9,-1.3,20191210094306.00
1260006205,22.3131706,114.1706553,9.9,-1.3,20191210094307.00
1260006206,22.3131701,114.1706557,10.0,-1.3,20191210094308.00
1260006207,22.3131702,114.1706567,10.0,-1.3,20191210094309.00
1260006208,22.3131699,114.1706572,10.0,-1.3,20191210094310.00
1260006209,22.3131678,114.1706569,10.1,-1.3,20191210094311.00
1260006210,22.3131674,114.1706560,10.1,-1.3,20191210094312.00
1260006211,22.3131667,114.1706554,10.0,-1.3,20191210094313.00
1260006212,22.3131662,114.1706544,10.0,-1.3,20191210094314.00
1260006213,22.3131661,114.1706548,10.1,-1.3,20191210094315.00
1260006214,22.3131658,114.1706529,10.2,-1.3,20191210094316.00
1260006215,22.3131659,114.1706519,10.0,-1.3,20191210094317.00
1260006216,22.3131661,114.1706514,10.0,-1.3,20191210094318.00
1260006217,22.3131659,114.1706516,10.0,-1.3,20191210094319.00
1260006218,22.3131670,114.1706521,10.1,-1.3,20191210094320.00
1260006219,22.3131684,114.1706523,10.0,-1.3,20191210094321.00
1260006220,22.3131695,114.1706528,9.9,-1.3,20191210094322.00
1260006221,22.3131706,114.1706529,9.9,-1.3,20191210094323.00
1260006222,22.3131694,114.1706538,9.8,-1.3,20191210094324.00
1260006223,22.3131701,114.1706529,9.8,-1.3,20191210094325.00
1260006224,22.3131702,114.1706537,9.8,-1.3,20191210094326.00
1260006225,22.3131708,114.1706543,9.8,-1.3,20191210094327.00
1260006226,22.3131701,114.1706550,9.8,-1.3,20191210094328.00
1260006227,22.3131708,114.1706549,9.8,-1.3,20191210094329.00
1260006228,22.3131703,114.1706545,9.8,-1.3,20191210094330.00
1260006229,22.3131745,114.1706562,9.8,-1.3,20191210094331.00
1260006230,22.3131739,114.1706591,9.8,-1.3,20191210094332.00
1260006231,22.3131773,114.1706637,9.8,-1.3,20191210094333.00
1260006232,22.3131771,114.1706654,9.8,-1.3,20191210094334.00
1260006233,22.3131774,114.1706689,9.8,-1.3,20191210094335.00
1260006234,22.3131764,114.1706692,9.8,-1.3,20191210094336.00
1260006235,22.3131772,114.1706712,9.8,-1.3,20191210094337.00
1260006236,22.3131764,114.1706708,9.9,-1.3,20191210094338.00
1260006237,22.3131757,114.1706710,9.8,-1.3,20191210094339.00
1260006238,22.3131751,114.1706710,9.9,-1.3,20191210094340.00
1260006239,22.3131735,114.1706708,9.8,-1.3,20191210094341.00
1260006240,22.3131733,114.1706700,9.9,-1.3,20191210094342.00
1260006241,22.3131723,114.1706696,9.7,-1.3,20191210094343.00
1260006242,22.3131725,114.1706691,9.7,-1.3,20191210094344.00
1260006243,22.3131729,114.1706688,9.7,-1.3,20191210094345.00
1260006244,22.3131733,114.1706690,9.7,-1.3,20191210094346.00
1260006245,22.3131744,114.1706694,9.7,-1.3,20191210094347.00
1260006246,22.3131741,114.1706690,9.7,-1.3,20191210094348.00
1260006247,22.3131742,114.1706682,9.7,-1.3,20191210094349.00
1260006248,22.3131740,114.1706681,9.7,-1.3,20191210094350.00
1260006249,22.3131730,114.1706675,9.6,-1.3,20191210094351.00
1260006250,22.3131722,114.1706667,9.6,-1.3,20191210094352.00
1260006251,22.3131712,114.1706662,9.6,-1.3,20191210094353.00
1260006252,22.3131721,114.1706654,9.6,-1.3,20191210094354.00
1260006253,22.3131706,114.1706634,9.6,-1.3,20191210094355.00
1260006254,22.3131694,114.1706622,9.7,-1.3,20191210094356.00
1260006255,22.3131688,114.1706629,9.6,-1.3,20191210094357.00
1260006256,22.3131697,114.1706610,9.7,-1.3,20191210094358.00
1260006257,22.3131689,114.1706592,9.7,-1.3,20191210094359.00
1260006258,22.3131683,114.1706588,9.7,-1.3,20191210094400.00
1260006259,22.3131682,114.1706578,9.7,-1.3,20191210094401.00
1260006260,22.3131674,114.1706575,9.7,-1.3,20191210094402.00
1260006261,22.3131683,114.1706573,9.7,-1.3,20191210094403.00
1260006262,22.3131656,114.1706579,9.7,-1.3,20191210094404.00
1260006263,22.3131678,114.1706587,9.7,-1.3,20191210094405.00
1260006264,22.3131667,114.1706576,9.7,-1.3,20191210094406.00
1260006265,22.3131694,114.1706592,9.7,-1.3,20191210094407.00
1260006266,22.3131686,114.1706585,9.7,-1.3,20191210094408.00
1260006267,22.3131711,114.1706605,9.6,-1.3,20191210094409.00
1260006268,22.3131706,114.1706603,9.6,-1.3,20191210094410.00
1260006269,22.3131704,114.1706594,9.7,-1.3,20191210094411.00
1260006270,22.3131712,114.1706602,9.6,-1.3,20191210094412.00
1260006271,22.3131708,114.1706595,9.7,-1.3,20191210094413.00
1260006272,22.3131720,114.1706616,9.6,-1.3,20191210094414.00
1260006273,22.3131716,114.1706612,9.6,-1.3,20191210094415.00
1260006274,22.3131735,114.1706627,9.5,-1.3,20191210094416.00
1260006275,22.3131730,114.1706628,9.5,-1.3,20191210094417.00
1260006276,22.3131738,114.1706633,9.5,-1.3,20191210094418.00
1260006277,22.3131730,114.1706641,9.5,-1.3,20191210094419.00
1260006278,22.3131731,114.1706635,9.5,-1.3,20191210094420.00
1260006279,22.3131731,114.1706639,9.5,-1.3,20191210094421.00
1260006280,22.3131724,114.1706635,9.5,-1.3,20191210094422.00
1260006281,22.3131713,114.1706626,9.5,-1.3,20191210094423.00
1260006282,22.3131704,114.1706625,9.6,-1.3,20191210094424.00
1260006283,22.3131699,114.1706629,9.6,-1.3,20191210094425.00
1260006284,22.3131709,114.1706635,9.6,-1.3,20191210094426.00
1260006285,22.3131705,114.1706636,9.6,-1.3,20191210094427.00
1260006286,22.3131699,114.1706642,9.6,-1.3,20191210094428.00
1260006287,22.3131699,114.1706639,9.6,-1.3,20191210094429.00
1260006288,22.3131695,114.1706643,9.6,-1.3,20191210094430.00
1260006289,22.3131694,114.1706643,9.6,-1.3,20191210094431.00
1260006290,22.3131691,114.1706644,9.6,-1.3,20191210094432.00
1260006291,22.3131689,114.1706640,9.6,-1.3,20191210094433.00
1260006292,22.3131682,114.1706643,9.7,-1.3,20191210094434.00
1260006293,22.3131677,114.1706638,9.7,-1.3,20191210094435.00
1260006294,22.3131674,114.1706643,9.7,-1.3,20191210094436.00
1260006295,22.3131672,114.1706639,9.7,-1.3,20191210094437.00
1260006296,22.3131669,114.1706643,9.7,-1.3,20191210094438.00
1260006297,22.3131676,114.1706644,9.6,-1.3,20191210094439.00
1260006298,22.3131679,114.1706656,9.6,-1.3,20191210094440.00
1260006299,22.3131679,114.1706654,9.7,-1.3,20191210094441.00
1260006300,22.3131680,114.1706655,9.7,-1.3,20191210094442.00
1260006301,22.3131679,114.1706651,9.7,-1.3,20191210094443.00
1260006302,22.3131677,114.1706652,9.8,-1.3,20191210094444.00
1260006303,22.3131680,114.1706648,9.8,-1.3,20191210094445.00
1260006304,22.3131684,114.1706651,9.8,-1.3,20191210094446.00
1260006305,22.3131683,114.1706652,9.8,-1.3,20191210094447.00
1260006306,22.3131684,114.1706652,9.8,-1.3,20191210094448.00
1260006307,22.3131686,114.1706661,9.8,-1.3,20191210094449.00
1260006308,22.3131690,114.1706657,9.8,-1.3,20191210094450.00
1260006309,22.3131687,114.1706663,9.9,-1.3,20191210094451.00
1260006310,22.3131680,114.1706673,9.9,-1.3,20191210094452.00
1260006311,22.3131677,114.1706679,9.8,-1.3,20191210094453.00
1260006312,22.3131650,114.1706684,9.8,-1.3,20191210094454.00
1260006313,22.3131603,114.1706652,9.8,-1.3,20191210094455.00
1260006314,22.3131596,114.1706614,9.9,-1.3,20191210094456.00
1260006315,22.3131556,114.1706629,9.9,-1.3,20191210094457.00
1260006316,22.3131566,114.1706618,9.9,-1.3,20191210094458.00
1260006317,22.3131538,114.1706622,9.9,-1.3,20191210094459.00
1260006318,22.3131543,114.1706599,9.9,-1.3,20191210094500.00
1260006319,22.3131519,114.1706605,9.9,-1.3,20191210094501.00
1260006320,22.3131501,114.1706600,9.9,-1.3,20191210094502.00
1260006321,22.3131482,114.1706577,9.9,-1.3,20191210094503.00
1260006322,22.3131483,114.1706567,9.9,-1.3,20191210094504.00
1260006323,22.3131481,114.1706566,9.9,-1.3,20191210094505.00
1260006324,22.3131474,114.1706552,9.8,-1.3,20191210094506.00
1260006325,22.3131478,114.1706535,10.0,-1.3,20191210094507.00
1260006326,22.3131475,114.1706531,10.0,-1.3,20191210094508.00
1260006327,22.3131483,114.1706521,10.0,-1.3,20191210094509.00
1260006328,22.3131474,114.1706521,10.0,-1.3,20191210094510.00
1260006329,22.3131475,114.1706511,10.1,-1.3,20191210094511.00
1260006330,22.3131483,114.1706500,10.1,-1.3,20191210094512.00
1260006331,22.3131487,114.1706486,10.0,-1.3,20191210094513.00
1260006332,22.3131489,114.1706475,10.0,-1.3,20191210094514.00
1260006333,22.3131486,114.1706464,10.0,-1.3,20191210094515.00
1260006334,22.3131486,114.1706459,10.0,-1.3,20191210094516.00
1260006335,22.3131489,114.1706451,10.1,-1.3,20191210094517.00
1260006336,22.3131494,114.1706441,10.0,-1.3,20191210094518.00
1260006337,22.3131502,114.1706435,10.1,-1.3,20191210094519.00
1260006338,22.3131503,114.1706427,10.0,-1.3,20191210094520.00
1260006339,22.3131513,114.1706424,10.1,-1.3,20191210094521.00
1260006340,22.3131526,114.1706424,10.1,-1.3,20191210094522.00
1260006341,22.3131534,114.1706427,10.0,-1.3,20191210094523.00
1260006342,22.3131534,114.1706413,10.1,-1.3,20191210094524.00
1260006343,22.3131538,114.1706425,10.0,-1.3,20191210094525.00
1260006344,22.3131536,114.1706407,10.0,-1.3,20191210094526.00
1260006345,22.3131539,114.1706419,10.0,-1.3,20191210094527.00
1260006346,22.3131538,114.1706404,10.0,-1.3,20191210094528.00
1260006347,22.3131538,114.1706401,10.0,-1.3,20191210094529.00
1260006348,22.3131542,114.1706405,10.1,-1.3,20191210094530.00
1260006349,22.3131574,114.1706433,10.1,-1.3,20191210094531.00
1260006350,22.3131556,114.1706415,10.1,-1.3,20191210094532.00
1260006351,22.3131555,114.1706413,10.2,-1.3,20191210094533.00
1260006352,22.3131562,114.1706410,10.2,-1.3,20191210094534.00
1260006353,22.3131562,114.1706425,10.2,-1.3,20191210094535.00
1260006354,22.3131541,114.1706422,10.2,-1.3,20191210094536.00
1260006355,22.3131537,114.1706439,10.2,-1.3,20191210094537.00
1260006356,22.3131525,114.1706422,10.2,-1.3,20191210094538.00
1260006357,22.3131532,114.1706418,10.4,-1.3,20191210094539.00
1260006358,22.3131524,114.1706419,10.4,-1.3,20191210094540.00
1260006359,22.3131538,114.1706409,10.4,-1.3,20191210094541.00
1260006360,22.3131556,114.1706425,10.8,-1.3,20191210094542.00
1260006361,22.3131541,114.1706413,10.9,-1.3,20191210094543.00
1260006362,22.3131547,114.1706410,10.9,-1.3,20191210094544.00
1260006363,22.3131524,114.1706388,11.0,-1.3,20191210094545.00
1260006364,22.3131519,114.1706389,11.0,-1.3,20191210094546.00
1260006365,22.3131506,114.1706392,11.0,-1.3,20191210094547.00
1260006366,22.3131515,114.1706401,11.0,-1.3,20191210094548.00
1260006367,22.3131495,114.1706415,11.0,-1.3,20191210094549.00
1260006368,22.3131498,114.1706424,11.0,-1.3,20191210094550.00
1260006369,22.3131500,114.1706429,11.0,-1.3,20191210094551.00
1260006370,22.3131498,114.1706446,11.0,-1.3,20191210094552.00
1260006371,22.3131476,114.1706440,11.1,-1.3,20191210094553.00
1260006372,22.3131456,114.1706448,11.1,-1.3,20191210094554.00
1260006373,22.3131461,114.1706450,11.2,-1.3,20191210094555.00
1260006374,22.3131445,114.1706438,11.2,-1.3,20191210094556.00
1260006375,22.3131437,114.1706419,11.4,-1.3,20191210094557.00
1260006376,22.3131432,114.1706414,11.4,-1.3,20191210094558.00
1260006377,22.3131425,114.1706407,11.4,-1.3,20191210094559.00
1260006378,22.3131441,114.1706406,11.4,-1.3,20191210094600.00
1260006379,22.3131438,114.1706399,11.4,-1.3,20191210094601.00
1260006380,22.3131446,114.1706397,11.4,-1.3,20191210094602.00
1260006381,22.3131439,114.1706406,11.4,-1.3,20191210094603.00
1260006382,22.3131443,114.1706407,11.5,-1.3,20191210094604.00
1260006383,22.3131434,114.1706426,11.5,-1.3,20191210094605.00
1260006384,22.3131430,114.1706423,11.5,-1.3,20191210094606.00
1260006385,22.3131420,114.1706438,11.6,-1.3,20191210094607.00
1260006386,22.3131401,114.1706452,11.6,-1.3,20191210094608.00
1260006387,22.3131400,114.1706454,11.6,-1.3,20191210094609.00
1260006388,22.3131386,114.1706451,11.7,-1.3,20191210094610.00
1260006389,22.3131389,114.1706457,11.8,-1.3,20191210094611.00
1260006390,22.3131382,114.1706452,11.8,-1.3,20191210094612.00
1260006391,22.3131380,114.1706450,11.8,-1.3,20191210094613.00
1260006392,22.3131378,114.1706447,11.9,-1.3,20191210094614.00
1260006393,22.3131372,114.1706441,11.9,-1.3,20191210094615.00
1260006394,22.3131371,114.1706446,11.9,-1.3,20191210094616.00
1260006395,22.3131367,114.1706441,12.1,-1.3,20191210094617.00
1260006396,22.3131367,114.1706441,12.1,-1.3,20191210094618.00
1260006397,22.3131365,114.1706445,12.1,-1.3,20191210094619.00
1260006398,22.3131361,114.1706437,12.3,-1.3,20191210094620.00
1260006399,22.3131367,114.1706429,12.3,-1.3,20191210094621.00
1260006400,22.3131371,114.1706423,12.3,-1.3,20191210094622.00
1260006401,22.3131370,114.1706420,12.3,-1.3,20191210094623.00
1260006402,22.3131371,114.1706416,12.3,-1.3,20191210094624.00
1260006403,22.3131374,114.1706405,12.4,-1.3,20191210094625.00
1260006404,22.3131384,114.1706410,12.3,-1.3,20191210094626.00
1260006405,22.3131389,114.1706414,12.2,-1.3,20191210094627.00
1260006406,22.3131392,114.1706417,12.3,-1.3,20191210094628.00
1260006407,22.3131387,114.1706420,12.4,-1.3,20191210094629.00
1260006408,22.3131382,114.1706424,12.5,-1.3,20191210094630.00
1260006409,22.3131377,114.1706435,12.6,-1.3,20191210094631.00
1260006410,22.3131373,114.1706433,12.5,-1.3,20191210094632.00
1260006411,22.3131373,114.1706468,12.5,-1.3,20191210094633.00
1260006412,22.3131364,114.1706493,12.6,-1.3,20191210094634.00
1260006413,22.3131348,114.1706494,12.6,-1.3,20191210094635.00
1260006414,22.3131333,114.1706493,12.6,-1.3,20191210094636.00
1260006415,22.3131300,114.1706493,12.7,-1.3,20191210094637.00
1260006416,22.3131312,114.1706487,12.4,-1.3,20191210094638.00
1260006417,22.3131301,114.1706493,12.4,-1.3,20191210094639.00
1260006418,22.3131301,114.1706476,12.4,-1.3,20191210094640.00
1260006419,22.3131302,114.1706466,12.4,-1.3,20191210094641.00
1260006420,22.3131311,114.1706467,12.4,-1.3,20191210094642.00
1260006421,22.3131308,114.1706462,12.5,-1.3,20191210094643.00
1260006422,22.3131311,114.1706449,12.2,-1.3,20191210094644.00
1260006423,22.3131313,114.1706443,12.3,-1.3,20191210094645.00
1260006424,22.3131304,114.1706449,12.4,-1.3,20191210094646.00
1260006425,22.3131304,114.1706452,12.4,-1.3,20191210094647.00
1260006426,22.3131318,114.1706458,12.4,-1.3,20191210094648.00
1260006427,22.3131323,114.1706454,12.4,-1.3,20191210094649.00
1260006428,22.3131322,114.1706450,12.4,-1.3,20191210094650.00
1260006429,22.3131326,114.1706454,12.4,-1.3,20191210094651.00
1260006430,22.3131322,114.1706454,12.4,-1.3,20191210094652.00
1260006431,22.3131331,114.1706453,12.4,-1.3,20191210094653.00
1260006432,22.3131339,114.1706451,12.4,-1.3,20191210094654.00
1260006433,22.3131334,114.1706446,12.4,-1.3,20191210094655.00
1260006434,22.3131337,114.1706441,12.4,-1.3,20191210094656.00
1260006435,22.3131337,114.1706436,12.4,-1.3,20191210094657.00
1260006436,22.3131330,114.1706436,12.4,-1.3,20191210094658.00
1260006437,22.3131327,114.1706427,12.4,-1.3,20191210094659.00
1260006438,22.3131336,114.1706427,12.4,-1.3,20191210094700.00
1260006439,22.3131336,114.1706422,12.5,-1.3,20191210094701.00
1260006440,22.3131340,114.1706424,12.5,-1.3,20191210094702.00
1260006441,22.3131348,114.1706427,12.5,-1.3,20191210094703.00
1260006442,22.3131348,114.1706426,12.5,-1.3,20191210094704.00
1260006443,22.3131349,114.1706431,12.5,-1.3,20191210094705.00
1260006444,22.3131354,114.1706441,12.5,-1.3,20191210094706.00
1260006445,22.3131347,114.1706443,12.5,-1.3,20191210094707.00
1260006446,22.3131355,114.1706448,12.5,-1.3,20191210094708.00
1260006447,22.3131343,114.1706460,12.5,-1.3,20191210094709.00
1260006448,22.3131326,114.1706455,12.5,-1.3,20191210094710.00
1260006449,22.3131333,114.1706463,12.5,-1.3,20191210094711.00
1260006450,22.3131327,114.1706469,12.5,-1.3,20191210094712.00
1260006451,22.3131345,114.1706471,12.5,-1.3,20191210094713.00
1260006452,22.3131341,114.1706445,12.6,-1.3,20191210094714.00
1260006453,22.3131338,114.1706461,12.7,-1.3,20191210094715.00
1260006454,22.3131342,114.1706460,12.7,-1.3,20191210094716.00
1260006455,22.3131328,114.1706456,12.7,-1.3,20191210094717.00
1260006456,22.3131341,114.1706459,12.7,-1.3,20191210094718.00
1260006457,22.3131354,114.1706458,12.7,-1.3,20191210094719.00
1260006458,22.3131380,114.1706463,12.7,-1.3,20191210094720.00
1260006459,22.3131391,114.1706473,12.7,-1.3,20191210094721.00
1260006460,22.3131397,114.1706463,12.7,-1.3,20191210094722.00
1260006461,22.3131396,114.1706457,12.7,-1.3,20191210094723.00
1260006462,22.3131415,114.1706457,12.9,-1.3,20191210094724.00
1260006463,22.3131429,114.1706463,13.1,-1.3,20191210094725.00
1260006464,22.3131443,114.1706463,13.2,-1.3,20191210094726.00
1260006465,22.3131443,114.1706412,13.2,-1.3,20191210094727.00
1260006466,22.3131470,114.1706409,13.2,-1.3,20191210094728.00
1260006467,22.3131438,114.1706386,13.2,-1.3,20191210094729.00
1260006468,22.3131426,114.1706364,13.2,-1.3,20191210094730.00
1260006469,22.3131429,114.1706350,13.3,-1.3,20191210094731.00
1260006470,22.3131404,114.1706336,13.4,-1.3,20191210094732.00
1260006471,22.3131389,114.1706327,13.3,-1.3,20191210094733.00
1260006472,22.3131367,114.1706329,13.3,-1.3,20191210094734.00
1260006473,22.3131354,114.1706338,13.2,-1.3,20191210094735.00
1260006474,22.3131346,114.1706343,13.3,-1.3,20191210094736.00
1260006475,22.3131356,114.1706345,13.2,-1.3,20191210094737.00
1260006476,22.3131376,114.1706363,13.2,-1.3,20191210094738.00
1260006477,22.3131387,114.1706382,13.3,-1.3,20191210094739.00
1260006478,22.3131389,114.1706383,13.2,-1.3,20191210094740.00
1260006479,22.3131400,114.1706387,13.2,-1.3,20191210094741.00
1260006480,22.3131398,114.1706382,13.3,-1.3,20191210094742.00
1260006481,22.3131404,114.1706370,13.3,-1.3,20191210094743.00
1260006482,22.3131408,114.1706368,13.3,-1.3,20191210094744.00
1260006483,22.3131420,114.1706375,13.3,-1.3,20191210094745.00
1260006484,22.3131423,114.1706379,13.5,-1.3,20191210094746.00
1260006485,22.3131442,114.1706389,13.4,-1.3,20191210094747.00
1260006486,22.3131467,114.1706392,13.7,-1.3,20191210094748.00
1260006487,22.3131506,114.1706399,13.7,-1.3,20191210094749.00
1260006488,22.3131555,114.1706405,13.7,-1.3,20191210094750.00
1260006489,22.3131595,114.1706416,13.6,-1.3,20191210094751.00
1260006490,22.3131639,114.1706460,13.6,-1.3,20191210094752.00
1260006491,22.3131652,114.1706458,13.5,-1.3,20191210094753.00
1260006492,22.3131639,114.1706468,13.5,-1.3,20191210094754.00
1260006493,22.3131651,114.1706463,13.5,-1.3,20191210094755.00
1260006494,22.3131664,114.1706485,13.5,-1.3,20191210094756.00
1260006495,22.3131672,114.1706499,13.6,-1.3,20191210094757.00
1260006496,22.3131674,114.1706527,13.6,-1.3,20191210094758.00
1260006497,22.3131660,114.1706546,13.7,-1.3,20191210094759.00
1260006498,22.3131673,114.1706571,13.6,-1.3,20191210094800.00
1260006499,22.3131664,114.1706580,13.7,-1.3,20191210094801.00
1260006500,22.3131657,114.1706562,13.6,-1.3,20191210094802.00
1260006501,22.3131647,114.1706565,13.7,-1.3,20191210094803.00
1260006502,22.3131639,114.1706562,13.7,-1.3,20191210094804.00
1260006503,22.3131629,114.1706552,13.7,-1.3,20191210094805.00
1260006504,22.3131622,114.1706541,13.6,-1.3,20191210094806.00
1260006505,22.3131618,114.1706541,13.6,-1.3,20191210094807.00
1260006506,22.3131610,114.1706552,13.5,-1.3,20191210094808.00
1260006507,22.3131602,114.1706529,13.5,-1.3,20191210094809.00
1260006508,22.3131604,114.1706543,13.5,-1.3,20191210094810.00
1260006509,22.3131592,114.1706518,13.5,-1.3,20191210094811.00
1260006510,22.3131581,114.1706520,13.4,-1.3,20191210094812.00
1260006511,22.3131568,114.1706509,13.5,-1.3,20191210094813.00
1260006512,22.3131564,114.1706501,13.5,-1.3,20191210094814.00
1260006513,22.3131562,114.1706502,13.5,-1.3,20191210094815.00
1260006514,22.3131556,114.1706496,13.5,-1.3,20191210094816.00
1260006515,22.3131569,114.1706505,13.5,-1.3,20191210094817.00
1260006516,22.3131568,114.1706501,13.5,-1.3,20191210094818.00
1260006517,22.3131560,114.1706494,13.4,-1.3,20191210094819.00
1260006518,22.3131550,114.1706482,13.4,-1.3,20191210094820.00
1260006519,22.3131546,114.1706474,13.3,-1.3,20191210094821.00
1260006520,22.3131545,114.1706472,13.3,-1.3,20191210094822.00
1260006521,22.3131536,114.1706466,13.2,-1.3,20191210094823.00
1260006522,22.3131526,114.1706453,13.2,-1.3,20191210094824.00
1260006523,22.3131525,114.1706451,13.3,-1.3,20191210094825.00
1260006524,22.3131522,114.1706449,13.3,-1.3,20191210094826.00
1260006525,22.3131523,114.1706451,13.3,-1.3,20191210094827.00
1260006526,22.3131506,114.1706443,13.3,-1.3,20191210094828.00
1260006527,22.3131494,114.1706439,13.3,-1.3,20191210094829.00
1260006528,22.3131484,114.1706438,13.3,-1.3,20191210094830.00
1260006529,22.3131483,114.1706447,13.2,-1.3,20191210094831.00
1260006530,22.3131475,114.1706446,13.2,-1.3,20191210094832.00
1260006531,22.3131471,114.1706449,13.2,-1.3,20191210094833.00
1260006532,22.3131467,114.1706455,13.2,-1.3,20191210094834.00
1260006533,22.3131464,114.1706454,13.3,-1.3,20191210094835.00
1260006534,22.3131461,114.1706460,13.2,-1.3,20191210094836.00
1260006535,22.3131461,114.1706466,13.3,-1.3,20191210094837.00
1260006536,22.3131456,114.1706470,13.3,-1.3,20191210094838.00
1260006537,22.3131458,114.1706481,13.3,-1.3,20191210094839.00
1260006538,22.3131455,114.1706481,13.3,-1.3,20191210094840.00
1260006539,22.3131457,114.1706478,13.2,-1.3,20191210094841.00
1260006540,22.3131452,114.1706485,13.2,-1.3,20191210094842.00
1260006541,22.3131450,114.1706494,13.1,-1.3,20191210094843.00
1260006542,22.3131444,114.1706495,13.1,-1.3,20191210094844.00
1260006543,22.3131438,114.1706486,13.2,-1.3,20191210094845.00
1260006544,22.3131437,114.1706482,13.2,-1.3,20191210094846.00
1260006545,22.3131433,114.1706478,13.3,-1.3,20191210094847.00
