39618,-995.5143955472,-1847.0000964586,-988.6240164093,-1856.2316304080,
39619,-995.5143955472,-1847.0000964586,-988.5214704418,-1855.6506985639,
39622,-995.5143955472,-1847.0000964586,-988.5440775404,-1855.5196046108,
39623,-995.5143955472,-1847.0000964586,-988.5766182483,-1855.3846922431,
39624,-995.5143955472,-1847.0000964586,-988.5861353995,-1855.3146398615,
39625,-995.5143955472,-1847.0000964586,-988.6010067113,-1855.2185717271,
39626,-995.5143955472,-1847.0000964586,-988.6648475216,-1855.0468170199,
39627,-995.5143955472,-1847.0000964586,-988.7428253651,-1854.8581223804,
39628,-995.5143955472,-1847.0000964586,-988.9593998359,-1854.3277324584,
39629,-995.5143955472,-1847.0000964586,-989.2344308916,-1853.6527349756,
39630,-995.5143955472,-1847.0000964586,-989.3613258323,-1853.3464412563,
39631,-995.5143955472,-1847.0000964586,-989.4867186700,-1853.0316483449,
39634,-995.5143955472,-1847.0000964586,-989.6021195253,-1852.7077259053,
39635,-995.5143955472,-1847.0000964586,-989.7031803614,-1852.3818047232,
39636,-995.5143955472,-1847.0000964586,-989.8734061031,-1851.5888916834,
39637,-995.5143955472,-1847.0000964586,-989.9202139849,-1851.3070836270,
39638,-995.5143955472,-1847.0000964586,-989.9579064316,-1851.0470166841,
39640,-995.5143955472,-1847.0000964586,-989.9942418767,-1850.8086238555,
39641,-995.5143955472,-1847.0000964586,-990.0078231870,-1850.6608256227,
39642,-995.5143955472,-1847.0000964586,-990.0549505022,-1850.4738039413,
39643,-995.5143955472,-1847.0000964586,-990.1181486542,-1850.3662832509,
39644,-995.5143955472,-1847.0000964586,-990.1703798274,-1850.2121415025,
39645,-995.5143955472,-1847.0000964586,-990.2266722334,-1850.0862699946,
39646,-995.5143955472,-1847.0000964586,-990.2934969597,-1849.9851262388,
39647,-995.5143955472,-1847.0000964586,-990.4517607308,-1849.8098966144,
39648,-995.5143955472,-1847.0000964586,-990.5222290767,-1849.7994461829,
39649,-995.5143955472,-1847.0000964586,-990.5959108341,-1849.7989138882,
39651,-995.5143955472,-1847.0000964586,-990.6646894368,-1849.8183917555,
39652,-995.5143955472,-1847.0000964586,-990.7193863038,-1849.8573411371,
39653,-995.5143955472,-1847.0000964586,-990.8498777719,-1849.9970671304,
39654,-995.5143955472,-1847.0000964586,-990.9012885481,-1850.2055222434,
39655,-995.5143955472,-1847.0000964586,-990.8980856205,-1850.3154858588,
39656,-995.5143955472,-1847.0000964586,-990.8878252000,-1850.4338765298,
39657,-995.5143955472,-1847.0000964586,-990.8839215079,-1850.5538935154,
39658,-995.5143955472,-1847.0000964586,-990.8566324199,-1850.6824881838,
39659,-995.5143955472,-1847.0000964586,-990.8237222282,-1850.8185544508,
39660,-995.5143955472,-1847.0000964586,-990.7836211407,-1850.9646653500,
39661,-995.5143955472,-1847.0000964586,-990.7464698422,-1851.1258648582,
39662,-995.5143955472,-1847.0000964586,-990.7004561103,-1851.2755885497,
39665,-995.5143955472,-1847.0000964586,-990.6546795393,-1851.4151150888,
39666,-995.5143955472,-1847.0000964586,-990.6190210222,-1851.5422624641,
39667,-995.5143955472,-1847.0000964586,-990.5981279538,-1851.6556141683,
39668,-995.5143955472,-1847.0000964586,-990.5835205536,-1851.7550488240,
39669,-995.5143955472,-1847.0000964586,-990.5815094917,-1852.0095676590,
39670,-995.5143955472,-1847.0000964586,-990.6602520107,-1852.1077580740,
39671,-995.5143955472,-1847.0000964586,-990.7667353206,-1852.2584253908,
39672,-995.5143955472,-1847.0000964586,-990.8902410250,-1852.4191473316,
39674,-995.5143955472,-1847.0000964586,-991.0315214877,-1852.5933123329,
39675,-995.5143955472,-1847.0000964586,-991.1928819905,-1852.7791657953,
39676,-995.5143955472,-1847.0000964586,-991.3740253648,-1852.9722154789,
39677,-995.5143955472,-1847.0000964586,-991.5690292952,-1853.1744145069,
39678,-995.5143955472,-1847.0000964586,-991.7840340800,-1853.3817201109,
39680,-995.5143955472,-1847.0000964586,-992.0189380501,-1853.6011657060,
39681,-995.5143955472,-1847.0000964586,-992.9201428622,-1854.5048095826,
39684,-995.5143955472,-1847.0000964586,-993.1948662365,-1854.6932855001,
39685,-995.5143955472,-1847.0000964586,-993.4652404095,-1854.8735328287,
39686,-995.5143955472,-1847.0000964586,-993.7332221132,-1855.0348096682,
39687,-995.5143955472,-1847.0000964586,-993.9934123305,-1855.1773599107,
39688,-995.5143955472,-1847.0000964586,-994.2461497795,-1855.2939066693,
39689,-995.5143955472,-1847.0000964586,-994.4543483415,-1855.3250644047,
39690,-995.5143955472,-1847.0000964586,-994.6760479001,-1855.3828232649,
39691,-995.5143955472,-1847.0000964586,-994.8355406854,-1855.3668358172,
39692,-995.5143955472,-1847.0000964586,-995.2642189031,-1855.3740427027,
39694,-995.5143955472,-1847.0000964586,-995.4162786362,-1855.3767596469,
39695,-995.5143955472,-1847.0000964586,-995.5573445603,-1855.3683717540,
39696,-995.5143955472,-1847.0000964586,-995.6862106304,-1855.3511478868,
39697,-995.5143955472,-1847.0000964586,-995.7975182844,-1855.3309884252,
39698,-995.5143955472,-1847.0000964586,-995.8692116924,-1855.3366675698,
39699,-995.5143955472,-1847.0000964586,-995.9472830701,-1855.3285284359,
39700,-995.5143955472,-1847.0000964586,-996.0223961041,-1855.3252367537,
39701,-995.5143955472,-1847.0000964586,-996.0987932342,-1855.3132128820,
39702,-995.5143955472,-1847.0000964586,-996.2742107244,-1855.2489767409,
39703,-995.5143955472,-1847.0000964586,-996.3422918720,-1855.1830656432,
39704,-995.5143955472,-1847.0000964586,-996.4052004468,-1855.1081969817,
39705,-995.5143955472,-1847.0000964586,-996.4674081015,-1855.0350772264,
39706,-995.5143955472,-1847.0000964586,-996.5205598126,-1854.9821330781,
39707,-995.5143955472,-1847.0000964586,-996.5862090540,-1854.9571223245,
39709,-995.5143955472,-1847.0000964586,-996.6589956960,-1854.9263481582,
39710,-995.5143955472,-1847.0000964586,-996.7356115084,-1854.9065393666,
39711,-995.5143955472,-1847.0000964586,-996.8120006661,-1854.9103255229,
39712,-995.5143955472,-1847.0000964586,-996.8899244558,-1854.9344058753,
39713,-995.5143955472,-1847.0000964586,-996.9752241615,-1854.9731096325,
39714,-995.5143955472,-1847.0000964586,-997.0718951893,-1855.0152935341,
39715,-995.5143955472,-1847.0000964586,-997.2985240226,-1855.1621772235,
39716,-995.5143955472,-1847.0000964586,-997.4340140301,-1855.2325763887,
39717,-995.5143955472,-1847.0000964586,-997.5123263823,-1855.3333762974,
39718,-995.5143955472,-1847.0000964586,-997.5698019058,-1855.4364190771,
39719,-995.5143955472,-1847.0000964586,-997.6028330425,-1855.5519995876,
39720,-995.5143955472,-1847.0000964586,-997.6060503135,-1855.6678143382,
39721,-995.5143955472,-1847.0000964586,-997.5808335199,-1855.7947124037,
39722,-995.5143955472,-1847.0000964586,-997.5273772987,-1855.9085320697,
39723,-995.5143955472,-1847.0000964586,-997.4696465975,-1856.0062253351,
39724,-995.5143955472,-1847.0000964586,-997.3773516476,-1856.1037425079,
39726,-995.5143955472,-1847.0000964586,-997.2762091012,-1856.1967624070,
39727,-995.5143955472,-1847.0000964586,-997.1893081375,-1856.2499173440,
39728,-995.5143955472,-1847.0000964586,-997.0744304207,-1856.3621277626,
39729,-995.5143955472,-1847.0000964586,-996.9547011372,-1856.4873397632,
39730,-995.5143955472,-1847.0000964586,-996.8249478408,-1856.6304473509,
39731,-995.5143955472,-1847.0000964586,-996.6858085447,-1856.7757596650,
39732,-995.5143955472,-1847.0000964586,-996.3869836426,-1857.1252429367,
39733,-995.5143955472,-1847.0000964586,-996.2755069013,-1857.2517901028,
39734,-995.5143955472,-1847.0000964586,-996.1753560292,-1857.3668591206,
39735,-995.5143955472,-1847.0000964586,-995.9887137106,-1857.6006334523,
39736,-995.5143955472,-1847.0000964586,-995.9178402717,-1857.7079822063,
39737,-995.5143955472,-1847.0000964586,-995.8626372889,-1857.7681935585,
39740,-995.5143955472,-1847.0000964586,-995.7936959269,-1857.8516140452,
39741,-995.5143955472,-1847.0000964586,-995.7374898734,-1857.8828841156,
39742,-995.5143955472,-1847.0000964586,-995.6911708795,-1857.9105664749,
39743,-995.5143955472,-1847.0000964586,-995.6499252419,-1857.9300184144,
39744,-995.5143955472,-1847.0000964586,-995.5960293299,-1857.9344616291,
39745,-995.5143955472,-1847.0000964586,-995.5242290555,-1857.9216500385,
39746,-995.5143955472,-1847.0000964586,-995.3772094903,-1857.8452199368,
39747,-995.5143955472,-1847.0000964586,-995.0398469312,-1857.7713366050,
39748,-995.5143955472,-1847.0000964586,-994.8332549697,-1857.7608267558,
39749,-995.5143955472,-1847.0000964586,-994.6188164353,-1857.7551757369,
39750,-995.5143955472,-1847.0000964586,-994.3998909838,-1857.7486714664,
39752,-995.5143955472,-1847.0000964586,-994.1743139361,-1857.7460511975,
39753,-995.5143955472,-1847.0000964586,-993.9338103686,-1857.7491399727,
39754,-995.5143955472,-1847.0000964586,-993.6735388164,-1857.7579070545,
39755,-995.5143955472,-1847.0000964586,-993.4086538983,-1857.7483326321,
39757,-995.5143955472,-1847.0000964586,-993.1393249646,-1857.7835477869,
39758,-995.5143955472,-1847.0000964586,-992.8827934353,-1857.8154083009,
39759,-995.5143955472,-1847.0000964586,-992.6429640116,-1857.8512763832,
39760,-995.5143955472,-1847.0000964586,-992.4220934807,-1857.8946070450,
39761,-995.5143955472,-1847.0000964586,-992.2193064628,-1857.9442385344,
39762,-995.5143955472,-1847.0000964586,-992.0316666166,-1857.9909481493,
39763,-995.5143955472,-1847.0000964586,-991.8615640894,-1858.0323547473,
39764,-995.5143955472,-1847.0000964586,-991.7153136635,-1858.0648128729,
39765,-995.5143955472,-1847.0000964586,-991.5374303244,-1858.1439537306,
39766,-995.5143955472,-1847.0000964586,-991.4424441938,-1858.1645813647,
39767,-995.5143955472,-1847.0000964586,-991.3517752194,-1858.1794290777,
39768,-995.5143955472,-1847.0000964586,-991.2780968902,-1858.1865367956,
39769,-995.5143955472,-1847.0000964586,-991.2121572337,-1858.1809789230,
39771,-995.5143955472,-1847.0000964586,-991.1554251102,-1858.0918736233,
39772,-995.5143955472,-1847.0000964586,-991.1285549692,-1858.0393318267,
39773,-995.5143955472,-1847.0000964586,-991.1881184117,-1857.8932126132,
39774,-995.5143955472,-1847.0000964586,-991.2677917091,-1857.8165073287,
39775,-995.5143955472,-1847.0000964586,-991.3795564406,-1857.7014166276,
39776,-995.5143955472,-1847.0000964586,-991.7001138267,-1857.3879585463,
39777,-995.5143955472,-1847.0000964586,-991.8599974245,-1857.2349707304,
39778,-995.5143955472,-1847.0000964586,-992.0250025889,-1857.0741005838,
39780,-995.5143955472,-1847.0000964586,-992.1939052658,-1856.9231561664,
39781,-995.5143955472,-1847.0000964586,-992.3578566891,-1856.7797721383,
39783,-995.5143955472,-1847.0000964586,-992.5085502423,-1856.6494037625,
39784,-995.5143955472,-1847.0000964586,-992.6311839501,-1856.5963670378,
39785,-995.5143955472,-1847.0000964586,-992.7764416036,-1856.5042172855,
39786,-995.5143955472,-1847.0000964586,-992.9197952575,-1856.4242067923,
39787,-995.5143955472,-1847.0000964586,-993.0650471302,-1856.3548631848,
39788,-995.5143955472,-1847.0000964586,-993.3876970566,-1856.2453149000,
39789,-995.5143955472,-1847.0000964586,-993.5406749984,-1856.1643752725,
39790,-995.5143955472,-1847.0000964586,-993.6901210282,-1856.0876252128,
39792,-995.5143955472,-1847.0000964586,-993.8356528821,-1856.0034812569,
39793,-995.5143955472,-1847.0000964586,-993.9709011031,-1855.8977566670,
39794,-995.5143955472,-1847.0000964586,-994.1567325672,-1855.7334552642,
39795,-995.5143955472,-1847.0000964586,-994.2832189844,-1855.5831110906,
39796,-995.5143955472,-1847.0000964586,-994.4085734441,-1855.4176228202,
39798,-995.5143955472,-1847.0000964586,-994.5314663914,-1855.2347310291,
39799,-995.7203947959,-1845.9425678781,-994.6527412269,-1855.0295611013,
39800,-995.9160906705,-1844.8850399533,-994.8886480336,-1854.5000925774,
39801,-996.1220898627,-1843.8275113638,-995.1136836627,-1853.8009049539,
39802,-996.3177856822,-1842.7699834310,-995.2337238264,-1853.4269616411,
39805,-996.9254796698,-1839.5973982882,-995.3492116712,-1853.0401338873,
39806,-997.1211753789,-1838.5398703407,-995.4626790158,-1852.6203201311,
39807,-997.3271744081,-1837.4823417281,-995.5711176708,-1852.1680528063,
39808,-997.5228700647,-1836.4248137725,-995.6684476090,-1851.6866078120,
39809,-997.7288690352,-1835.3672851509,-995.7484039448,-1851.1705151376,
39810,-997.9245646397,-1834.3097571881,-995.8174062660,-1850.6154350594,
39811,-998.1305635560,-1833.2522285596,-995.8771632797,-1850.0140345437,
39812,-998.3262591059,-1832.1947005886,-995.9273362051,-1849.3779417479,
39813,-998.5322579677,-1831.1371719521,-995.9702727810,-1848.7034999817,
39814,-998.7279534630,-1830.0796439731,-995.9951822392,-1848.0332186877,
39815,-998.9339522672,-1829.0221153281,-996.0254163889,-1847.3256194619,
39816,-999.1296477092,-1827.9645873424,-996.0537466451,-1846.6019143683,
39817,-999.3356464572,-1826.9070586897,-996.0978147270,-1845.0248347224,
39818,-999.5313418454,-1825.8495306966,-996.1523845603,-1844.1936876161,
39819,-999.7373405413,-1824.7920020354,-996.2181022505,-1843.3274176745,
39821,-1000.1390345137,-1822.6769453666,-996.2936998771,-1842.4180407714,
39822,-1000.3347297923,-1821.6194173574,-996.3795354521,-1841.4619313960,
39823,-1000.5407283762,-1820.5618886810,-996.5638233270,-1839.3266990926,
39824,-1000.7364236022,-1819.5043606641,-996.7148860790,-1838.2033980225,
39825,-1000.9424221307,-1818.4468319798,-996.8828535388,-1837.0454889255,
39826,-1001.1381173001,-1817.3893039557,-997.2428493714,-1834.5218420197,
39827,-1001.3441157744,-1816.3317752632,-997.4527300139,-1833.2686095790,
39828,-1001.5398108925,-1815.2742472316,-997.7079506510,-1831.9913483023,
39829,-1001.7458093098,-1814.2167185306,-997.9847953332,-1830.6957666894,
39830,-1001.9415043711,-1813.1591904917,-998.2839338762,-1829.3832931964,
39833,-1002.5491960517,-1809.9866050207,-998.6020397296,-1828.0598876199,
39834,-1002.7551943280,-1808.9290763007,-998.9403609860,-1826.7379201306,
39835,-1002.9508892570,-1807.8715482418,-999.2998429024,-1825.4212500032,
39836,-1003.1568875517,-1806.8151268592,-999.6805644623,-1824.2368001725,
39837,-1003.3525824259,-1805.7575987934,-1000.5130742268,-1821.3626803767,
39838,-1003.5585805937,-1804.7000700577,-1000.8270773191,-1820.3529704465,
39839,-1003.7542754117,-1803.6425419832,-1001.2497568351,-1819.0852130947,
39841,-1004.1559682920,-1801.5274851575,-1001.6938125674,-1817.8006958032,
39842,-1004.3619663468,-1800.4699564059,-1002.1540316165,-1816.5061520490,
39843,-1004.5576610593,-1799.4124283171,-1002.6283951544,-1815.2011956190,
39844,-1004.7636590612,-1798.3548995579,-1003.1197058917,-1813.8889490522,
39845,-1004.9593537196,-1797.2973714610,-1003.6301699191,-1812.5712191030,
39846,-1005.1653516656,-1796.2398426927,-1004.1611695106,-1811.2486065210,
39847,-1005.3610462702,-1795.1823145879,-1004.7030599535,-1809.9317732646,
39848,-1005.5670441601,-1794.1247858132,-1005.2870946106,-1808.7255109118,
39849,-1005.7627387101,-1793.0672576999,-1005.8108704458,-1807.4144122999,
39850,-1005.9687365457,-1792.0097289177,-1006.3121515934,-1806.0948739963,
39851,-1006.1644310390,-1790.9522007972,-1007.3267451921,-1803.2595164512,
39852,-1006.3704288206,-1789.8946720057,-1007.6254495142,-1802.1593760065,
39853,-1006.5661232630,-1788.8371438784,-1007.9410311992,-1800.9273123933,
39855,-1006.9678153750,-1786.7220869445,-1008.2299599168,-1799.7006019934,
39856,-1007.1738130427,-1785.6645581368,-1008.4921312047,-1798.4693214728,
39857,-1007.3695073768,-1784.6070299941,-1008.7205513134,-1797.2389782788,
39858,-1007.5755049909,-1783.5495011786,-1008.9097054238,-1796.0175514193,
39859,-1007.7711992712,-1782.4919730285,-1009.0714618611,-1793.4462202661,
39860,-1007.9771968282,-1781.4344442058,-1009.2629284953,-1790.9848334172,
39861,-1008.1728910544,-1780.3769160475,-1009.3350103139,-1789.9665782230,
39862,-1008.3788885576,-1779.3193872170,-1009.4027227360,-1788.9796565531,
39865,-1008.9762742930,-1776.1468020391,-1009.4745664930,-1788.0197946791,
39866,-1009.1822716864,-1775.0892731919,-1009.5636669192,-1787.0978404420,
39867,-1009.3882690495,-1774.0317443418,-1009.6878601687,-1785.6965704498,
39868,-1009.5839630844,-1772.9742161565,-1009.7826857432,-1783.8517525540,
39869,-1009.7899603936,-1771.9166872979,-1009.8407655034,-1783.0475820704,
39870,-1009.9856543759,-1770.8591591049,-1009.8811381088,-1782.2670489303,
39872,-1010.3873455582,-1768.7441020381,-1009.9241316442,-1781.5088553430,
39873,-1010.5933427544,-1767.6865731641,-1009.9651544894,-1780.7903806239,
39875,-1010.9950337720,-1765.5715160739,-1010.0030184458,-1780.0965052693,
39876,-1011.1907275922,-1764.5139878581,-1010.0416511705,-1779.4243427980,
39877,-1011.3967246768,-1763.4564589675,-1010.0713582987,-1778.0226703874,
39878,-1011.5924184436,-1762.3989307446,-1010.0859941722,-1777.2664410166,
39879,-1011.7984154762,-1761.3414018463,-1010.1021956345,-1776.4897268521,
39880,-1011.9941091888,-1760.2838736152,-1010.1151443928,-1775.6852823885,
39881,-1012.2001061630,-1759.2263447096,-1010.1285070617,-1774.8477126940,
39882,-1012.3957998210,-1758.1688164708,-1010.1453082440,-1773.9681515734,
39883,-1012.6017967423,-1757.1112875568,-1010.1662413239,-1773.0534913674,
39884,-1012.7974903466,-1756.0537593110,-1010.2091311043,-1772.1026456505,
39886,-1013.1991807613,-1753.9387021358,-1010.2453741157,-1771.1229551016,
39887,-1013.4051775714,-1752.8811732052,-1010.2929997072,-1770.1175270051,
39888,-1013.6008710677,-1751.8236449434,-1010.3514601747,-1769.0924926151,
39889,-1013.8068678198,-1750.7661160062,-1010.4067267829,-1768.0654214814,
39890,-1014.0025612623,-1749.7085877369,-1010.4891081231,-1766.9928789070,
39891,-1014.2085579628,-1748.6510587911,-1010.5848168910,-1765.8907965030,
39892,-1014.4042513495,-1747.5935305145,-1010.6959042061,-1764.7583782520,
39893,-1014.6102479922,-1746.5360015604,-1010.8203919260,-1763.6006402504,
39894,-1014.8059413263,-1745.4784732769,-1010.9657182978,-1762.4075158740,
39895,-1015.0119379151,-1744.4209443150,-1011.1332434328,-1761.1769678662,
39896,-1015.2076311956,-1743.3634160233,-1011.5096422983,-1758.5442031184,
39898,-1015.6093209544,-1741.2483587542,-1011.7601813619,-1757.2032219085,
39899,-1015.8153174307,-1740.1908297771,-1012.2763052525,-1754.6579184758,
39902,-1016.4230034164,-1737.0182434953,-1012.6544198721,-1753.1819379357,
39903,-1016.6186965076,-1735.9607151762,-1013.4988246264,-1750.0343485656,
39904,-1016.8246928469,-1734.9031861786,-1013.9650199010,-1748.4751934521,
39905,-1017.0203858844,-1733.8456578518,-1014.4521913772,-1746.8972116658,
39906,-1017.2263821650,-1732.7881288473,-1014.9540147076,-1745.3141588141,
39907,-1017.4220751477,-1731.7306005127,-1015.4681190956,-1743.7325106157,
39908,-1017.6280713754,-1730.6730715004,-1015.9911971625,-1742.1591875147,
39909,-1017.8237643041,-1729.6155431584,-1016.5263085999,-1740.5879659586,
39910,-1018.0297605494,-1728.5591214842,-1017.0762263114,-1739.0581104925,
39911,-1018.2254534214,-1727.5015931342,-1017.6300471033,-1737.5201357882,
39912,-1018.4314495399,-1726.4440641052,-1018.1895544012,-1735.9990114632,
39913,-1018.6271423607,-1725.3865357474,-1018.7509770040,-1734.4985131652,
39914,-1018.8331384195,-1724.3290067120,-1019.3109567473,-1733.0200264303,
39915,-1019.0288311864,-1723.2714783471,-1019.8680424138,-1731.5710942851,
39916,-1019.2348271925,-1722.2139493026,-1020.3967600168,-1730.2879188064,
39917,-1019.4305199052,-1721.1564209296,-1021.5513336927,-1727.2867515042,
39918,-1019.6365158558,-1720.0988918780,-1022.0741214736,-1725.9628884668,
39919,-1019.8322085131,-1719.0413634970,-1022.5875154575,-1724.6633128797,
39920,-1020.0382044088,-1717.9838344370,-1023.0652672582,-1723.5095088761,
39921,-1020.2338970135,-1716.9263060496,-1023.5601506423,-1722.2657141746,
39922,-1020.4398928533,-1715.8687769817,-1024.0468749810,-1721.0390069687,
39923,-1020.6355854039,-1714.8112485858,-1024.5277371617,-1719.8247132913,
39925,-1021.0372736835,-1712.6961911061,-1025.0022132828,-1718.6286930804,
39926,-1021.2432694130,-1711.6386620219,-1025.4740029339,-1717.4529734682,
39927,-1021.4389618556,-1710.5811336117,-1026.4920429961,-1714.9500846509,
39929,-1021.8406499147,-1708.4660761013,-1026.8961791540,-1713.8693966151,
39930,-1022.0466455329,-1707.4085470017,-1027.2850585691,-1712.8059204587,
39931,-1022.2423378676,-1706.3510185759,-1027.6373774576,-1711.7859825023,
39932,-1022.4483334291,-1705.2934894678,-1027.9516208035,-1710.8029497601,
39933,-1022.6543289640,-1704.2359603560,-1028.1692872626,-1709.8870665151,
39934,-1022.8500212170,-1703.1784319180,-1028.4136229375,-1709.0055570603,
39935,-1023.0560166965,-1702.1209027991,-1028.6240152501,-1708.1769085997,
39936,-1023.2517088928,-1701.0633743534,-1028.8014108835,-1707.3948963377,
39937,-1023.4577043177,-1700.0058452260,-1028.9333529625,-1706.6567085054,
39938,-1023.6533964627,-1698.9483167728,-1029.0683523046,-1706.0764467690,
39939,-1023.8593918318,-1697.8907876376,-1029.1020319725,-1705.4325980693,
39940,-1024.0550839202,-1696.8332591776,-1029.0806031550,-1704.8298937143,
39941,-1024.2610792330,-1695.7757300341,-1029.0117430187,-1704.2684680013,
39942,-1024.4567712701,-1694.7182015650,-1028.8982334111,-1703.7473573347,
39943,-1024.6627665292,-1693.6606724141,-1028.7462130504,-1703.2558508825,
39944,-1024.8584585113,-1692.6031439382,-1028.5597917484,-1702.7781792969,
39945,-1025.0644537116,-1691.5456147797,-1028.3568040963,-1702.3108084595,
39946,-1025.2601456408,-1690.4880862958,-1028.1375922451,-1701.8550263131,
39947,-1025.4661407874,-1689.4305571286,-1027.7131158844,-1701.2473813584,
39948,-1025.6618326624,-1688.3730286374,-1027.4568648476,-1700.8376327013,
39949,-1025.8678277515,-1687.3154994631,-1027.1923235689,-1700.4372472876,
39951,-1026.2695146097,-1685.2004417812,-1026.9293717574,-1700.0456466947,
39952,-1026.4652063764,-1684.1429132749,-1026.6741659980,-1699.6751078207,
39953,-1026.6712013546,-1683.0853840839,-1026.1441284095,-1698.8557527942,
39954,-1026.8668930674,-1682.0278555702,-1025.7529452011,-1698.0246796557,
39955,-1027.0728879924,-1680.9703263714,-1025.6641335265,-1697.6505792447,
39956,-1027.2685796515,-1679.9127978494,-1025.6030027848,-1697.2649215647,
39957,-1027.4745745195,-1678.8552686425,-1025.5569007860,-1696.9633902987,
39958,-1027.6702661243,-1677.7977401132,-1025.5677232779,-1696.5324329322,
39959,-1027.8762609385,-1676.7402108989,-1025.6281455113,-1696.0717752033,
39962,-1028.4736387427,-1673.5676245956,-1025.7415145541,-1695.5835402439,
39963,-1028.6796334461,-1672.5100953642,-1025.8908739660,-1695.0700923612,
39964,-1028.8753248892,-1671.4525668128,-1026.0631134475,-1694.5230654132,
39965,-1029.0813195356,-1670.3950375738,-1026.2790269901,-1694.0099531321,
39966,-1029.2770109241,-1669.3375090143,-1026.4940534963,-1693.4051651585,
39967,-1029.4830055167,-1668.2799797679,-1026.7313296852,-1692.7650455986,
39968,-1029.6890000813,-1667.2224505180,-1026.9913908333,-1692.0908337016,
39969,-1029.8846913887,-1666.1649219463,-1027.2752504812,-1691.3928440923,
39970,-1030.0906858962,-1665.1073926887,-1027.6190454789,-1690.7667837868,
39971,-1030.2863771501,-1664.0498641090,-1027.9394874164,-1690.0344873000,
39972,-1030.4923716032,-1662.9923348431,-1028.2679766388,-1689.2837996115,
39973,-1030.6880628029,-1661.9348062565,-1028.6027194151,-1688.5113200579,
39974,-1030.8940571984,-1660.8772769821,-1028.9324146299,-1687.6963519284,
39975,-1031.0897483436,-1659.8197483883,-1029.2537171640,-1686.8531402670,
39976,-1031.2957426878,-1658.7622191065,-1029.5711503965,-1685.9900447690,
39977,-1031.4914337792,-1657.7046905044,-1029.8736239589,-1685.0876497963,
39978,-1031.6974280638,-1656.6471612150,-1030.1632096628,-1684.1520907072,
39979,-1031.8931191010,-1655.5896326056,-1030.4494929823,-1683.1979990219,
39980,-1032.0991133329,-1654.5321033066,-1030.9706607534,-1681.0413117025,
39981,-1032.2948043162,-1653.4745746906,-1031.5348168524,-1679.6636681040,
39982,-1032.5007984914,-1652.4170453843,-1031.8091824429,-1678.7199564193,
39983,-1032.6964894194,-1651.3595167595,-1032.0705335030,-1677.6570324063,
39984,-1032.9024836151,-1650.3030947930,-1032.3314294826,-1676.5772757091,
39985,-1033.0981744905,-1649.2455661597,-1032.5873785752,-1675.4841862276,
39986,-1033.3041685561,-1648.1880368386,-1032.8351155254,-1674.3837779704,
39987,-1033.4998593749,-1647.1305081985,-1033.0749281246,-1673.2742338931,
39990,-1034.1075381082,-1643.9579208840,-1033.3090427212,-1672.1576368028,
39991,-1034.3032288190,-1642.9003922287,-1033.5373994180,-1671.0370568783,
39992,-1034.5092227184,-1641.8428628835,-1033.7630582107,-1669.9144424870,
39993,-1034.7049133774,-1640.7853342199,-1034.0610029729,-1668.9728977260,
39994,-1034.9109072214,-1639.7278048680,-1030.1678832132,-1648.6976302039,
39997,-1035.5082821636,-1636.5552181579,-1030.2874762873,-1647.5906308854,
39998,-1035.7142758980,-1635.4976887891,-1030.3945825515,-1646.4815964108,
40000,-1036.1159600702,-1633.3826307262,-1030.4897676728,-1645.3626858664,
40001,-1036.3219537196,-1632.3251013453,-1030.6223358378,-1642.9341350362,
40002,-1036.5176441353,-1631.2675726480,-1030.6928168560,-1641.8311148797,
40003,-1036.7236377281,-1630.2100432587,-1030.7598022606,-1640.7297403278,
40004,-1036.9193280897,-1629.1525145540,-1030.8219253014,-1639.6547308068,
40005,-1037.1253216286,-1628.0949851576,-1030.8776902083,-1638.6132584639,
40006,-1037.3210119360,-1627.0374564448,-1030.9290675536,-1637.6123140792,
40007,-1037.5270054192,-1625.9799270402,-1030.9714719750,-1636.6633904846,
40008,-1037.7226956719,-1624.9223983201,-1030.9925564850,-1635.7351256776,
40009,-1037.9286890997,-1623.8648689076,-1030.9902952084,-1634.8472127065,
40010,-1038.1243792996,-1622.8073401791,-1030.9886123941,-1633.9852336594,
40011,-1038.3303726715,-1621.7498107596,-1031.0030189052,-1633.1821127389,
40012,-1038.5260628176,-1620.6922820236,-1031.0363500348,-1632.4460463300,
40013,-1038.7320561320,-1619.6347525958,-1031.0017272114,-1631.8530504633,
40014,-1038.9277462234,-1618.5772238513,-1031.0550808684,-1631.2346543031,
40015,-1039.1337394863,-1617.5196944157,-1031.1028137043,-1630.4678193724,
40016,-1039.3294295211,-1616.4621656648,-1031.2120615891,-1629.9622897723,
40017,-1039.5354227276,-1615.4046362214,-1031.3466814445,-1629.4731708727,
40018,-1039.7311127112,-1614.3471074622,-1031.4813506303,-1629.0027387756,
40019,-1039.9371058615,-1613.2895780102,-1031.6370626158,-1628.5364909307,
40020,-1040.1327957912,-1612.2320492436,-1031.8120320863,-1628.0535293480,
40021,-1040.3387888840,-1611.1745197844,-1032.0080453656,-1627.5512801741,
40022,-1040.5344787596,-1610.1169910101,-1032.2258141380,-1627.0169338294,
40023,-1040.7404718003,-1609.0594615420,-1032.4644602960,-1626.4393257296,
40024,-1040.9361616217,-1608.0019327612,-1032.7126938224,-1625.8610227495,
40025,-1041.1421546038,-1606.9444032854,-1032.9937368794,-1625.2007607223,
40026,-1041.3378443713,-1605.8868744963,-1033.6001827983,-1623.6647616010,
40027,-1041.5438373001,-1604.8293450130,-1033.9954033847,-1622.8083838264,
40028,-1041.7395270139,-1603.7718162161,-1034.4117282310,-1621.9098350725,
40031,-1042.3472023635,-1600.5992284206,-1034.8468201982,-1620.9755401752,
40032,-1042.5428919689,-1599.5416996086,-1035.2986723283,-1619.9987928143,
40033,-1042.7488847302,-1598.4841701014,-1036.2504611106,-1617.7990610590,
40034,-1042.9445742806,-1597.4266412818,-1036.7111314206,-1616.6542214911,
40035,-1043.1505669881,-1596.3691117663,-1037.1851781079,-1615.4802429633,
40037,-1043.5522491381,-1594.2540534161,-1037.6548861195,-1614.2789699180,
40038,-1043.7582417594,-1593.1965238894,-1038.1195955538,-1613.0477553246,
40039,-1043.9539311752,-1592.1389950501,-1038.5737318119,-1611.7845392747,
40040,-1044.1599237436,-1591.0814655158,-1039.0115776714,-1610.4903203807,
40041,-1044.3556131048,-1590.0239366692,-1039.9061872746,-1607.6804195503,
40042,-1044.5616056169,-1588.9664071263,-1040.2625123610,-1606.3241267417,
40043,-1044.7572949252,-1587.9088782713,-1040.5482131512,-1605.0715944302,
40045,-1045.1589766369,-1585.7938198590,-1040.8794245736,-1603.6828764616,
40046,-1045.3649690365,-1584.7362903005,-1041.2155494535,-1602.2869151056,
40047,-1045.5606582360,-1583.6787614314,-1041.5302471956,-1600.8404991824,
40048,-1045.7666505840,-1582.6212318643,-1041.8268750574,-1599.3893598829,
40049,-1045.9623397297,-1581.5637029874,-1042.4038934907,-1596.2942751791,
40050,-1046.1683320185,-1580.5061734135,-1042.8519899129,-1593.2389206414,
40051,-1046.3640211101,-1579.4486445280,-1043.0492625270,-1591.8325309881,
40052,-1046.5700133460,-1578.3911149461,-1043.2442711706,-1590.4342619022,
40055,-1047.1673835466,-1575.2185275639,-1043.4453903495,-1589.0441428957,
40056,-1047.3733756714,-1574.1609979650,-1043.6575575144,-1587.6813101164,
40057,-1047.5690646012,-1573.1034690582,-1043.8805784671,-1586.3464746013,
40058,-1047.7750567459,-1572.0470467981,-1044.1119568011,-1585.0282605307,
40059,-1047.9707456199,-1570.9895178822,-1044.3480633375,-1583.7281481304,
40060,-1048.1767376325,-1569.9319882686,-1044.5853760504,-1582.4532155064,
40061,-1048.3724264543,-1568.8744593457,-1044.8599795713,-1580.0939194573,
40062,-1048.5784184145,-1567.8169297241,-1045.1272406800,-1578.8744688505,
40063,-1048.7741071817,-1566.7594007936,-1045.3998253871,-1577.6793991971,
40064,-1048.9800990827,-1565.7018711638,-1045.6774208633,-1576.5011755873,
40065,-1049.1757877966,-1564.6443422254,-1045.9551434257,-1575.3434744701,
40066,-1049.3817796443,-1563.5868125874,-1046.2268714107,-1574.2072350806,
40067,-1049.5774683023,-1562.5292836419,-1046.4967386228,-1573.0939220249,
40069,-1049.9894518589,-1560.4142243469,-1046.7679378646,-1571.9964579758,
40070,-1050.1851404370,-1559.3566953895,-1047.0391223237,-1570.9274588998,
40071,-1050.3911321447,-1558.2991657318,-1047.3116851021,-1569.8929292038,
40072,-1050.5868206677,-1557.2416367668,-1047.5818418907,-1568.8875276647,
40073,-1050.7928123216,-1556.1841071018,-1047.8202170732,-1568.0081428088,
40074,-1050.9885007913,-1555.1265781293,-1048.0894126527,-1567.0310313024,
40075,-1051.1944923882,-1554.0690484562,-1048.6734134318,-1564.9786106485,
40076,-1051.3901808041,-1553.0115194750,-1048.9284593449,-1563.9769143297,
40077,-1051.5961723468,-1551.9539897943,-1049.1811572102,-1562.9635162472,
40078,-1051.7918607089,-1550.8964608065,-1049.3945620167,-1561.9413013321,
40079,-1051.9978521950,-1549.8389311181,-1049.6317286830,-1560.9223882506,
40080,-1052.1935405029,-1548.7814021221,-1049.8678727913,-1559.8899741262,
40081,-1052.3995319345,-1547.7238724252,-1050.0943390346,-1558.8547435773,
40083,-1052.8012115648,-1545.6088137170,-1050.3188578699,-1557.8221925387,
40084,-1052.9968997651,-1544.5512847062,-1050.5281569835,-1556.7841367769,
40085,-1053.2028910833,-1543.4937549931,-1050.9280588454,-1554.5865635452,
40086,-1053.3985792295,-1542.4362259749,-1051.0767042649,-1553.5668610695,
40087,-1053.6045704939,-1541.3786962544,-1051.2140678443,-1552.5536591679,
40088,-1053.8002585856,-1540.3211672278,-1051.3428178986,-1551.5459608121,
40090,-1054.2019378338,-1538.2061084660,-1051.4680876607,-1550.5528261988,
40091,-1054.4079289883,-1537.1485787290,-1051.5828959147,-1549.6754201360,
40092,-1054.6036169706,-1536.0910496879,-1051.6994792584,-1548.7010748375,
40093,-1054.8096080688,-1535.0335199436,-1051.8171012259,-1547.7194408196,
40094,-1055.0052959987,-1533.9759908952,-1051.9312285903,-1546.7275623419,
40095,-1055.2112870432,-1532.9184611423,-1052.0444359610,-1545.8456330292,
40096,-1055.4069749198,-1531.8609320861,-1052.2358669556,-1543.6591780147,
40097,-1055.6129659055,-1530.8034023258,-1052.3281601472,-1542.5743080242,
40098,-1055.8086537270,-1529.7458732612,-1052.4225329520,-1541.4746537495,
40099,-1056.0146446599,-1528.6883434938,-1052.5226937861,-1540.3533267853,
40100,-1056.2103324268,-1527.6308144218,-1052.5639564614,-1539.3258840133,
40102,-1056.6223141530,-1525.5157548650,-1052.6945504231,-1538.1450810017,
40103,-1056.8180018399,-1524.4582257823,-1052.8525910674,-1536.9325740500,
40104,-1057.0239926323,-1523.4006959942,-1053.0319466614,-1535.6943850761,
40105,-1057.2196802646,-1522.3431669025,-1053.2317003708,-1534.4340243446,
40106,-1057.4256710021,-1521.2856371073,-1053.7013047841,-1531.7521144820,
40107,-1057.6213585806,-1520.2281080090,-1054.0083162333,-1530.4607192505,
40108,-1057.8273492648,-1519.1705782051,-1054.3367972149,-1529.1601068588,
40109,-1058.0230367891,-1518.1130490987,-1054.6694188624,-1527.8679961157,
40110,-1058.2290274145,-1517.0555192874,-1055.0463427023,-1526.5670884930,
40111,-1058.4247148847,-1515.9979901733,-1055.4635295131,-1525.2615248575,
40112,-1058.6307054555,-1514.9404603539,-1055.8900434935,-1523.9705582095,
40113,-1058.8263928715,-1513.8829312325,-1056.3310767398,-1522.6883519343,
40114,-1059.0323833886,-1512.8254014049,-1056.7844448759,-1521.4166222776,
40115,-1059.2280707508,-1511.7678722765,-1057.2464686470,-1520.1581029255,
40116,-1059.4340612121,-1510.7103424402,-1057.6951134299,-1519.0392154627,
40119,-1060.0314261777,-1507.5377543154,-1058.1739394337,-1517.7839471247,
40120,-1060.2374165299,-1506.4802244646,-1059.2072945198,-1515.1355757047,
40121,-1060.4331037274,-1505.4226953133,-1060.8781573970,-1511.0144103756,
40122,-1060.6390940241,-1504.3651654538,-1061.2906870586,-1509.8562929896,
40123,-1060.8347811684,-1503.3076362942,-1061.6960174821,-1508.7136815157,
40124,-1061.0407714080,-1502.2501064267,-1062.0746212818,-1507.7073001106,
40125,-1061.2364585005,-1501.1925772605,-1062.9093692067,-1505.3314340040,
40129,-1062.0398128344,-1496.9624591452,-1063.2619477389,-1504.2000361377,
40130,-1062.2458029063,-1495.9049292542,-1063.5986713629,-1503.0763372132,
40131,-1062.4414898362,-1494.8474000639,-1064.3022716075,-1500.7368080037,
40132,-1062.6474799288,-1493.7909775116,-1064.5506364418,-1499.6999734121,
40134,-1063.0491567688,-1491.6759184078,-1064.8027474576,-1498.6581535439,
40135,-1063.2448435908,-1490.6183892020,-1065.0446079125,-1497.6243302825,
40136,-1063.4508334951,-1489.5608592879,-1065.2770610424,-1496.5933636451,
40137,-1063.6568233744,-1488.5033293693,-1065.4961614095,-1495.5594861045,
40138,-1063.8525101135,-1487.4458001524,-1065.7129866259,-1494.5245372936,
40139,-1064.0584999369,-1486.3882702263,-1065.9370184624,-1493.4942117866,
40140,-1064.2541866223,-1485.3307410021,-1066.1317331307,-1492.4695543826,
40141,-1064.4601763920,-1484.2732110674,-1066.3041762736,-1491.4486355061,
40142,-1064.6558630244,-1483.2156818359,-1066.5522233457,-1489.3247467636,
40143,-1064.8618527358,-1482.1581518935,-1066.6102953059,-1488.3261420540,
40144,-1065.0575393132,-1481.1006226536,-1066.6293279066,-1487.3436939627,
40146,-1065.4592154932,-1478.9855634554,-1066.6392153109,-1486.3437797016,
40147,-1065.6652050976,-1477.9280334977,-1066.6210487413,-1485.3406917667,
40148,-1065.8608915657,-1476.8705042433,-1066.5740097482,-1484.4381322826,
40149,-1066.0668811125,-1475.8129742771,-1066.4768973567,-1483.4176619679,
40150,-1066.2625675290,-1474.7554450150,-1066.3449164228,-1482.3778689146,
40151,-1066.4685570184,-1473.6979150405,-1066.1691627603,-1481.3160157185,
40152,-1066.6642433807,-1472.6403857706,-1065.9491643465,-1480.2316400437,
40153,-1066.8702328163,-1471.5828557891,-1065.7044786196,-1479.1310767689,
40154,-1067.0659191244,-1470.5253265110,-1065.0718370073,-1476.7316673824,
40155,-1067.2719085050,-1469.4677965224,-1064.7465772815,-1475.6333150920,
40156,-1067.4675947581,-1468.4102672358,-1064.4028732469,-1474.5333119055,
40157,-1067.6735840812,-1467.3527372393,-1064.0439888257,-1473.5400798597,
40158,-1067.8692702814,-1466.2952079456,-1063.7014191374,-1472.4591113573,
40160,-1068.2709456959,-1464.1801486400,-1063.3581880627,-1471.3822479029,
40161,-1068.4769349096,-1463.1226186265,-1063.0278291071,-1470.4617243099,
40162,-1068.6726210021,-1462.0650893180,-1062.6794269300,-1469.4044719141,
40163,-1068.8786101591,-1461.0075592968,-1062.3282771260,-1468.3570233746,
40164,-1069.0742961975,-1459.9500299810,-1061.9738963595,-1467.3214837730,
40165,-1069.2802853003,-1458.8924999517,-1061.1588588946,-1465.0104244693,
40166,-1069.4759712833,-1457.8349706275,-1060.8485194493,-1464.1047840195,
40167,-1069.6819603327,-1456.7774405915,-1060.6092773133,-1463.2900070476,
40168,-1069.8776462624,-1455.7199112599,-1060.3144954298,-1462.4263076774,
40169,-1070.0836352531,-1454.6623812150,-1060.0261817578,-1461.5788591843,
40171,-1070.0836352531,-1454.6623812150,-1059.7386969586,-1460.7539795424,
40172,-1070.0836352531,-1454.6623812150,-1059.4600243311,-1459.9589959019,
40173,-1070.0836352531,-1454.6623812150,-1059.1888768529,-1459.2013060409,
40174,-1070.0836352531,-1454.6623812150,-1058.9327341239,-1458.4670016450,
40175,-1070.0836352531,-1454.6623812150,-1058.6811714675,-1457.7593860390,
40176,-1070.0836352531,-1454.6623812150,-1058.4324188013,-1457.0856815068,
40177,-1070.0836352531,-1454.6623812150,-1058.2050321176,-1456.6144802938,
40178,-1070.0836352531,-1454.6623812150,-1057.9618537058,-1456.1242696430,
40179,-1070.0836352531,-1454.6623812150,-1057.7139336564,-1455.7241313471,
40180,-1070.0836352531,-1454.6623812150,-1057.4693210020,-1455.3954550361,
40181,-1070.0836352531,-1454.6623812150,-1057.0510413760,-1454.7548663270,
40182,-1070.0836352531,-1454.6623812150,-1056.7789031515,-1454.5610473349,
40183,-1070.0836352531,-1454.6623812150,-1056.4894208557,-1454.3691397840,
40184,-1070.0836352531,-1454.6623812150,-1056.2591240243,-1454.2872171078,
40185,-1070.0836352531,-1454.6623812150,-1055.9039740173,-1454.0866808725,
40186,-1070.0836352531,-1454.6623812150,-1055.5214216787,-1453.8719983133,
40187,-1070.0836352531,-1454.6623812150,-1055.1205638486,-1453.6683133004,
40188,-1070.0836352531,-1454.6623812150,-1054.6986671456,-1453.4172806367,
40189,-1070.0836352531,-1454.6623812150,-1054.3141219603,-1453.1817614022,
40191,-1070.0836352531,-1454.6623812150,-1053.9665025150,-1452.9431380781,
40192,-1070.0836352531,-1454.6623812150,-1053.6514924552,-1452.7086090561,
40193,-1070.0836352531,-1454.6623812150,-1053.4690651290,-1452.5154841357,
40194,-1070.0836352531,-1454.6623812150,-1053.1643765494,-1452.2208080030,
40196,-1070.0836352531,-1454.6623812150,-1052.8796006441,-1452.0698600738,
40197,-1070.0836352531,-1454.6623812150,-1052.5974773461,-1451.9347821247,
40198,-1070.0836352531,-1454.6623812150,-1052.3257671007,-1451.8261730171,
40199,-1070.0836352531,-1454.6623812150,-1052.0718996763,-1451.7329613489,
40200,-1070.0836352531,-1454.6623812150,-1051.8476523638,-1451.6657105681,
40201,-1070.0836352531,-1454.6623812150,-1051.6565999417,-1451.6168683815,
40202,-1070.0836352531,-1454.6623812150,-1051.4453762146,-1451.5305146660,
40204,-1070.0836352531,-1454.6623812150,-1051.3283338143,-1451.5431751890,
40205,-1070.0836352531,-1454.6623812150,-1051.2226367411,-1451.5552391160,
40206,-1070.0836352531,-1454.6623812150,-1051.1280924802,-1451.5791232658,
40207,-1070.0836352531,-1454.6623812150,-1051.0558273304,-1451.6192321876,
40208,-1070.0836352531,-1454.6623812150,-1051.0022356572,-1451.6738284070,
40209,-1070.0836352531,-1454.6623812150,-1050.9689828018,-1451.6481701524,
40210,-1070.0836352531,-1454.6623812150,-1050.9623454681,-1451.7046050913,
40211,-1070.0836352531,-1454.6623812150,-1050.9675146147,-1451.7585576542,
40212,-1070.0836352531,-1454.6623812150,-1051.0022949142,-1451.7631356813,
40213,-1070.0836352531,-1454.6623812150,-1051.0884792250,-1451.8323369097,
40214,-1070.0836352531,-1454.6623812150,-1051.1191813698,-1451.8450197092,
40215,-1070.0836352531,-1454.6623812150,-1051.1492346673,-1451.8382817363,
40216,-1070.0836352531,-1454.6623812150,-1051.1695417542,-1451.8104853337,
40217,-1070.0836352531,-1454.6623812150,-1051.1817429789,-1451.7654976800,
40219,-1070.0836352531,-1454.6623812150,-1051.1975112309,-1451.6982238183,
40220,-1070.0836352531,-1454.6623812150,-1051.2061302608,-1451.6356025297,
40221,-1070.0836352531,-1454.6623812150,-1051.2024036985,-1451.5420753935,
40222,-1070.0836352531,-1454.6623812150,-1051.1901962690,-1451.4469303670,
40223,-1070.0836352531,-1454.6623812150,-1051.1379251945,-1451.1483770098,
40224,-1070.0836352531,-1454.6623812150,-1051.1288922062,-1451.0564475615,
40225,-1070.0836352531,-1454.6623812150,-1051.1314875127,-1450.9675157210,
40226,-1070.0836352531,-1454.6623812150,-1051.1251814560,-1450.9223027048,
40228,-1070.0836352531,-1454.6623812150,-1051.1220425740,-1450.8668609715,
40229,-1070.0836352531,-1454.6623812150,-1051.1076440054,-1450.7872953440,
40230,-1070.0836352531,-1454.6623812150,-1051.0618769976,-1450.7565901215,
40231,-1070.0836352531,-1454.6623812150,-1051.0577566267,-1450.6193633233,
40232,-1070.0836352531,-1454.6623812150,-1051.0570873834,-1450.4588059886,
40233,-1070.0836352531,-1454.6623812150,-1051.0573043144,-1450.2928675343,
40234,-1070.0836352531,-1454.6623812150,-1051.0632331687,-1450.1235682072,
40235,-1070.0836352531,-1454.6623812150,-1051.0770877926,-1449.9464991660,
40236,-1070.0836352531,-1454.6623812150,-1051.1016516482,-1449.7573552660,
40237,-1070.0836352531,-1454.6623812150,-1051.1349949668,-1449.5688103588,
40238,-1070.0836352531,-1454.6623812150,-1051.2461030427,-1449.1494571363,
40239,-1070.0836352531,-1454.6623812150,-1051.2349517414,-1449.1412403909,
40241,-1070.0836352531,-1454.6623812150,-1051.2244161896,-1449.0507184519,
40242,-1070.0836352531,-1454.6623812150,-1051.1993251894,-1448.9803202049,
40243,-1070.0836352531,-1454.6623812150,-1051.1574197047,-1448.9670274278,
40244,-1070.0836352531,-1454.6623812150,-1051.1179099708,-1448.9125523733,
40245,-1070.0836352531,-1454.6623812150,-1051.0852146415,-1448.8729306454,
40246,-1070.0836352531,-1454.6623812150,-1051.0595796099,-1448.8528439710,
40247,-1070.0836352531,-1454.6623812150,-1051.0324834326,-1448.8548606961,
40248,-1070.0836352531,-1454.6623812150,-1051.0096230947,-1448.8690253799,
40249,-1070.0836352531,-1454.6623812150,-1050.9911236651,-1448.8933690948,
40250,-1070.0836352531,-1454.6623812150,-1050.9744527203,-1448.9057057374,
40251,-1070.0836352531,-1454.6623812150,-1051.0005731836,-1448.9083448799,
40252,-1070.0836352531,-1454.6623812150,-1051.0336931017,-1448.8977919706,
40253,-1070.0836352531,-1454.6623812150,-1051.0783971130,-1448.8727933683,
40254,-1070.0836352531,-1454.6623812150,-1051.1242071243,-1448.8374357960,
40255,-1070.0836352531,-1454.6623812150,-1051.1692272199,-1448.8605900034,
40256,-1070.0836352531,-1454.6623812150,-1051.2215246020,-1448.8162361468,
40257,-1070.0836352531,-1454.6623812150,-1051.2782300507,-1448.7607629034,
40258,-1070.0836352531,-1454.6623812150,-1051.3426521020,-1448.6915032907,
40259,-1070.0836352531,-1454.6623812150,-1051.4455703618,-1448.6796348666,
40260,-1070.0836352531,-1454.6623812150,-1051.5298737574,-1448.5541095217,
40262,-1070.0836352531,-1454.6623812150,-1051.6209257841,-1448.4306543896,
40263,-1070.0836352531,-1454.6623812150,-1051.7174470567,-1448.3086137932,
40264,-1070.0836352531,-1454.6623812150,-1051.8175036453,-1448.2021648715,
40265,-1070.0836352531,-1454.6623812150,-1052.1854038353,-1447.7608469378,
40268,-1070.0836352531,-1454.6623812150,-1052.3259782814,-1447.7156264418,
40269,-1070.0836352531,-1454.6623812150,-1052.4740558365,-1447.6726565134,
40270,-1070.0836352531,-1454.6623812150,-1052.6262693770,-1447.6389268767,
40271,-1070.0836352531,-1454.6623812150,-1052.7845326935,-1447.5986555336,
40272,-1070.0836352531,-1454.6623812150,-1052.9276789696,-1447.5608068320,
40273,-1070.0836352531,-1454.6623812150,-1053.0540794143,-1447.5282695730,
40274,-1070.0836352531,-1454.6623812150,-1053.1631905278,-1447.4907831504,
40275,-1070.0836352531,-1454.6623812150,-1053.2713569936,-1447.4662007075,
40276,-1070.0836352531,-1454.6623812150,-1053.3413700493,-1447.4502782662,
40277,-1070.0836352531,-1454.6623812150,-1053.5411757456,-1447.3004421096,
40278,-1070.0836352531,-1454.6623812150,-1053.5918525528,-1447.2919939231,
40281,-1070.0836352531,-1454.6623812150,-1053.6134187920,-1447.2481289243,
40282,-1070.0836352531,-1454.6623812150,-1053.6158821444,-1447.2158790329,
40283,-1070.0836352531,-1454.6623812150,-1053.6089385827,-1447.1875824410,
40284,-1070.0836352531,-1454.6623812150,-1053.5494484581,-1447.1706600376,
40285,-1070.0836352531,-1454.6623812150,-1053.3902763483,-1447.1354569541,
40286,-1070.0836352531,-1454.6623812150,-1053.3555094051,-1447.1904236691,
40287,-1070.0836352531,-1454.6623812150,-1053.2620790398,-1447.2455197737,
40288,-1070.0836352531,-1454.6623812150,-1053.1561081271,-1447.3198252345,
40289,-1070.0836352531,-1454.6623812150,-1053.0366593130,-1447.4337470063,
40290,-1070.0836352531,-1454.6623812150,-1052.9060170724,-1447.5733186467,
40292,-1070.0836352531,-1454.6623812150,-1052.7633210446,-1447.7208645046,
40293,-1070.0836352531,-1454.6623812150,-1052.6115790447,-1447.8378511822,
40294,-1070.0836352531,-1454.6623812150,-1052.4524927627,-1447.9292967129,
40295,-1070.0836352531,-1454.6623812150,-1052.3092994710,-1448.0521061280,
40296,-1070.0836352531,-1454.6623812150,-1052.0092608087,-1448.3551614786,
40297,-1070.0836352531,-1454.6623812150,-1051.7453657425,-1448.6502946852,
40298,-1070.0836352531,-1454.6623812150,-1051.6610710219,-1448.7724517922,
40299,-1070.0836352531,-1454.6623812150,-1051.6005355148,-1448.8849744901,
40302,-1070.0836352531,-1454.6623812150,-1051.5572280383,-1448.9916514049,
40303,-1070.0836352531,-1454.6623812150,-1051.5345579961,-1449.0880188020,
40304,-1070.0836352531,-1454.6623812150,-1051.4984124605,-1449.3469389518,
40305,-1070.0836352531,-1454.6623812150,-1051.5683886313,-1449.4511953399,
40306,-1070.0836352531,-1454.6623812150,-1051.6596606608,-1449.5519503741,
40307,-1070.0836352531,-1454.6623812150,-1051.7697433055,-1449.6462005495,
40309,-1070.0836352531,-1454.6623812150,-1051.8995385423,-1449.7478938290,
40310,-1070.0836352531,-1454.6623812150,-1052.0273866748,-1449.8132365359,
40311,-1070.0836352531,-1454.6623812150,-1052.4280399634,-1450.1238018958,
40312,-1070.0836352531,-1454.6623812150,-1052.9545045565,-1450.4978621367,
40315,-1070.0836352531,-1454.6623812150,-1053.2342085822,-1450.6332947471,
40316,-1070.0836352531,-1454.6623812150,-1054.3099491578,-1451.1248483606,
40319,-1070.0836352531,-1454.6623812150,-1054.6065554717,-1451.2136242280,
40320,-1070.0836352531,-1454.6623812150,-1055.6843688171,-1451.4722560562,
40323,-1070.0836352531,-1454.6623812150,-1055.8975696085,-1451.4925551571,
40324,-1070.0836352531,-1454.6623812150,-1056.0736331067,-1451.5036378567,
40325,-1070.0836352531,-1454.6623812150,-1056.2486272678,-1451.5243013384,
40326,-1070.0836352531,-1454.6623812150,-1056.3738963755,-1451.5283012013,
40327,-1070.0836352531,-1454.6623812150,-1056.5032393987,-1451.5667308981,
40328,-1070.0836352531,-1454.6623812150,-1056.6182275669,-1451.6239400945,
40329,-1070.0836352531,-1454.6623812150,-1056.7211544816,-1451.6698170275,
40330,-1070.0836352531,-1454.6623812150,-1056.8091146122,-1451.6912409337,
40331,-1070.0836352531,-1454.6623812150,-1056.8833018537,-1451.7048962217,
40332,-1070.0836352531,-1454.6623812150,-1056.9327594089,-1451.6835833120,
40333,-1070.0836352531,-1454.6623812150,-1056.9736583623,-1451.6622976936,
40334,-1070.0836352531,-1454.6623812150,-1057.0037330664,-1451.6313303969,
40335,-1070.0836352531,-1454.6623812150,-1057.0222645745,-1451.5793795983,
40336,-1070.0836352531,-1454.6623812150,-1057.0266422978,-1451.5122531513,
40337,-1070.0836352531,-1454.6623812150,-1057.0153948257,-1451.4409709632,
40338,-1070.0836352531,-1454.6623812150,-1056.9878297688,-1451.3544577178,
40339,-1070.0836352531,-1454.6623812150,-1056.9537227995,-1451.2786085283,
40340,-1070.0836352531,-1454.6623812150,-1056.9144527688,-1451.2378024836,
40341,-1070.0836352531,-1454.6623812150,-1056.8709048840,-1451.1633556762,
40342,-1070.0836352531,-1454.6623812150,-1056.8283624629,-1451.1050719279,
40343,-1070.0836352531,-1454.6623812150,-1056.8162698957,-1451.0759677163,
40344,-1070.0836352531,-1454.6623812150,-1056.7043772901,-1450.9318614142,
40345,-1070.0836352531,-1454.6623812150,-1056.6156649959,-1450.8486862321,
40346,-1070.0836352531,-1454.6623812150,-1056.5119979180,-1450.7637036293,
40347,-1070.0836352531,-1454.6623812150,-1056.4350702973,-1450.7087073754,
40349,-1070.0836352531,-1454.6623812150,-1056.2798099876,-1450.5714729631,
40350,-1070.0836352531,-1454.6623812150,-1056.0996153497,-1450.4085289566,
40351,-1070.0836352531,-1454.6623812150,-1055.6195589495,-1449.9329323175,
40353,-1070.0836352531,-1454.6623812150,-1055.3575629983,-1449.6913206504,
40354,-1070.0836352531,-1454.6623812150,-1054.3040358642,-1448.4668355895,
40357,-1070.0836352531,-1454.6623812150,-1054.0336148669,-1448.1465583784,
40358,-1070.0836352531,-1454.6623812150,-1052.4476581954,-1445.5428281324,
40361,-1070.0836352531,-1454.6623812150,-1052.1666007541,-1445.2390809621,
40362,-1070.0836352531,-1454.6623812150,-1051.9377605027,-1445.0377853267,
40363,-1070.0836352531,-1454.6623812150,-1051.2159559663,-1444.2122352073,
40364,-1070.0836352531,-1454.6623812150,-1050.9172606012,-1443.9877368627,
40365,-1070.0836352531,-1454.6623812150,-1050.6168700011,-1443.7881806243,
40366,-1070.0836352531,-1454.6623812150,-1050.3195841227,-1443.6154466840,
40367,-1070.0836352531,-1454.6623812150,-1050.0253080624,-1443.4831955618,
40368,-1070.0836352531,-1454.6623812150,-1049.7389179087,-1443.3785643751,
40370,-1070.0836352531,-1454.6623812150,-1049.4681065809,-1443.2971740377,
40371,-1070.0836352531,-1454.6623812150,-1049.2018712808,-1443.2377976327,
40372,-1070.0836352531,-1454.6623812150,-1048.9396796232,-1443.1825798688,
40373,-1070.0836352531,-1454.6623812150,-1048.6810441072,-1443.1418359004,
40374,-1070.0836352531,-1454.6623812150,-1048.4261714343,-1443.1103735736,
40375,-1070.0836352531,-1454.6623812150,-1048.1775598772,-1443.0835790647,
40376,-1070.0836352531,-1454.6623812150,-1047.9717285129,-1443.1460583795,
40377,-1070.0836352531,-1454.6623812150,-1047.7863118403,-1443.1714790302,
40378,-1070.0836352531,-1454.6623812150,-1047.5474401885,-1443.1343406435,
40379,-1070.0836352531,-1454.6623812150,-1047.3137902806,-1443.0692853333,
40380,-1070.0836352531,-1454.6623812150,-1046.4068463352,-1442.4907019582,
40381,-1070.0836352531,-1454.6623812150,-1046.3471653383,-1442.3989873457,
40382,-1070.0836352531,-1454.6623812150,-1046.3113204913,-1442.3126780503,
40383,-1070.0836352531,-1454.6623812150,-1046.3157454022,-1442.2883094539,
40384,-1070.0836352531,-1454.6623812150,-1046.3375447808,-1442.2432463867,
40385,-1070.0836352531,-1454.6623812150,-1046.3938099046,-1442.2218562527,
40386,-1070.0836352531,-1454.6623812150,-1046.4672081995,-1442.1959458847,
40389,-1070.0836352531,-1454.6623812150,-1046.5485610939,-1442.1751512079,
40390,-1070.0836352531,-1454.6623812150,-1046.6317280347,-1442.1747751449,
40391,-1070.0836352531,-1454.6623812150,-1046.7583525393,-1442.2252508405,
40392,-1070.0836352531,-1454.6623812150,-1046.8530999123,-1442.3140929778,
40393,-1070.0836352531,-1454.6623812150,-1046.9507918081,-1442.4146355679,
40394,-1070.0836352531,-1454.6623812150,-1047.0621616728,-1442.4854298080,
40395,-1070.0836352531,-1454.6623812150,-1047.1842774189,-1442.5920757846,
40396,-1070.0836352531,-1454.6623812150,-1047.3161789713,-1442.6906903734,
40398,-1070.0836352531,-1454.6623812150,-1047.4526343547,-1442.7781542976,
40399,-1070.0836352531,-1454.6623812150,-1047.5730161318,-1442.8679547774,
40400,-1070.0836352531,-1454.6623812150,-1047.8281391701,-1443.1604019663,
40401,-1070.0836352531,-1454.6623812150,-1047.8950896409,-1443.2893016734,
40402,-1070.0836352531,-1454.6623812150,-1047.9431037534,-1443.4155576279,
40403,-1070.0836352531,-1454.6623812150,-1047.9668211173,-1443.5210959859,
40404,-1070.0836352531,-1454.6623812150,-1047.9802340244,-1443.6355688971,
40406,-1070.0836352531,-1454.6623812150,-1047.9751642294,-1443.7664543709,
40407,-1070.0836352531,-1454.6623812150,-1047.9506323073,-1443.9031883887,
40408,-1070.0836352531,-1454.6623812150,-1047.9046607278,-1444.0522162830,
40409,-1070.0836352531,-1454.6623812150,-1047.8437453080,-1444.1944851459,
40410,-1070.0836352531,-1454.6623812150,-1047.7608452548,-1444.2840169958,
40411,-1070.0836352531,-1454.6623812150,-1047.6507578415,-1444.3955779793,
40412,-1070.0836352531,-1454.6623812150,-1047.5516715419,-1444.4703402908,
40413,-1070.0836352531,-1454.6623812150,-1047.1579282062,-1444.7291492652,
40414,-1070.0836352531,-1454.6623812150,-1047.0221699890,-1444.8031130752,
40415,-1070.0836352531,-1454.6623812150,-1046.9049072260,-1444.8781845440,
40417,-1070.0836352531,-1454.6623812150,-1046.8066640483,-1444.9546828923,
40418,-1070.0836352531,-1454.6623812150,-1046.7149281634,-1445.0171236879,
40419,-1070.0836352531,-1454.6623812150,-1046.6251297481,-1445.0749920373,
40420,-1070.0836352531,-1454.6623812150,-1046.5318357175,-1445.1346947627,
40421,-1070.0836352531,-1454.6623812150,-1046.4538989976,-1445.1515610652,
40422,-1070.0836352531,-1454.6623812150,-1046.2590328054,-1445.1100064008,
40423,-1070.0836352531,-1454.6623812150,-1046.1995232219,-1445.0863605739,
40424,-1070.0836352531,-1454.6623812150,-1046.1484129438,-1445.0632265534,
40425,-1070.0836352531,-1454.6623812150,-1046.0469532150,-1445.0730167122,
40426,-1070.0836352531,-1454.6623812150,-1046.0383428458,-1445.1200279992,
40427,-1070.0836352531,-1454.6623812150,-1046.0208348209,-1445.1482192682,
40428,-1070.0836352531,-1454.6623812150,-1046.0031488916,-1445.1565314357,
40429,-1070.0836352531,-1454.6623812150,-1045.9938269425,-1445.1649285146,
40430,-1070.0836352531,-1454.6623812150,-1046.0191509763,-1445.1574620908,
40431,-1070.0836352531,-1454.6623812150,-1046.0943298790,-1445.1653687465,
40434,-1070.0836352531,-1454.6623812150,-1046.1857144599,-1445.1656988592,
40435,-1070.0836352531,-1454.6623812150,-1046.2965908144,-1445.1588610237,
40436,-1070.0836352531,-1454.6623812150,-1046.4226389556,-1445.1435227384,
40437,-1070.0836352531,-1454.6623812150,-1046.5638498924,-1445.1289425127,
40438,-1070.0836352531,-1454.6623812150,-1046.7331432415,-1445.1034923942,
40439,-1070.0836352531,-1454.6623812150,-1047.1316752081,-1445.0277063614,
40440,-1070.0836352531,-1454.6623812150,-1047.3608367518,-1445.0235948477,
40441,-1070.0836352531,-1454.6623812150,-1047.5702270162,-1445.0414756671,
40443,-1070.0836352531,-1454.6623812150,-1047.8355096682,-1445.0462059620,
40444,-1070.0836352531,-1454.6623812150,-1048.0607669339,-1445.0718587342,
40445,-1070.0836352531,-1454.6623812150,-1048.7420701977,-1445.1398160434,
40446,-1070.0836352531,-1454.6623812150,-1049.5242429859,-1445.2180433232,
40447,-1070.0836352531,-1454.6623812150,-1049.8756116898,-1445.2259793928,
40448,-1070.0836352531,-1454.6623812150,-1050.2258662495,-1445.2337918303,
40449,-1070.0836352531,-1454.6623812150,-1050.5110552609,-1445.1926226235,
40450,-1070.0836352531,-1454.6623812150,-1050.8744632643,-1445.2050351945,
40451,-1070.0836352531,-1454.6623812150,-1051.2693487035,-1445.2320076256,
40454,-1070.0836352531,-1454.6623812150,-1051.6687243886,-1445.2447930990,
40455,-1070.0836352531,-1454.6623812150,-1052.0698392371,-1445.2447978562,
40456,-1070.0836352531,-1454.6623812150,-1052.4277868688,-1445.1708864035,
40457,-1070.0836352531,-1454.6623812150,-1052.8483024509,-1445.1940645069,
40458,-1070.0836352531,-1454.6623812150,-1053.2935351870,-1445.2502147318,
40459,-1070.0836352531,-1454.6623812150,-1053.7553803772,-1445.3292227117,
40460,-1070.0836352531,-1454.6623812150,-1054.2272013958,-1445.4122415047,
40461,-1070.0836352531,-1454.6623812150,-1054.6629411457,-1445.5054725066,
40462,-1070.0836352531,-1454.6623812150,-1055.7362254970,-1445.8211762302,
40463,-1070.0836352531,-1454.6623812150,-1056.0981087767,-1445.9504019736,
40464,-1070.0836352531,-1454.6623812150,-1056.4936402412,-1446.0925220873,
40465,-1070.0836352531,-1454.6623812150,-1056.8627627897,-1446.2301239651,
40466,-1070.0836352531,-1454.6623812150,-1057.2067757727,-1446.3583482391,
40467,-1070.0836352531,-1454.6623812150,-1057.5204848427,-1446.4631752906,
40469,-1070.0836352531,-1454.6623812150,-1057.8007787319,-1446.5586125450,
40470,-1070.0836352531,-1454.6623812150,-1057.9419734096,-1446.5929306886,
40471,-1070.0836352531,-1454.6623812150,-1058.1679457998,-1446.6758334674,
40472,-1070.0836352531,-1454.6623812150,-1058.3835533930,-1446.7563899092,
40473,-1070.0836352531,-1454.6623812150,-1058.5832534422,-1446.8381994990,
40474,-1070.0836352531,-1454.6623812150,-1058.7777209842,-1446.9214067009,
40475,-1070.0836352531,-1454.6623812150,-1059.1817407278,-1447.1247924644,
40476,-1070.0836352531,-1454.6623812150,-1059.3346330360,-1447.2122107512,
40477,-1070.0836352531,-1454.6623812150,-1059.4705954502,-1447.2478746805,
40478,-1070.0836352531,-1454.6623812150,-1059.5972764424,-1447.2989214734,
40479,-1070.0836352531,-1454.6623812150,-1059.6994686792,-1447.3929341866,
40480,-1070.0836352531,-1454.6623812150,-1059.7818796907,-1447.4985203569,
40481,-1070.0836352531,-1454.6623812150,-1059.8381931713,-1447.6114168711,
40482,-1070.0836352531,-1454.6623812150,-1059.8625364787,-1447.7273171532,
40483,-1070.0836352531,-1454.6623812150,-1059.8670465788,-1447.8377938618,
40484,-1070.0836352531,-1454.6623812150,-1059.8503434013,-1447.9244784849,
40486,-1070.0836352531,-1454.6623812150,-1059.8244529846,-1448.0498335199,
40487,-1070.0836352531,-1454.6623812150,-1059.7718281133,-1448.1759354674,
40488,-1070.0836352531,-1454.6623812150,-1059.7018455294,-1448.3058740723,
40489,-1070.0836352531,-1454.6623812150,-1059.6195425945,-1448.4424269489,
40490,-1070.0836352531,-1454.6623812150,-1059.5074456970,-1448.5903019808,
40491,-1070.0836352531,-1454.6623812150,-1059.3943401687,-1448.6868129749,
40492,-1070.0836352531,-1454.6623812150,-1059.0241973478,-1449.0111928260,
40493,-1070.0836352531,-1454.6623812150,-1058.8189151976,-1449.1812180880,
40494,-1070.0836352531,-1454.6623812150,-1058.6019107866,-1449.3563634803,
40495,-1070.0836352531,-1454.6623812150,-1058.3712330880,-1449.4734550927,
40496,-1070.0836352531,-1454.6623812150,-1058.1453288140,-1449.6368559650,
40498,-1070.0836352531,-1454.6623812150,-1057.9255023567,-1449.7974646358,
40499,-1070.0836352531,-1454.6623812150,-1057.7164835372,-1449.9418174676,
40500,-1070.0836352531,-1454.6623812150,-1057.5191172527,-1450.0888817269,
40501,-1070.0836352531,-1454.6623812150,-1057.1195830163,-1450.4619683475,
40502,-1070.0836352531,-1454.6623812150,-1057.0294770469,-1450.6454784438,
40503,-1070.0836352531,-1454.6623812150,-1056.9667168653,-1450.8325756740,
40505,-1070.0836352531,-1454.6623812150,-1056.9308808951,-1451.0300487224,
40506,-1070.0836352531,-1454.6623812150,-1056.9224987309,-1451.2279822611,
40507,-1070.0836352531,-1454.6623812150,-1056.9445779960,-1451.4302945139,
40508,-1070.0836352531,-1454.6623812150,-1057.0026520409,-1451.6416473846,
40509,-1070.0836352531,-1454.6623812150,-1057.0938685348,-1451.8653983363,
40510,-1070.0836352531,-1454.6623812150,-1057.2166750244,-1452.1122592266,
40511,-1070.0836352531,-1454.6623812150,-1057.3705312009,-1452.5415387840,
40512,-1070.0836352531,-1454.6623812150,-1057.5650725853,-1452.8212193460,
40513,-1070.0836352531,-1454.6623812150,-1057.7465153006,-1453.0850213584,
40514,-1070.0836352531,-1454.6623812150,-1058.0100745852,-1453.3759345107,
40515,-1070.0836352531,-1454.6623812150,-1058.6790983430,-1454.0431335373,
40516,-1070.0836352531,-1454.6623812150,-1059.0718691119,-1454.3770533158,
40517,-1070.0836352531,-1454.6623812150,-1059.4964751772,-1454.7243000276,
40518,-1070.0836352531,-1454.6623812150,-1059.9408349096,-1455.0319279854,
40519,-1069.8879489694,-1455.7143738185,-1060.4198999401,-1455.4682111137,
40520,-1069.6819595704,-1456.7663671274,-1060.9215663207,-1455.9759162801,
40523,-1069.0845973096,-1459.9212382646,-1061.4414894650,-1456.5379191903,
40524,-1068.8889108917,-1460.9732308483,-1061.9792366325,-1457.1320969148,
40525,-1068.6829213553,-1462.0252241374,-1062.5373960781,-1457.7594044694,
40526,-1068.4872348831,-1463.0772167136,-1063.5574269376,-1458.5245406095,
40527,-1068.2812452903,-1464.1292099948,-1064.2204833173,-1459.4009903169,
40528,-1068.0855587675,-1465.1812025646,-1065.6826442603,-1461.4803443612,
40530,-1067.6838824640,-1467.2840810524,-1066.4002340659,-1462.5434027898,
40531,-1067.4881958585,-1468.3360736101,-1067.1223724243,-1463.6412130314,
40532,-1067.2822061279,-1469.3880668714,-1067.8458024511,-1464.7699427196,
40533,-1067.0865194689,-1470.4400594210,-1068.4976344731,-1465.9016985474,
40534,-1066.8805296844,-1471.4920526748,-1069.2402393876,-1467.0790801266,
40535,-1066.6848429714,-1472.5440452177,-1069.9952197661,-1468.2697716543,
40536,-1066.4891562317,-1473.5960377560,-1070.7619883977,-1469.4707615290,
40537,-1066.2831662877,-1474.6469236513,-1071.5403489503,-1470.6729584231,
40538,-1066.0874794970,-1475.6989161816,-1072.3258795713,-1471.8746328731,
40539,-1065.8814895726,-1476.7509094163,-1073.1130253532,-1473.0684421322,
40540,-1065.6858027267,-1477.8029019397,-1073.8804811045,-1474.1498513448,
40541,-1065.4901158529,-1478.8548944599,-1074.6557097314,-1475.3312395454,
40542,-1065.2841258487,-1479.9068876815,-1075.4199019203,-1476.5114412010,
40543,-1065.0884389213,-1480.9588801937,-1076.1675759385,-1477.6813102063,
40544,-1064.8824488607,-1482.0108734082,-1076.8917070918,-1478.8351254585,
40545,-1064.6867618038,-1483.0617585667,-1077.5751830908,-1479.9750159470,
40546,-1064.4910747962,-1484.1137510680,-1078.2174457896,-1481.1043785489,
40547,-1064.2850846558,-1485.1657442698,-1078.8005375229,-1482.1082022525,
40548,-1064.0893975943,-1486.2177367627,-1079.3645498962,-1483.2339417923,
40549,-1063.8834073950,-1487.2697299579,-1079.8945457178,-1484.3697660030,
40551,-1063.4817300293,-1489.3737156304,-1080.3937807460,-1485.5188081188,
40552,-1063.2860427847,-1490.4246007620,-1081.3830039819,-1487.9662605463,
40553,-1063.0903555894,-1491.4765932363,-1082.0838773917,-1490.4790313965,
40554,-1062.8843652535,-1492.5285864119,-1082.2864356412,-1491.6279180286,
40555,-1062.6886780048,-1493.5805788782,-1082.4637387261,-1492.7987494046,
40556,-1062.4826876154,-1494.6325720457,-1082.6157126298,-1493.9521933352,
40557,-1062.2870003132,-1495.6845645044,-1082.7455827209,-1495.0843748606,
40558,-1062.0913129842,-1496.7365569597,-1082.8572947906,-1496.1847189804,
40559,-1061.8853225097,-1497.7885501156,-1082.9378151945,-1497.2446231783,
40560,-1061.6896350506,-1498.8394352168,-1082.9922861893,-1498.2614531665,
40563,-1061.0922696247,-1501.9954132404,-1083.0222095344,-1499.2337216334,
40564,-1060.8862790144,-1503.0474063769,-1083.0257781317,-1501.1748495866,
40565,-1060.6905914985,-1504.0993988051,-1082.9486078142,-1501.8945524185,
40566,-1060.4846008331,-1505.1513919334,-1082.8474675604,-1502.5566180908,
40567,-1060.2889131879,-1506.2022770082,-1082.7202271602,-1503.1679927784,
40568,-1060.0829224652,-1507.2542701288,-1082.5706148372,-1503.7269578334,
40569,-1059.8872348404,-1508.3062625422,-1082.4080785871,-1504.2211445176,
40570,-1059.6915471895,-1509.3582549524,-1082.2025257962,-1504.6981378467,
40571,-1059.4855563892,-1510.4102480600,-1081.9723895792,-1505.1462337944,
40572,-1059.2898686840,-1511.4622404628,-1081.7192669230,-1505.5662183792,
40573,-1059.0838778268,-1512.5142335633,-1081.4518117742,-1505.9529855013,
40574,-1058.8881899928,-1513.5651186114,-1080.8537033816,-1506.6159978407,
40575,-1058.6925022078,-1514.6171110019,-1080.5188548589,-1506.9087532189,
40576,-1058.4865112696,-1515.6691040912,-1080.1671825708,-1507.1931520458,
40577,-1058.2908234307,-1516.7210964746,-1079.8224062286,-1507.5015710187,
40578,-1058.0848324336,-1517.7730895557,-1079.4233918872,-1507.7968261090,
40579,-1057.8891445408,-1518.8250819303,-1079.0035443663,-1508.1041738140,
40580,-1057.6934566216,-1519.8770743027,-1078.6350663087,-1508.3819398598,
40582,-1057.2917774979,-1521.9799523897,-1078.1634221378,-1508.7879474762,
40583,-1057.0857863646,-1523.0319454514,-1077.6804303359,-1509.2538009567,
40584,-1056.8900983376,-1524.0839378080,-1077.1862109219,-1509.7522236328,
40585,-1056.6944102847,-1525.1359301610,-1076.6803635670,-1510.2925407080,
40586,-1056.4884190692,-1526.1879232109,-1076.1683264171,-1510.8643519629,
40587,-1056.2927309645,-1527.2399155560,-1075.6391779776,-1511.4778890736,
40588,-1056.0867396925,-1528.2919085976,-1075.0948250336,-1512.1472924715,
40589,-1055.8910514567,-1529.3427935891,-1074.5629936610,-1512.8737450833,
40590,-1055.6850601333,-1530.3947866231,-1074.0735692185,-1513.5500568735,
40591,-1055.4893719191,-1531.4467789535,-1072.9725674458,-1515.1915998544,
40592,-1055.2936836778,-1532.4987712798,-1072.4944945147,-1516.0740145405,
40593,-1055.0876922700,-1533.5507643015,-1072.0295825678,-1516.9837385497,
40594,-1054.8920039752,-1534.6027566206,-1071.5869320699,-1517.9351029202,
40595,-1054.6860125118,-1535.6547496351,-1071.1589579026,-1518.9125707299,
40597,-1054.2946357145,-1537.7576269066,-1070.7525051342,-1519.9341507017,
40598,-1054.0886441689,-1538.8096199089,-1070.3794626676,-1520.9913036480,
40599,-1053.8929557403,-1539.8616122090,-1070.0229307496,-1522.0699098520,
40600,-1053.6869641417,-1540.9136052045,-1069.6799618218,-1523.1610992646,
40601,-1053.4912756591,-1541.9655974962,-1069.3483724423,-1524.2662241082,
40602,-1053.2955871503,-1543.0175897849,-1069.0278006521,-1525.3741878526,
40603,-1053.0895954669,-1544.0695827678,-1068.5726846624,-1527.1056217336,
40604,-1052.8939068293,-1545.1204677018,-1068.2931086615,-1528.3131017382,
40605,-1052.6879150924,-1546.1724606775,-1068.0186604366,-1529.5367133948,
40607,-1052.2862346825,-1548.2764459177,-1067.7463909309,-1530.7726446409,
40608,-1052.0905460123,-1549.3284381833,-1067.4768660498,-1532.0173732878,
40609,-1051.8948573158,-1550.3804304454,-1067.2100338398,-1533.2748073174,
40610,-1051.6888654423,-1551.4324234002,-1066.9366199501,-1534.5429744323,
40611,-1051.4931766919,-1552.4844156548,-1066.6558752701,-1535.8511215493,
40612,-1051.2871846851,-1553.5353012557,-1066.3635942462,-1537.1816300066,
40613,-1051.0914958828,-1554.5872935025,-1066.0529558419,-1538.5324182742,
40614,-1050.8958070525,-1555.6392857452,-1065.7620235240,-1539.7187581089,
40615,-1050.6898150392,-1556.6912786818,-1065.0339122152,-1542.6353688789,
40616,-1050.4941261549,-1557.7432709170,-1064.5884233741,-1543.9591534396,
40617,-1050.2881340865,-1558.7952638450,-1064.1351887054,-1545.2642629999,
40618,-1050.0924451484,-1559.8472560731,-1063.6415570288,-1546.5637430983,
40619,-1049.8967561098,-1560.8981409504,-1063.1251871750,-1547.8404951709,
40621,-1049.4950749419,-1563.0021260831,-1062.5908058271,-1549.0910052372,
40622,-1049.2890827343,-1564.0541189915,-1062.0419565405,-1550.3105993156,
40624,-1048.8977045664,-1566.1581034050,-1061.4844317931,-1551.5028564150,
40625,-1048.6917122781,-1567.2100963021,-1060.9198503361,-1552.6648106690,
40626,-1048.4960231256,-1568.2620884990,-1059.7574042896,-1555.1173776742,
40627,-1048.2900307090,-1569.3129740413,-1059.2047548205,-1556.1518936711,
40628,-1048.0943415030,-1570.3649662315,-1058.6515411476,-1557.1616558502,
40629,-1047.8883491053,-1571.4169591118,-1058.0985566647,-1558.1518240145,
40630,-1047.6926598471,-1572.4689512950,-1057.5446887031,-1559.1202060182,
40631,-1047.4969705604,-1573.5209434734,-1056.9951320483,-1559.8878020233,
40632,-1047.2909780780,-1574.5729363424,-1056.4574396752,-1560.7486138305,
40633,-1047.0952887382,-1575.6249285131,-1055.9027394072,-1561.7476276217,
40634,-1046.8892961285,-1576.6758140274,-1055.3460733753,-1562.7688568617,
40635,-1046.6936067348,-1577.7278061906,-1054.7859365893,-1563.8032986734,
40636,-1046.4979173157,-1578.7797983507,-1054.2242953027,-1564.8357700099,
40637,-1046.2919246974,-1579.8317912002,-1053.6604473784,-1565.8605331052,
40638,-1046.0962352227,-1580.8837833522,-1053.0933014130,-1566.8525431207,
40639,-1045.8902425522,-1581.9357761939,-1052.5264618284,-1567.8229250715,
40640,-1045.6945530240,-1582.9877683383,-1051.9614200567,-1568.7662162613,
40641,-1045.4988634699,-1584.0397604788,-1051.3987443685,-1569.6931593416,
40642,-1045.2928706383,-1585.0906459624,-1050.8313958412,-1570.5982601699,
40643,-1045.0971810298,-1586.1426380946,-1050.2583961299,-1571.4718421118,
40644,-1044.8911882215,-1587.1946309169,-1049.7020397680,-1572.2491708585,
40645,-1044.6954985595,-1588.2466230422,-1048.4647527373,-1573.9990297585,
40646,-1044.4895056932,-1589.2986158565,-1047.8907933468,-1574.7939657311,
40647,-1044.2938159778,-1590.3506079740,-1047.3174998715,-1575.5742031526,
40648,-1044.0981262359,-1591.4026000887,-1046.7660333830,-1576.2602368404,
40649,-1043.8921332155,-1592.4534855440,-1046.2003312657,-1577.0319565476,
40651,-1043.4904504143,-1594.5574704454,-1045.6460788217,-1577.8218167676,
40652,-1043.2947605647,-1595.6094625435,-1045.2074216208,-1578.6470715294,
40653,-1043.0990706887,-1596.6614546385,-1044.0290985203,-1580.3394734867,
40654,-1042.8930776048,-1597.7134474219,-1042.9191614222,-1582.0759519588,
40655,-1042.6973876757,-1598.7654395092,-1042.4424514408,-1582.9051495685,
40656,-1042.4913945341,-1599.8174322845,-1041.9626066331,-1583.7279328457,
40659,-1041.8940212440,-1602.9723018569,-1041.4813246707,-1584.5502661215,
40660,-1041.6983311812,-1604.0242939253,-1040.9923555408,-1585.3560123626,
40661,-1041.4923379014,-1605.0762866799,-1040.4983434118,-1586.1620622523,
40662,-1041.2966477838,-1606.1282787414,-1039.9995057086,-1586.9587842808,
40663,-1041.1009576425,-1607.1802707984,-1038.9120017235,-1588.6111909292,
40664,-1040.8949642067,-1608.2311561956,-1038.4201651086,-1589.4428125914,
40666,-1040.4932805933,-1610.3351409804,-1037.9289753663,-1590.2828130239,
40667,-1040.2975903428,-1611.3871330230,-1037.4472431436,-1591.1351021717,
40668,-1040.0915968717,-1612.4391257507,-1036.9805523501,-1591.9985605298,
40669,-1039.8959065660,-1613.4911177852,-1036.5321572228,-1592.8836488960,
40670,-1039.7002162371,-1614.5431098150,-1036.1018736858,-1593.7877009154,
40671,-1039.4942226062,-1615.5939951849,-1035.6936073498,-1594.7128653603,
40672,-1039.2985322220,-1616.6459872078,-1035.2959409413,-1595.6466957021,
40673,-1039.0925386151,-1617.6979799160,-1034.9794774425,-1596.5428834871,
40674,-1038.8968481753,-1618.7499719316,-1033.7012848778,-1599.6308928832,
40677,-1038.2994735003,-1621.9059486434,-1033.2853457961,-1600.6035669988,
40678,-1038.0934797539,-1622.9579413321,-1032.3871113187,-1602.6095607887,
40679,-1037.8977891067,-1624.0088259826,-1031.9311219475,-1603.5410086698,
40681,-1037.4961046798,-1626.1128106514,-1031.4764491386,-1604.4657985452,
40682,-1037.3004140260,-1627.1648026366,-1030.9703811472,-1605.4191009218,
40683,-1037.0944201434,-1628.2167953052,-1030.4952165142,-1606.3484851705,
40685,-1036.6927354988,-1630.3207799439,-1030.0180244290,-1607.2623335283,
40686,-1036.4970446639,-1631.3716645674,-1028.0194282204,-1608.7506461906,
40687,-1036.3013538759,-1632.4236565337,-1027.6476100096,-1609.9527357685,
40689,-1035.8996690136,-1634.5276411406,-1027.2825202727,-1611.1888957337,
40690,-1035.6936749385,-1635.5796337819,-1026.9356065698,-1612.4641308702,
40692,-1035.3022931235,-1637.6836176805,-1026.6075703887,-1613.7691193945,
40693,-1035.0962989660,-1638.7356103099,-1026.2939607956,-1615.0959117454,
40694,-1034.9006079171,-1639.7864949030,-1026.0006911102,-1616.3267778465,
40695,-1034.6946137020,-1640.8384875252,-1025.7192557635,-1617.7079291200,
40696,-1034.4989226738,-1641.8904794564,-1025.2082782642,-1620.7075984214,
40697,-1034.3032316183,-1642.9424713851,-1024.9927352716,-1622.1718037731,
40698,-1034.0972373238,-1643.9944639945,-1024.7919589325,-1623.6670806517,
40700,-1033.6955518628,-1646.0984485179,-1024.6114314382,-1625.1962312815,
40701,-1033.4998606261,-1647.1493330839,-1024.4461949755,-1626.7614453547,
40702,-1033.3041694395,-1648.2013249936,-1024.2979719460,-1628.3708638121,
40703,-1033.0981750055,-1649.2533175835,-1024.1727900296,-1630.0199246597,
40704,-1032.9024837624,-1650.3053094848,-1024.0704317586,-1631.7112724871,
40705,-1032.6964892725,-1651.3573020680,-1023.9842327504,-1633.4399281697,
40706,-1032.5007979767,-1652.4092939612,-1023.9227720079,-1635.2090740163,
40707,-1032.2948034338,-1653.4612865359,-1023.8831454229,-1637.0077064499,
40708,-1032.0991120833,-1654.5132784222,-1023.8674002646,-1638.8103092602,
40709,-1031.9034206326,-1655.5641629582,-1023.8617969638,-1640.6611927816,
40710,-1031.6974260060,-1656.6161555212,-1023.9009256328,-1644.6342764259,
40711,-1031.5017345753,-1657.6681473966,-1023.9330493881,-1646.4784185952,
40712,-1031.2957398969,-1658.7201399513,-1023.9695282328,-1648.3055145334,
40713,-1031.1000484119,-1659.7721318183,-1024.2255297711,-1653.1903531911,
40714,-1030.9043569005,-1660.8241236822,-1024.2725015909,-1654.7854357031,
40715,-1030.6983621352,-1661.8761162264,-1024.2878509368,-1656.1494348803,
40718,-1030.1009840618,-1665.0309851192,-1024.3200186410,-1657.6898838565,
40719,-1029.9052924166,-1666.0829769638,-1024.3392218563,-1659.2237741098,
40720,-1029.6992975165,-1667.1349694871,-1024.3458628683,-1660.7457029797,
40721,-1029.5036058187,-1668.1869613240,-1024.3347063735,-1662.2469991497,
40722,-1029.2976108622,-1669.2389538399,-1024.3085338773,-1663.7081741763,
40723,-1029.1019191096,-1670.2909456693,-1024.0472071308,-1665.9663850096,
40724,-1028.9062272588,-1671.3418301484,-1024.0073762331,-1667.3290988992,
40725,-1028.7002322196,-1672.3938226530,-1023.9646141537,-1668.6627172172,
40727,-1028.2985452928,-1674.4978069670,-1023.9177670690,-1669.9585705521,
40728,-1028.1028534061,-1675.5497987770,-1023.8705866767,-1671.2121541989,
40729,-1027.8968582587,-1676.6017912658,-1023.7618422848,-1673.7901636307,
40730,-1027.7011663181,-1677.6537830680,-1023.7430877945,-1675.3336969698,
40731,-1027.5054742795,-1678.7046675206,-1023.6447209582,-1676.3869116175,
40732,-1027.2994790494,-1679.7566599972,-1023.5333617137,-1677.4383779095,
40735,-1026.7020996676,-1682.9126360411,-1023.4119684697,-1678.4931690185,
40736,-1026.5064075665,-1683.9646278213,-1023.2816512140,-1679.5436402876,
40737,-1026.3004121977,-1685.0166202782,-1023.1279968625,-1680.6004688550,
40738,-1026.1047200443,-1686.0686120510,-1022.9870978275,-1681.6537970219,
40739,-1025.8987245476,-1687.1194971531,-1022.7050131800,-1683.8470649719,
40740,-1025.7030323394,-1688.1714889180,-1022.4276870152,-1685.8156801959,
40742,-1025.3013445975,-1690.2754731159,-1022.2720225151,-1686.5954344809,
40743,-1025.1056523116,-1691.3274648703,-1022.1052676792,-1687.3299852677,
40744,-1024.8996567490,-1692.3794572990,-1021.9282974305,-1688.0277350537,
40745,-1024.7039644076,-1693.4314490453,-1021.7444738989,-1688.5343218335,
40746,-1024.4979687198,-1694.4823341207,-1021.3483080859,-1689.9804942844,
40747,-1024.3022763236,-1695.5343258584,-1021.1559711033,-1690.6760573840,
40748,-1024.1065839007,-1696.5863175936,-1020.9694090478,-1691.3936514978,
40751,-1023.4988999728,-1699.7422941319,-1020.7863101510,-1692.1257965477,
40752,-1023.3032074429,-1700.7942858519,-1020.6291145611,-1692.8677729967,
40753,-1023.1075148128,-1701.8451702200,-1020.2741088812,-1694.5388283612,
40754,-1022.9015189778,-1702.8971626100,-1019.9548129755,-1696.2224464624,
40755,-1022.7058263689,-1703.9491543183,-1019.8247377939,-1696.9441515191,
40756,-1022.4998304776,-1705.0011467001,-1019.7076561882,-1697.6585052083,
40757,-1022.3041378135,-1706.0531384007,-1019.6007677108,-1698.3814223077,
40758,-1022.1084451225,-1707.1051300975,-1019.5058668721,-1699.1191615093,
40761,-1021.5007603037,-1710.2599991735,-1019.4308578554,-1699.8715143529,
40762,-1021.3050675062,-1711.3119908546,-1019.3787298513,-1700.6453697164,
40763,-1021.1093746812,-1712.3639825317,-1019.3425474663,-1701.4296868600,
40764,-1020.9033785723,-1713.4159748829,-1019.3166536664,-1702.2232585128,
40765,-1020.7076856941,-1714.4679665522,-1019.2955158213,-1703.0191763751,
40766,-1020.5016895275,-1715.5199588958,-1019.3015801189,-1703.6779953665,
40767,-1020.3059965960,-1716.5719505581,-1019.2791195895,-1704.4525987531,
40768,-1020.1000003028,-1717.6228355467,-1019.2566378974,-1705.3171932311,
40769,-1019.9043073169,-1718.6748272015,-1019.2333677172,-1706.2059007303,
40770,-1019.7086143059,-1719.7268188526,-1019.2061051418,-1707.1189104994,
40771,-1019.5026180006,-1720.7788111756,-1019.1704718452,-1708.0567775213,
40772,-1019.3069249344,-1721.8308028185,-1019.1197504036,-1709.0231125906,
40773,-1019.1009285749,-1722.8827951338,-1019.0544353805,-1710.0204291401,
40774,-1018.9052354585,-1723.9347867706,-1018.9707360076,-1711.0513642088,
40775,-1018.7095423121,-1724.9867784021,-1018.8524947017,-1712.1000933629,
40777,-1018.3078525980,-1727.0896549844,-1018.7347213246,-1713.1685277742,
40778,-1018.1018561027,-1728.1416472798,-1018.4490213662,-1715.4139345751,
40779,-1017.9061628497,-1729.1936388969,-1018.2895107447,-1716.5346773211,
40780,-1017.7104695695,-1730.2456305095,-1017.9580138287,-1718.8660820708,
40781,-1017.5044729894,-1731.2976227930,-1017.7981382033,-1720.0194550762,
40782,-1017.3087796553,-1732.3496143989,-1017.5091507632,-1722.4022146732,
40783,-1017.1027829519,-1733.4004993290,-1017.3641474629,-1723.5504620387,
40784,-1016.9070895639,-1734.4524909269,-1017.2146504790,-1724.6983975767,
40787,-1016.3097059659,-1737.6084663715,-1017.0714778053,-1725.8321346319,
40788,-1016.1037091948,-1738.6604586284,-1016.9308467333,-1726.9539963741,
40789,-1015.9080156730,-1739.7124502073,-1016.8092141131,-1727.9733953485,
40790,-1015.7020188465,-1740.7644424553,-1016.6696100958,-1729.0989057284,
40791,-1015.5063252001,-1741.8153266809,-1016.5245861105,-1730.2333736979,
40792,-1015.3106315981,-1742.8673182484,-1016.3706176090,-1731.3723470586,
40793,-1015.1046346901,-1743.9193104849,-1016.2114228612,-1732.5124905674,
40794,-1014.9089410346,-1744.9713020448,-1016.0471449411,-1733.6416225160,
40795,-1014.7029440719,-1746.0232942735,-1015.8803486597,-1734.7530758198,
40796,-1014.5072503625,-1747.0752858255,-1015.7058963532,-1735.7662986719,
40797,-1014.3115566259,-1748.1272773742,-1015.5377014143,-1736.8387088858,
40798,-1014.1055595076,-1749.1781622461,-1015.3714326179,-1737.9079292469,
40799,-1013.9098657179,-1750.2301537866,-1015.2081091413,-1738.9722419611,
40800,-1013.7038686178,-1751.2821459954,-1015.0259733326,-1739.9703615141,
40801,-1013.5081747743,-1752.3341375289,-1014.8737088168,-1741.0177984782,
40802,-1013.3124809039,-1753.3861290581,-1014.7332483825,-1742.0587178259,
40803,-1013.1064837227,-1754.4381212561,-1014.6000210323,-1743.0158339801,
40804,-1012.9107897989,-1755.4901127773,-1014.4856954637,-1744.0553036781,
40805,-1012.7047925601,-1756.5421049672,-1014.3912128000,-1745.1036495017,
40806,-1012.5090985103,-1757.5929891352,-1014.3142449628,-1746.1647588908,
40807,-1012.3031012163,-1758.6449813174,-1014.2516516852,-1747.2394443006,
40808,-1012.1074071851,-1759.6969728240,-1014.2030516935,-1748.3235092287,
40810,-1011.7057157521,-1761.8009564968,-1014.1698653867,-1749.3999880340,
40811,-1011.5100216407,-1762.8529479924,-1014.1895880229,-1750.3781786300,
40812,-1011.3040242117,-1763.9049401546,-1014.1808122151,-1752.5747919303,
40814,-1010.9126357825,-1766.0078157794,-1014.2296953199,-1753.5989562687,
40815,-1010.7066382671,-1767.0598079305,-1014.3442465501,-1755.7007538270,
40816,-1010.5109440232,-1768.1117994064,-1014.4638525416,-1756.6675178288,
40817,-1010.3049464553,-1769.1637915490,-1014.6100029325,-1757.6578245869,
40818,-1010.1092521561,-1770.2157830172,-1014.7609429530,-1758.6363473595,
40819,-1009.9135578306,-1771.2677744824,-1015.0799711103,-1760.5565965812,
40821,-1009.5118657279,-1773.3706507248,-1015.2658943244,-1761.3965034838,
40822,-1009.3058680242,-1774.4226428470,-1015.4559671452,-1762.2130314778,
40823,-1009.1101735909,-1775.4746342968,-1015.6464189114,-1763.0060043841,
40824,-1008.9041758275,-1776.5266264114,-1016.2207263831,-1765.4045081804,
40828,-1008.1110943475,-1780.7334854798,-1016.3718117416,-1766.0364934616,
40829,-1007.9050964483,-1781.7854775754,-1016.6958648459,-1767.2950441719,
40830,-1007.7094018274,-1782.8374689986,-1016.8479057697,-1767.8561652982,
40831,-1007.5137071797,-1783.8894604175,-1017.1928185623,-1769.0038570597,
40832,-1007.3077092011,-1784.9414525008,-1017.3280271916,-1769.4304458738,
40834,-1006.9060164620,-1787.0454359885,-1017.5153501259,-1769.9989741000,
40835,-1006.7103217069,-1788.0974273928,-1018.2497004244,-1771.9655820414,
40838,-1006.1129339026,-1791.2522949034,-1018.4760846807,-1772.7588235147,
40839,-1005.9069357298,-1792.3042869597,-1018.6970506027,-1773.5887615519,
40840,-1005.7112408410,-1793.3562783442,-1018.9065685497,-1774.4489155308,
40841,-1005.5155459253,-1794.4082697260,-1019.0988683693,-1775.3327416867,
40842,-1005.3095476706,-1795.4602617700,-1019.2725490292,-1776.2429975699,
40843,-1005.1138526309,-1796.5111457973,-1019.4250946533,-1777.1627947238,
40844,-1004.9078543169,-1797.5631378336,-1019.5926164015,-1778.0442047348,
40845,-1004.7121592951,-1798.6151292001,-1019.6744019934,-1778.9881339726,
40846,-1004.5061609297,-1799.6671212284,-1019.7170941071,-1779.9435775259,
40847,-1004.3104658532,-1800.7191125872,-1019.7208381078,-1780.9096072668,
40848,-1004.1147707500,-1801.7711039422,-1019.6410266312,-1783.0148000296,
40849,-1003.9087723024,-1802.8230959582,-1019.4721023047,-1783.9728760048,
40850,-1003.7130770744,-1803.8739799594,-1019.2587985357,-1784.9261675806,
40851,-1003.5070785704,-1804.9259719679,-1018.9872717015,-1785.7231282006,
40853,-1003.1156881252,-1807.0299546433,-1018.6982218068,-1786.6899571963,
40854,-1002.9096895376,-1808.0819466403,-1018.3766827824,-1787.6766150196,
40855,-1002.7139942463,-1809.1339379688,-1018.0267131480,-1788.6849486020,
40856,-1002.5079956064,-1810.1859299584,-1017.6458294289,-1789.7237711220,
40858,-1002.1166048205,-1812.2888052495,-1017.2420790790,-1790.8029814590,
40859,-1001.9106060967,-1813.3407972263,-1016.8199745320,-1791.9159571065,
40860,-1001.7149106717,-1814.3927885354,-1015.9608588508,-1794.3814200058,
40861,-1001.5089118924,-1815.4447805050,-1015.4514512052,-1795.6324339393,
40862,-1001.3132164155,-1816.4967718062,-1014.9209569433,-1796.9154822740,
40863,-1001.1072175818,-1817.5487637688,-1014.3641646055,-1798.2327060312,
40864,-1000.9115220490,-1818.6007550620,-1013.7791579518,-1799.5918563182,
40865,-1000.7158264192,-1819.6516390062,-1013.1563308355,-1800.8240409159,
40866,-1000.5098275054,-1820.7036309562,-1012.5486430830,-1802.2947623961,
40867,-1000.3141318931,-1821.7556222391,-1011.9404070189,-1803.8168218932,
40868,-1000.1081329216,-1822.8076141806,-1011.3274514255,-1805.2621854821,
40869,-999.9124372546,-1823.8596054553,-1008.4392425451,-1815.6900602288,
40870,-999.7167415620,-1824.9115967264,-1007.8865895098,-1817.3538302260,
40871,-999.5107425095,-1825.9635886571,-1007.3552937332,-1819.0074966621,
40872,-999.3150467631,-1827.0155799207,-1006.8515215693,-1820.4778036985,
40873,-999.1090475829,-1828.0664644968,-1005.8254071301,-1824.0460330008,
40874,-998.9133517829,-1829.1184557523,-1005.3905225386,-1825.6569013921,
40875,-998.7176559557,-1830.1704470046,-1004.9687308727,-1827.2551848889,
40876,-998.5116567671,-1831.2224389155,-1004.5621633187,-1828.8363406947,
40877,-998.3159608864,-1832.2744301593,-1004.1621552011,-1830.4054747365,
40878,-998.1099616401,-1833.3264220622,-1003.7736092808,-1831.9506808182,
40881,-997.5125703463,-1836.4812890778,-1003.3865523767,-1833.4662141444,
40882,-997.3168743320,-1837.5332803031,-1003.0030137134,-1834.9448211832,
40883,-997.1108749482,-1838.5852721859,-1002.6200562674,-1836.3748973634,
40884,-996.9151788800,-1839.6372634037,-1002.2362899442,-1837.7558907833,
40885,-996.7091794428,-1840.6892552786,-1001.8633221193,-1838.9411837257,
40886,-996.5134833214,-1841.7412464891,-1001.4638157139,-1840.1080372013,
40887,-996.3177871728,-1842.7932376958,-1001.0748303723,-1841.3665701848,
40888,-996.1117875815,-1843.8441222130,-1000.6893884733,-1842.5935665775,
40889,-995.9160913794,-1844.8961134126,-1000.3037380037,-1843.7900756446,
40890,-995.7100918036,-1845.9481052682,-999.9208970787,-1844.9541137685,
40891,-995.5143955472,-1847.0000964586,-999.1067624192,-1847.3715446790,
40892,-995.5143955472,-1847.0000964586,-998.7770759706,-1848.2349133127,
40893,-995.5143955472,-1847.0000964586,-998.3959991045,-1849.1411295681,
40894,-995.5143955472,-1847.0000964586,-998.0066955979,-1850.0019300419,
40895,-995.5143955472,-1847.0000964586,-997.6105654545,-1850.8178548249,
40896,-995.5143955472,-1847.0000964586,-996.7815966919,-1852.4708611239,
40897,-995.5143955472,-1847.0000964586,-996.4657446193,-1852.8709367871,
40898,-995.5143955472,-1847.0000964586,-996.1780869572,-1853.1105727429,
40899,-995.5143955472,-1847.0000964586,-995.9043540025,-1853.3895007346,
40900,-995.5143955472,-1847.0000964586,-995.6444182936,-1853.6040330168,
40901,-995.5143955472,-1847.0000964586,-995.4121364550,-1853.7608535215,
40902,-995.5143955472,-1847.0000964586,-995.2270638867,-1853.8560514689,
40905,-995.5143955472,-1847.0000964586,-995.0501946715,-1853.9432357975,
40906,-995.5143955472,-1847.0000964586,-994.8972748795,-1854.0038307520,
40907,-995.5143955472,-1847.0000964586,-994.6420769624,-1854.0772296049,
40909,-995.5143955472,-1847.0000964586,-994.5629466418,-1854.0895869903,
40910,-995.5143955472,-1847.0000964586,-994.4970715921,-1854.0961399784,
40911,-995.5143955472,-1847.0000964586,-994.4493276696,-1854.0927965677,
40912,-995.5143955472,-1847.0000964586,-994.3888809139,-1854.0390770816,
40913,-995.5143955472,-1847.0000964586,-994.3210688881,-1853.9733810694,
40914,-995.5143955472,-1847.0000964586,-994.2524681177,-1853.9183784657,
40915,-995.5143955472,-1847.0000964586,-994.1762753138,-1853.8759352533,
40916,-995.5143955472,-1847.0000964586,-994.0838134845,-1853.8398598020,
40918,-995.5143955472,-1847.0000964586,-993.9902719510,-1853.8104760601,
40919,-995.5143955472,-1847.0000964586,-993.8915144093,-1853.8187639651,
40920,-995.5143955472,-1847.0000964586,-993.7902339967,-1853.8078222965,
40921,-995.5143955472,-1847.0000964586,-993.6800764601,-1853.7748585613,
40922,-995.5143955472,-1847.0000964586,-993.4621159687,-1853.6776315193,
40923,-995.5143955472,-1847.0000964586,-993.3495089433,-1853.6473524235,
40924,-995.5143955472,-1847.0000964586,-993.2238009156,-1853.6286317728,
40925,-995.5143955472,-1847.0000964586,-993.0872702724,-1853.6308057885,
40926,-995.5143955472,-1847.0000964586,-992.9462036491,-1853.6318210958,
40928,-995.5143955472,-1847.0000964586,-992.7812693064,-1853.6743908461,
40929,-995.5143955472,-1847.0000964586,-992.6036976702,-1853.7254852969,
40930,-995.5143955472,-1847.0000964586,-992.4162595629,-1853.7875386572,
40931,-995.5143955472,-1847.0000964586,-992.2167286824,-1853.8612914642,
40932,-995.5143955472,-1847.0000964586,-991.7447610014,-1854.0290547312,
40933,-995.5143955472,-1847.0000964586,-991.5256367094,-1854.1856771947,
40934,-995.5143955472,-1847.0000964586,-991.3121289156,-1854.3407844574,
40935,-995.5143955472,-1847.0000964586,-991.1090838868,-1854.5164721480,
40937,-995.5143955472,-1847.0000964586,-990.8845183429,-1854.8120434934,
40938,-995.5143955472,-1847.0000964586,-990.7075546851,-1855.0014321053,
40939,-995.5143955472,-1847.0000964586,-990.5690830858,-1855.1466593386,
40940,-995.5143955472,-1847.0000964586,-990.4114167594,-1855.3134131609,
40941,-995.5143955472,-1847.0000964586,-990.2640929805,-1855.4764420617,
40942,-995.5143955472,-1847.0000964586,-990.1180976202,-1855.6441751504,
40943,-995.5143955472,-1847.0000964586,-989.9830464483,-1855.8177905057,
40944,-995.5143955472,-1847.0000964586,-989.8432296809,-1856.0038162008,
40945,-995.5143955472,-1847.0000964586,-989.5303865124,-1856.4297409532,
40946,-995.5143955472,-1847.0000964586,-989.2827218161,-1856.4760407789,
40947,-995.5143955472,-1847.0000964586,-989.1677000456,-1856.5780387391,
40948,-995.5143955472,-1847.0000964586,-989.0611985704,-1856.6760821514,
40949,-995.5143955472,-1847.0000964586,-988.9568381311,-1856.7578121302,
