110987,-953.2773937041,-1954.8584711104,-972.3293452674,-1919.4562188524,
110988,-953.2773937041,-1954.8584711104,-976.8336845083,-1919.7916257795,
110989,-953.2773937041,-1954.8584711104,-977.6659131178,-1924.5634629266,
110990,-953.2773937041,-1954.8584711104,-978.5639021954,-1924.3931085292,
110991,-953.2773937041,-1954.8584711104,-972.5210221614,-1932.5883100625,
110992,-953.2773937041,-1954.8584711104,-969.3151238171,-1933.2403012748,
110993,-953.2773937041,-1954.8584711104,-969.7556733947,-1934.7755077904,
110994,-953.2773937041,-1954.8584711104,-966.3040296815,-1927.3235799948,
110995,-953.2773937041,-1954.8584711104,-962.1549036001,-1915.0891373559,
110996,-953.2773937041,-1954.8584711104,-959.6168256854,-1911.6130896077,
110997,-953.2773937041,-1954.8584711104,-959.3188294645,-1911.5604028484,
110998,-953.2773937041,-1954.8584711104,-956.7324409493,-1908.6182068945,
110999,-953.2773937041,-1954.8584711104,-954.8353187827,-1906.3589127658,
111000,-953.2773937041,-1954.8584711104,-954.4902155589,-1906.9913498020,
111001,-953.2773937041,-1954.8584711104,-953.5177721984,-1908.2902700648,
111002,-953.2773937041,-1954.8584711104,-953.2997278327,-1909.2487581417,
111003,-953.2773937041,-1954.8584711104,-953.1642981550,-1909.8985333169,
111004,-953.2773937041,-1954.8584711104,-952.7958092665,-1910.2925988825,
111005,-953.2773937041,-1954.8584711104,-952.2323834448,-1910.2926742993,
111006,-953.2773937041,-1954.8584711104,-952.4240366305,-1910.1989852002,
111007,-953.2773937041,-1954.8584711104,-952.2495211964,-1910.3841350556,
111008,-953.2773937041,-1954.8584711104,-952.3030659535,-1910.3682017343,
111009,-953.2773936361,-1954.8573637644,-952.4648353149,-1910.4168606333,
111010,-953.2773936361,-1954.8573637644,-952.7846469899,-1910.7456434916,
111011,-953.2773936361,-1954.8573637644,-952.7813511979,-1910.6712045642,
111012,-953.2773936361,-1954.8573637644,-952.3845367231,-1909.9035685160,
111013,-953.2773936361,-1954.8573637644,-951.8373410662,-1909.4202731068,
111014,-953.2773936361,-1954.8573637644,-950.7096788035,-1908.4040916104,
111015,-953.2773936361,-1954.8573637644,-948.9570739178,-1907.5751600383,
111016,-953.2773936361,-1954.8573637644,-948.3771986490,-1908.9969668239,
111017,-953.2773936361,-1954.8573637644,-947.1553496366,-1906.1708512104,
111018,-953.2773936361,-1954.8573637644,-944.7782964426,-1902.4403370191,
111019,-953.2773936361,-1954.8573637644,-944.2779759104,-1902.4877938038,
111020,-953.2773936361,-1954.8573637644,-943.9678259212,-1901.6190292094,
111021,-953.2773936361,-1954.8573637644,-943.5226250780,-1900.6452157689,
111022,-953.2773936361,-1954.8573637644,-943.2226267150,-1899.8449036289,
111023,-953.2773936361,-1954.8573637644,-943.0461425666,-1899.8124500441,
111024,-953.2773936361,-1954.8573637644,-942.6233104300,-1900.1211797716,
111025,-953.2773936361,-1954.8573637644,-942.5466754247,-1899.3885243174,
111026,-953.2773936361,-1954.8573637644,-942.1266561546,-1899.0974479295,
111027,-953.2773936361,-1954.8573637644,-942.4519534106,-1899.0295503947,
111028,-953.2773936361,-1954.8573637644,-942.5062231371,-1897.7686690686,
111029,-953.2773936361,-1954.8573637644,-942.5696500152,-1897.7627369919,
111030,-953.2773936361,-1954.8573637644,-942.4716882612,-1897.2499740996,
111031,-953.2773936361,-1954.8573637644,-942.3780238770,-1895.7722567380,
111032,-953.2773936361,-1954.8573637644,-942.4170669409,-1896.4456027991,
111033,-953.2773936361,-1954.8573637644,-942.1689522760,-1893.6748145305,
111034,-953.2773936361,-1954.8573637644,-942.1130281198,-1892.8603496084,
111035,-953.2773936361,-1954.8573637644,-940.9812911861,-1888.8871129965,
111036,-953.2773936361,-1954.8573637644,-940.9885686626,-1890.6245427298,
111037,-953.2773936361,-1954.8573637644,-939.8496439175,-1885.9477142139,
111038,-953.2773936361,-1954.8573637644,-939.8709347991,-1888.9309054350,
111039,-953.2773936361,-1954.8573637644,-940.4245343977,-1892.1716924594,
111040,-953.2773936361,-1954.8573637644,-940.3447611652,-1897.6549267924,
111041,-953.2773936361,-1954.8573637644,-940.0940821078,-1897.8820162053,
111042,-953.2773936361,-1954.8573637644,-939.4030410099,-1898.2914221784,
111043,-953.2773936361,-1954.8573637644,-938.4227070638,-1898.9867515916,
111044,-953.2773936361,-1954.8573637644,-937.9886931077,-1899.3792274625,
111045,-953.2773936361,-1954.8573637644,-938.1373930199,-1899.4092815384,
111046,-953.2773936361,-1954.8573637644,-938.0445153944,-1899.5457000142,
111047,-953.2773936361,-1954.8573637644,-937.4787471949,-1899.5285287369,
111048,-953.2773936361,-1954.8573637644,-936.6517495625,-1899.7456008518,
111049,-953.2773936361,-1954.8573637644,-936.7676264537,-1899.5392256537,
111050,-953.2773936361,-1954.8573637644,-938.0142707720,-1899.3002919572,
111051,-953.2773936361,-1954.8573637644,-937.8859490908,-1899.3147052128,
111052,-953.2773936361,-1954.8573637644,-937.2537802597,-1899.3226221441,
111053,-953.2773936361,-1954.8573637644,-938.3112942464,-1899.8783109431,
111054,-953.2773936361,-1954.8573637644,-938.6608497865,-1901.3848542275,
111055,-953.2773936361,-1954.8573637644,-939.1383149718,-1901.9720184833,
111056,-953.2773936361,-1954.8573637644,-939.3182334967,-1902.5008816744,
111057,-953.2773936361,-1954.8573637644,-939.6210724097,-1903.4212918800,
111058,-953.2773936361,-1954.8573637644,-939.5122413051,-1903.5760547253,
111059,-953.2773936361,-1954.8573637644,-940.1885036139,-1903.7216602531,
111060,-953.2773936361,-1954.8573637644,-940.7733884903,-1903.7182710342,
111061,-953.2773936361,-1954.8573637644,-941.7213904149,-1903.2815542630,
111062,-953.2773936361,-1954.8573637644,-942.6339795028,-1903.4110761815,
111063,-953.2773936361,-1954.8573637644,-943.6086480326,-1902.8393185807,
111064,-953.2773936361,-1954.8573637644,-944.5103221990,-1902.9038982105,
111065,-953.2773936361,-1954.8573637644,-944.8200928730,-1903.1578601361,
111066,-953.2773936361,-1954.8573637644,-944.8398786662,-1903.0343498221,
111067,-953.2773936361,-1954.8573637644,-944.8907959817,-1902.7871170354,
111068,-953.2773936361,-1954.8573637644,-944.8620236725,-1903.3433127519,
111069,-953.2773935681,-1954.8562564183,-944.3434797882,-1903.5636658830,
111070,-953.2773935681,-1954.8562564183,-944.3475070500,-1903.4135952935,
111071,-953.2773935681,-1954.8562564183,-944.2548545721,-1903.3096750226,
111072,-953.2773935681,-1954.8562564183,-943.7038156293,-1903.4118435022,
111073,-953.2773935681,-1954.8562564183,-943.3258877320,-1903.1396554141,
111074,-953.2773935681,-1954.8562564183,-943.4614608465,-1902.9539073812,
111075,-953.2773935681,-1954.8562564183,-943.1614599852,-1903.3537278596,
111076,-953.2773935681,-1954.8562564183,-943.2771305510,-1903.4569557420,
111077,-953.2773935681,-1954.8562564183,-943.0385517123,-1903.2053914512,
111078,-953.2773935681,-1954.8562564183,-943.4883485128,-1902.8167681660,
111079,-953.2773935681,-1954.8562564183,-943.9907681907,-1903.0277041741,
111080,-953.2773935681,-1954.8562564183,-944.5161596454,-1902.0741337497,
111081,-953.2773935681,-1954.8562564183,-945.3900079349,-1901.4068124966,
111082,-953.2773935681,-1954.8562564183,-945.1481236062,-1901.3608698323,
111083,-953.2773935681,-1954.8562564183,-945.3801185075,-1900.9051835074,
111084,-953.2773935681,-1954.8562564183,-944.6347664258,-1897.9450487618,
111085,-953.2773935681,-1954.8562564183,-944.9266163050,-1899.4061426380,
111086,-953.2773935681,-1954.8562564183,-945.4392915171,-1900.6949830231,
111087,-953.2773935681,-1954.8562564183,-945.6599931211,-1901.3580186412,
111088,-953.2773935681,-1954.8562564183,-945.6575673736,-1901.2561918609,
111089,-953.2773935681,-1954.8562564183,-945.7763178709,-1901.4052530675,
111090,-953.2773935681,-1954.8562564183,-945.6882754547,-1900.7326055588,
111091,-953.2773935681,-1954.8562564183,-946.4245863641,-1900.7481364773,
111092,-953.2773935681,-1954.8562564183,-946.6473851270,-1900.0396909937,
111093,-953.2773935681,-1954.8562564183,-946.6917374595,-1899.3359380192,
111094,-953.2773935681,-1954.8562564183,-946.7329675405,-1897.0267379470,
111095,-953.2773935681,-1954.8562564183,-946.7527767636,-1896.6135192135,
111096,-953.2773935681,-1954.8562564183,-945.9629888811,-1894.7361099693,
111097,-953.2773935681,-1954.8562564183,-946.1151943502,-1893.9392536085,
111098,-953.2773935681,-1954.8562564183,-944.6251063503,-1887.2643187916,
111099,-953.2773935681,-1954.8562564183,-943.9387185521,-1884.7527053774,
111100,-953.2773935681,-1954.8562564183,-945.4003004688,-1882.6215236073,
111101,-953.2773935681,-1954.8562564183,-946.7479495227,-1882.9929696846,
111102,-953.2773935681,-1954.8562564183,-946.2693491808,-1880.1254111907,
111103,-953.2773935681,-1954.8562564183,-946.6526592828,-1880.0951145415,
111104,-953.2773935681,-1954.8562564183,-947.2615833261,-1879.3881061193,
111105,-953.2773935681,-1954.8562564183,-947.3215250807,-1878.5707374452,
111106,-953.2773935681,-1954.8562564183,-947.5046913629,-1878.1752252798,
111107,-953.2773935681,-1954.8562564183,-947.7217325538,-1879.9342232289,
111108,-953.2773935681,-1954.8562564183,-947.4764184722,-1879.3986567339,
111109,-953.2773935681,-1954.8562564183,-947.4206930392,-1880.8106460448,
111110,-953.2773935681,-1954.8562564183,-947.8353289801,-1885.7121817636,
111111,-953.2773935681,-1954.8562564183,-948.4922239831,-1891.3344137657,
111112,-953.2773935681,-1954.8562564183,-948.5358163897,-1894.1509192398,
111113,-953.2773935681,-1954.8562564183,-948.4502761624,-1894.5428233121,
111114,-953.2773935681,-1954.8562564183,-949.5043871648,-1908.2297857452,
111115,-953.2773935681,-1954.8562564183,-949.2953437342,-1908.9283732462,
111116,-953.2773935681,-1954.8562564183,-948.7923534240,-1908.3541117077,
111117,-953.2773935681,-1954.8562564183,-948.4694045091,-1909.1664668540,
111118,-953.2773935681,-1954.8562564183,-948.5203584195,-1910.5100578963,
111119,-953.2773935681,-1954.8562564183,-948.2785482096,-1911.1475480778,
111120,-953.2773935681,-1954.8562564183,-949.0637724471,-1913.6764544976,
111121,-953.2773935681,-1954.8562564183,-949.4408934256,-1912.1517409179,
111122,-953.2773935681,-1954.8562564183,-949.3625523379,-1911.9970644316,
111123,-953.2773935681,-1954.8562564183,-950.0877463447,-1912.2382208663,
111124,-953.2773935681,-1954.8562564183,-950.1092566125,-1912.0030323545,
111125,-953.2773935681,-1954.8562564183,-950.2936064469,-1910.3340711628,
111126,-953.2773935681,-1954.8562564183,-950.6664464950,-1909.9688179358,
111127,-953.2773935681,-1954.8562564183,-950.4561648616,-1912.2166638328,
111128,-953.2773935681,-1954.8562564183,-950.4407340594,-1912.4612734401,
111129,-953.2773935004,-1954.8551490726,-950.1841557939,-1914.4496602631,
111130,-953.2773935004,-1954.8551490726,-949.7385798013,-1913.3938028661,
111131,-953.2773935004,-1954.8551490726,-946.8184465690,-1897.9104403041,
111132,-953.2773935004,-1954.8551490726,-942.2296073028,-1871.4380032376,
111133,-953.2773935004,-1954.8551490726,-942.1148680144,-1869.8008638760,
111134,-953.2773935004,-1954.8551490726,-942.0587329559,-1869.5299051708,
111135,-953.2773935004,-1954.8551490726,-942.3996839754,-1868.9905082773,
111136,-953.2773935004,-1954.8551490726,-942.6852102577,-1868.7366989267,
111137,-953.2773935004,-1954.8551490726,-942.6704965480,-1868.5727472044,
111138,-953.2773935004,-1954.8551490726,-942.3801827224,-1868.0082466341,
111139,-953.2773935004,-1954.8551490726,-942.4663544074,-1867.6465946192,
111140,-953.2773935004,-1954.8551490726,-942.7956461984,-1867.1497981684,
111141,-953.2773935004,-1954.8551490726,-944.6942288665,-1865.5995732298,
111142,-953.2773935004,-1954.8551490726,-945.7561165815,-1865.5362258343,
111143,-953.2773935004,-1954.8551490726,-945.6974857295,-1864.6160537159,
111144,-953.2773935004,-1954.8551490726,-945.0613710751,-1865.4745119635,
111145,-953.2773935004,-1954.8551490726,-945.2616685825,-1865.7878785775,
111146,-953.2773935004,-1954.8551490726,-945.1088421267,-1865.4835703301,
111147,-953.2773935004,-1954.8551490726,-945.3316054928,-1865.9471171774,
111148,-953.2773935004,-1954.8551490726,-945.0436466525,-1865.8326677895,
111149,-953.2773935004,-1954.8551490726,-945.0625160085,-1865.9920014954,
111150,-953.2773935004,-1954.8551490726,-944.8822353668,-1865.9603008909,
111151,-953.2773935004,-1954.8551490726,-944.4035057881,-1866.6300309326,
111152,-953.2773935004,-1954.8551490726,-943.8967547607,-1866.8591262961,
111153,-953.2773935004,-1954.8551490726,-942.9285543451,-1866.7819839962,
111154,-953.2773935004,-1954.8551490726,-942.6893539762,-1866.5241922802,
111155,-953.2773935004,-1954.8551490726,-942.6174671244,-1866.2635527654,
111156,-953.2773935004,-1954.8551490726,-942.7582434497,-1866.0620220653,
111157,-953.2773935004,-1954.8551490726,-943.1952613375,-1866.2812257334,
111158,-953.2773935004,-1954.8551490726,-943.1031482763,-1866.3572588319,
111159,-953.2773935004,-1954.8551490726,-943.2790398649,-1865.7650982675,
111160,-953.2773935004,-1954.8551490726,-943.4275823575,-1865.6648377475,
111161,-953.2773935004,-1954.8551490726,-944.0958722512,-1866.0983120797,
111162,-953.2773935004,-1954.8551490726,-945.0091393464,-1866.5022993304,
111163,-953.2773935004,-1954.8551490726,-945.1224746474,-1866.7955918580,
111164,-953.2773935004,-1954.8551490726,-945.4279688126,-1867.1062142299,
111165,-953.2773935004,-1954.8551490726,-945.8469712257,-1867.1191883031,
111166,-953.2773935004,-1954.8551490726,-946.1871210182,-1869.2225476444,
111167,-953.2773935004,-1954.8551490726,-946.4011026467,-1870.1403110443,
111168,-953.2773935004,-1954.8551490726,-946.5573693904,-1870.0594674560,
111169,-953.2773935004,-1954.8551490726,-945.6373415244,-1872.1294490710,
111170,-953.2773935004,-1954.8551490726,-946.0648397861,-1878.5022094320,
111171,-953.2773935004,-1954.8551490726,-947.4378590592,-1879.1259481627,
111172,-953.2773935004,-1954.8551490726,-948.3821342486,-1880.3204734768,
111173,-953.2773935004,-1954.8551490726,-948.9895112290,-1882.4570726648,
111174,-953.2773935004,-1954.8551490726,-949.3121962848,-1884.9833872023,
111175,-953.2773935004,-1954.8551490726,-949.7114013515,-1886.7963720343,
111176,-953.2773935004,-1954.8551490726,-950.1366711177,-1888.1940376035,
111177,-953.2773935004,-1954.8551490726,-950.6046027192,-1889.5902607795,
111178,-953.2773935004,-1954.8551490726,-950.8137713949,-1890.2188921435,
111179,-953.2773935004,-1954.8551490726,-950.5219838045,-1890.6177505668,
111180,-953.2773935004,-1954.8551490726,-950.7879592327,-1891.2315573250,
111181,-953.2773935004,-1954.8551490726,-950.4033934436,-1890.9153272175,
111182,-953.2773935004,-1954.8551490726,-950.2998680593,-1891.7119426133,
111183,-953.2773935004,-1954.8551490726,-950.2759324252,-1892.1516075719,
111184,-953.2773935004,-1954.8551490726,-949.7243515093,-1892.4351897190,
111185,-953.2773935004,-1954.8551490726,-949.8214601212,-1892.2643704183,
111186,-953.2773935004,-1954.8551490726,-950.2689205146,-1892.2467942258,
111187,-953.2773935004,-1954.8551490726,-949.5919068321,-1892.0874623945,
111188,-953.2773935004,-1954.8551490726,-949.5122885069,-1891.6316930893,
111189,-953.2773934320,-1954.8540417270,-948.6591092256,-1891.7929609206,
111190,-953.2773934320,-1954.8540417270,-948.6956928904,-1890.2345414931,
111191,-953.2773934320,-1954.8540417270,-949.0880281251,-1889.3302921297,
111192,-953.2773934320,-1954.8540417270,-949.3863119108,-1887.7637919238,
111193,-953.2773934320,-1954.8540417270,-948.9619181762,-1887.5153934409,
111194,-953.2773934320,-1954.8540417270,-948.7187324530,-1887.2537481696,
111195,-953.2773934320,-1954.8540417270,-948.6376746734,-1887.1768028502,
111196,-953.2773934320,-1954.8540417270,-947.8403235100,-1887.0726592759,
111197,-953.2773934320,-1954.8540417270,-946.7768570021,-1887.9781906411,
111198,-953.2773934320,-1954.8540417270,-946.5667178968,-1887.9347791201,
111199,-953.2773934320,-1954.8540417270,-946.0159167305,-1887.2339452407,
111200,-953.2773934320,-1954.8540417270,-945.5422609405,-1886.6763914008,
111201,-953.2773934320,-1954.8540417270,-944.4146107703,-1885.6641951044,
111202,-953.2773934320,-1954.8540417270,-942.9773613550,-1885.0405926303,
111203,-953.2773934320,-1954.8540417270,-941.9070037379,-1884.6759585512,
111204,-953.2773934320,-1954.8540417270,-941.6355328047,-1883.9707531462,
111205,-953.2773934320,-1954.8540417270,-941.5427653682,-1883.1136913080,
111206,-953.2773934320,-1954.8540417270,-940.8945305571,-1882.7778838630,
111207,-953.2773934320,-1954.8540417270,-940.7113251667,-1882.6424254639,
111208,-953.2773934320,-1954.8540417270,-940.5793900042,-1883.1376273594,
111209,-953.2773934320,-1954.8540417270,-940.3026306532,-1883.2281749602,
111210,-953.2773934320,-1954.8540417270,-940.3016848409,-1883.4729380510,
111211,-953.2773934320,-1954.8540417270,-940.3902864441,-1883.6226483372,
111212,-953.2773934320,-1954.8540417270,-940.4390899255,-1883.6481820340,
111213,-953.2773934320,-1954.8540417270,-940.7818802852,-1883.5043966058,
111214,-953.2773934320,-1954.8540417270,-940.9007049210,-1883.7071066484,
111215,-953.2773934320,-1954.8540417270,-940.9438001089,-1883.9389216164,
111216,-953.2773934320,-1954.8540417270,-940.9988008609,-1883.8560495444,
111217,-953.2773934320,-1954.8540417270,-942.4130248889,-1883.8595863345,
111218,-953.2773934320,-1954.8540417270,-945.3921620625,-1883.4126085049,
111219,-953.2773934320,-1954.8540417270,-945.3380467674,-1883.3898651770,
111220,-953.2773934320,-1954.8540417270,-945.0730986340,-1883.3473177494,
111221,-953.2773934320,-1954.8540417270,-945.3666874589,-1883.5071818085,
111222,-953.2773934320,-1954.8540417270,-944.7557701106,-1883.6473196090,
111223,-953.2773934320,-1954.8540417270,-941.3275727844,-1884.6493354098,
111224,-953.2773934320,-1954.8540417270,-940.8683340274,-1885.0725456275,
111225,-953.2773934320,-1954.8540417270,-940.1869879425,-1885.2641437288,
111226,-953.2773934320,-1954.8540417270,-939.9206034609,-1885.2772148847,
111227,-953.2773934320,-1954.8540417270,-939.8732716188,-1885.2896805777,
111228,-953.2773934320,-1954.8540417270,-939.8300013535,-1885.2832883716,
111229,-953.2773934320,-1954.8540417270,-940.2379233733,-1885.4615962682,
111230,-953.2773934320,-1954.8540417270,-941.1614384787,-1884.9130347089,
111231,-953.2773934320,-1954.8540417270,-940.7947069287,-1885.1644727159,
111232,-953.2773934320,-1954.8540417270,-943.2671446024,-1884.6505857666,
111233,-953.2773934320,-1954.8540417270,-945.1610710114,-1885.5547727576,
111234,-953.2773934320,-1954.8540417270,-947.9168019100,-1887.4590644643,
111235,-953.2773934320,-1954.8540417270,-947.5296034062,-1888.1862742720,
111236,-953.2773934320,-1954.8540417270,-948.3970460656,-1887.9684296664,
111237,-953.2773934320,-1954.8540417270,-948.6763359362,-1888.5025228506,
111238,-953.2773934320,-1954.8540417270,-948.8233924996,-1888.4070759247,
111239,-953.2773934320,-1954.8540417270,-949.3400020511,-1889.1932628851,
111240,-953.2773934320,-1954.8540417270,-949.4214546265,-1889.1180663748,
111241,-953.2773934320,-1954.8540417270,-950.8456274563,-1888.8116082442,
111242,-953.2773934320,-1954.8540417270,-951.3416669730,-1891.3354314647,
111243,-953.2773934320,-1954.8540417270,-950.4412639434,-1891.8254042422,
111244,-953.2773934320,-1954.8540417270,-950.1302831373,-1892.1511622227,
111245,-953.2773934320,-1954.8540417270,-952.0849936216,-1895.9208813746,
111246,-953.2773934320,-1954.8540417270,-952.8507634418,-1901.7211638385,
111247,-953.2773934320,-1954.8540417270,-954.6528024813,-1903.8517737933,
111248,-953.2773934320,-1954.8540417270,-954.7669233188,-1904.2415494874,
111249,-953.2670899434,-1954.8529350131,-956.0764625754,-1906.1449838453,
111250,-953.2670899434,-1954.8529350131,-956.2913368662,-1908.2152781447,
111251,-953.2670899434,-1954.8529350131,-956.6026148025,-1909.7803214518,
111252,-953.2670899434,-1954.8529350131,-957.3172628658,-1909.4753202525,
111253,-953.2670899434,-1954.8529350131,-956.4423455628,-1910.3454155984,
111254,-953.2670899434,-1954.8529350131,-957.7637914483,-1911.5602745272,
111255,-953.2670899434,-1954.8529350131,-957.6062421594,-1913.4926277739,
111256,-953.2670899434,-1954.8529350131,-956.8629101809,-1915.3784028926,
111257,-953.2670899434,-1954.8529350131,-956.0840247016,-1918.0814903016,
111258,-953.2670899434,-1954.8529350131,-955.4590832175,-1925.3879827027,
111259,-953.2670899434,-1954.8529350131,-955.5866468929,-1928.0601692287,
111260,-953.2670899434,-1954.8529350131,-954.8493209867,-1929.1916733936,
111261,-953.2670899434,-1954.8529350131,-956.1319665923,-1929.6533471401,
111262,-953.2670899434,-1954.8529350131,-955.6430042658,-1929.3730238615,
111263,-953.2670899434,-1954.8529350131,-954.8600753264,-1934.4956726310,
111264,-953.2670899434,-1954.8529350131,-955.2464887780,-1935.0206948999,
111265,-953.2670899434,-1954.8529350131,-955.6634755422,-1934.3981133517,
111266,-953.2670899434,-1954.8529350131,-954.8450927536,-1935.7100162397,
111267,-953.2670899434,-1954.8529350131,-954.8824763356,-1935.6359324789,
111268,-953.2670899434,-1954.8529350131,-954.7568572771,-1936.9665837013,
111269,-953.2670899434,-1954.8529350131,-954.1151596161,-1935.0600945246,
111270,-953.2670899434,-1954.8529350131,-953.3043490441,-1937.2612506012,
111271,-953.2670899434,-1954.8529350131,-952.7718899856,-1938.1892074184,
111272,-953.2670899434,-1954.8529350131,-952.8979069647,-1938.5096312068,
111273,-953.2670899434,-1954.8529350131,-953.1410812103,-1938.6215271149,
111274,-953.2670899434,-1954.8529350131,-952.8357849850,-1938.6346097978,
111275,-953.2670899434,-1954.8529350131,-952.9287301213,-1939.5426565470,
111276,-953.2670899434,-1954.8529350131,-954.3812876613,-1936.4414595224,
111277,-953.2670899434,-1954.8529350131,-954.5414469825,-1936.4505234015,
111278,-953.2670899434,-1954.8529350131,-953.4892554582,-1940.0460941242,
111279,-953.2670899434,-1954.8529350131,-953.4391013482,-1941.3338218397,
111280,-953.2670899434,-1954.8529350131,-952.8852039280,-1943.2505583632,
111281,-953.2670899434,-1954.8529350131,-951.7055739604,-1946.0076357142,
111282,-953.2670899434,-1954.8529350131,-951.4675062640,-1947.3893505272,
111283,-953.2670899434,-1954.8529350131,-951.8530384408,-1946.4759833693,
111284,-953.2670899434,-1954.8529350131,-951.8121233733,-1946.9184867880,
111285,-953.2670899434,-1954.8529350131,-952.0018351345,-1946.0841863386,
111286,-953.2670899434,-1954.8529350131,-951.3912367892,-1947.3147780055,
111287,-953.2670899434,-1954.8529350131,-952.0835409288,-1945.6015457025,
111288,-953.2670899434,-1954.8529350131,-951.4681470534,-1947.0164636238,
111289,-953.2670899434,-1954.8529350131,-950.5864235182,-1947.9716995004,
111290,-953.2670899434,-1954.8529350131,-951.2759308717,-1948.1139207445,
111291,-953.2670899434,-1954.8529350131,-951.2909364257,-1948.4720790175,
111292,-953.2670899434,-1954.8529350131,-951.2154370947,-1946.8811390262,
111293,-953.2670899434,-1954.8529350131,-951.0216053587,-1948.7218977793,
111294,-953.2670899434,-1954.8529350131,-951.3683014345,-1948.3507151743,
111295,-953.2670899434,-1954.8529350131,-950.6498110044,-1950.5338144686,
111296,-953.2670899434,-1954.8529350131,-950.6316083653,-1951.6607720754,
111297,-953.2670899434,-1954.8529350131,-952.1426392872,-1952.7491399618,
111298,-953.2670899434,-1954.8529350131,-952.0965108115,-1951.8407963058,
111299,-953.2670899434,-1954.8529350131,-952.1207587433,-1953.0980194319,
111300,-953.2670899434,-1954.8529350131,-952.3466335848,-1954.7054016849,
111301,-953.2670899434,-1954.8529350131,-952.2156205671,-1955.9135149799,
111302,-953.2670899434,-1954.8529350131,-956.4323065170,-1944.9499997275,
111303,-953.2670899434,-1954.8529350131,-951.4989472123,-1962.5655214106,
111304,-953.2670899434,-1954.8529350131,-950.6514043745,-1963.7272548109,
111305,-953.2670899434,-1954.8529350131,-951.5526179348,-1963.9433758829,
111306,-953.2670899434,-1954.8529350131,-951.9274799716,-1964.1460175763,
111307,-953.2670899434,-1954.8529350131,-951.7384522521,-1965.1425590198,
111308,-953.2670899434,-1954.8529350131,-951.5246912736,-1966.2614803553,
111309,-953.2670898754,-1954.8518276662,-952.0610861531,-1966.1575094987,
111310,-953.2670898754,-1954.8518276662,-952.7046830244,-1966.9257248390,
111311,-953.2670898754,-1954.8518276662,-952.7904433430,-1965.1541106499,
111312,-953.2670898754,-1954.8518276662,-953.3956536310,-1965.1797919913,
111313,-953.2670898754,-1954.8518276662,-953.2797996922,-1964.8459403448,
111314,-953.2670898754,-1954.8518276662,-953.6603895765,-1965.2650689294,
111315,-953.2670898754,-1954.8518276662,-953.7052978756,-1965.3395261554,
111316,-953.2670898754,-1954.8518276662,-953.5468984944,-1966.1743167456,
111317,-953.2670898754,-1954.8518276662,-953.2163957438,-1965.8071387687,
111318,-953.2670898754,-1954.8518276662,-953.4700543591,-1965.8352909760,
111319,-953.2670898754,-1954.8518276662,-953.9211844354,-1965.4126932823,
111320,-953.2670898754,-1954.8518276662,-954.0195349655,-1966.0968114759,
111321,-953.2670898754,-1954.8518276662,-953.5557129898,-1966.1228800391,
111322,-953.2670898754,-1954.8518276662,-953.8270180599,-1965.9678086186,
111323,-953.2670898754,-1954.8518276662,-953.3195687939,-1966.0917886325,
111324,-953.2670898754,-1954.8518276662,-951.9803792379,-1965.9049983538,
111325,-953.2670898754,-1954.8518276662,-951.8179750404,-1965.4285704404,
111326,-953.2670898754,-1954.8518276662,-951.4160779220,-1965.1768091168,
111327,-953.2670898754,-1954.8518276662,-951.7089225564,-1964.6799499586,
111328,-953.2670898754,-1954.8518276662,-952.1403602458,-1963.8889676023,
111329,-953.2670898754,-1954.8518276662,-952.4657938056,-1963.1916331057,
111330,-953.2670898754,-1954.8518276662,-953.7172553657,-1960.2621664678,
111331,-953.2670898754,-1954.8518276662,-952.6815847175,-1958.6095175321,
111332,-953.2670898754,-1954.8518276662,-953.1684434393,-1955.4462691234,
111333,-953.2670898754,-1954.8518276662,-953.1639086442,-1953.6303396459,
111334,-953.2670898754,-1954.8518276662,-954.1563118492,-1951.6684164838,
111335,-953.2670898754,-1954.8518276662,-954.1123087636,-1951.7143747675,
111336,-953.2670898754,-1954.8518276662,-954.0178931332,-1950.6976095133,
111337,-953.2670898754,-1954.8518276662,-953.8505348534,-1951.2733713839,
111338,-953.2670898754,-1954.8518276662,-953.7839162904,-1950.4215951434,
111339,-953.2670898754,-1954.8518276662,-953.5273774011,-1950.7000869863,
111340,-953.2670898754,-1954.8518276662,-953.6330719690,-1949.8909684690,
111341,-953.2670898754,-1954.8518276662,-953.0998297069,-1949.9092586594,
111342,-953.2670898754,-1954.8518276662,-953.3739563139,-1948.9140378421,
111343,-953.2670898754,-1954.8518276662,-953.2697598284,-1949.3557725711,
111344,-953.2670898754,-1954.8518276662,-953.4172398189,-1949.0077920171,
111345,-953.2670898754,-1954.8518276662,-953.2647803463,-1949.4883988484,
111346,-953.2670898754,-1954.8518276662,-953.0615532058,-1949.2092988067,
111347,-953.2670898754,-1954.8518276662,-952.4429001180,-1950.1358643827,
111348,-953.2670898754,-1954.8518276662,-950.6361048399,-1951.0293280911,
111349,-953.2670898754,-1954.8518276662,-950.4459678979,-1952.1715640424,
111350,-953.2670898754,-1954.8518276662,-950.4669387641,-1950.7267442209,
111351,-953.2670898754,-1954.8518276662,-950.1827044877,-1949.7187603448,
111352,-953.2670898754,-1954.8518276662,-950.1231752706,-1949.3583756657,
111353,-953.2670898754,-1954.8518276662,-949.7721064022,-1948.3882088357,
111354,-953.2670898754,-1954.8518276662,-949.6066074604,-1946.9662178410,
111355,-953.2670898754,-1954.8518276662,-949.2930829056,-1946.7983815576,
111356,-953.2670898754,-1954.8518276662,-949.3845577287,-1946.5001567972,
111357,-953.2670898754,-1954.8518276662,-949.3026627253,-1945.8038865490,
111358,-953.2670898754,-1954.8518276662,-949.1350614709,-1945.6143372768,
111359,-953.2670898754,-1954.8518276662,-948.9962888122,-1945.8065627855,
111360,-953.2670898754,-1954.8518276662,-948.6559090243,-1945.7702848793,
111361,-953.2670898754,-1954.8518276662,-947.4587494406,-1944.9815139295,
111362,-953.2670898754,-1954.8518276662,-947.9118803283,-1945.9595706290,
111363,-953.2670898754,-1954.8518276662,-947.9934673882,-1946.9817788088,
111364,-953.2670898754,-1954.8518276662,-948.0963913695,-1947.6058953983,
111365,-953.2670898754,-1954.8518276662,-949.0048712403,-1948.2750663236,
111366,-953.2670898754,-1954.8518276662,-949.1439958373,-1950.6002142606,
111367,-953.2670898754,-1954.8518276662,-949.1333331633,-1951.9947324564,
111368,-953.2670898754,-1954.8518276662,-949.5007286864,-1952.5664369946,
111369,-953.2670898078,-1954.8507203209,-949.3831771487,-1953.0111553766,
111370,-953.2670898078,-1954.8507203209,-949.7726770607,-1953.2341086644,
111371,-953.2670898078,-1954.8507203209,-949.4088524945,-1954.4184653701,
111372,-953.2670898078,-1954.8507203209,-949.1410507754,-1956.1292920054,
111373,-953.2670898078,-1954.8507203209,-949.2810204978,-1955.6088981338,
111374,-953.2670898078,-1954.8507203209,-947.3120528299,-1958.3794453059,
111375,-953.2670898078,-1954.8507203209,-946.9832222369,-1957.8117882513,
111376,-953.2670898078,-1954.8507203209,-946.7678521874,-1958.7877902957,
111377,-953.2670898078,-1954.8507203209,-946.8181453005,-1959.4170501550,
111378,-953.2670898078,-1954.8507203209,-947.0201623005,-1959.0595041051,
111379,-953.2670898078,-1954.8507203209,-947.3764371419,-1959.3721585079,
111380,-953.2670898078,-1954.8507203209,-947.5171646684,-1959.9758716035,
111381,-953.2670898078,-1954.8507203209,-948.0036560477,-1961.9219150545,
111382,-953.2670898078,-1954.8507203209,-948.1597833964,-1963.1255220145,
111383,-953.2670898078,-1954.8507203209,-948.3021046554,-1963.6422246378,
111384,-953.2670898078,-1954.8507203209,-948.4818400118,-1964.3000160582,
111385,-953.2670898078,-1954.8507203209,-948.5526945055,-1964.8490084984,
111386,-953.2670898078,-1954.8507203209,-948.0869901491,-1964.4738491242,
111387,-953.2670898078,-1954.8507203209,-951.1494919787,-1955.9514843881,
111388,-953.2670898078,-1954.8507203209,-957.9624410859,-1933.6770740453,
111389,-953.2670898078,-1954.8507203209,-957.9126811781,-1932.4847377986,
111390,-953.2670898078,-1954.8507203209,-958.5691054054,-1929.5375420856,
111391,-953.2670898078,-1954.8507203209,-960.2852774274,-1922.2840252476,
111392,-953.2670898078,-1954.8507203209,-962.1095812066,-1918.2727344240,
111393,-953.2670898078,-1954.8507203209,-961.8413797528,-1917.3148670339,
111394,-953.2670898078,-1954.8507203209,-961.7140754190,-1917.2620481036,
111395,-953.2670898078,-1954.8507203209,-959.8734631504,-1917.2963881286,
111396,-953.2670898078,-1954.8507203209,-959.2294066639,-1920.0254165073,
111397,-953.2670898078,-1954.8507203209,-955.8179791966,-1929.4639013210,
111398,-953.2670898078,-1954.8507203209,-953.9629456397,-1935.3329117515,
111399,-953.2670898078,-1954.8507203209,-953.4628416211,-1938.8914282793,
111400,-953.2670898078,-1954.8507203209,-953.2570107971,-1941.2843834109,
111401,-953.2670898078,-1954.8507203209,-952.3808608580,-1941.1642454417,
111402,-953.2670898078,-1954.8507203209,-952.8423936742,-1938.1681884774,
111403,-953.2670898078,-1954.8507203209,-952.0732215910,-1939.8074194205,
111404,-953.2670898078,-1954.8507203209,-950.6213019599,-1943.9050535129,
111405,-953.2670898078,-1954.8507203209,-950.3382899543,-1944.5763097256,
111406,-953.2670898078,-1954.8507203209,-949.9286201624,-1944.9766060545,
111407,-953.2670898078,-1954.8507203209,-949.9308265538,-1944.0847646241,
111408,-953.2670898078,-1954.8507203209,-949.5098670363,-1946.6569265803,
111409,-953.2670898078,-1954.8507203209,-948.8762173676,-1947.8530755873,
111410,-953.2670898078,-1954.8507203209,-948.5151267046,-1948.2497966465,
111411,-953.2670898078,-1954.8507203209,-948.3138601419,-1948.4258894762,
111412,-953.2670898078,-1954.8507203209,-948.4581706254,-1948.0584942534,
111413,-953.2670898078,-1954.8507203209,-946.7351158054,-1952.9431023630,
111414,-953.2670898078,-1954.8507203209,-946.5264632270,-1950.0659635654,
111415,-953.2670898078,-1954.8507203209,-946.0968624927,-1952.3028847129,
111416,-953.2670898078,-1954.8507203209,-946.7628073531,-1946.5291775404,
111417,-953.2670898078,-1954.8507203209,-946.4318853129,-1950.2939093449,
111418,-953.2670898078,-1954.8507203209,-945.8931846337,-1951.5944393567,
111419,-953.2670898078,-1954.8507203209,-946.3737033837,-1952.5055780570,
111420,-953.2670898078,-1954.8507203209,-946.4424913882,-1954.6892656673,
111421,-953.2670898078,-1954.8507203209,-947.0808052697,-1954.9065443481,
111422,-953.2670898078,-1954.8507203209,-946.6817329183,-1957.0577542942,
111423,-953.2670898078,-1954.8507203209,-947.1137758530,-1955.8688989802,
111424,-953.2670898078,-1954.8507203209,-947.4077957403,-1958.2868910911,
111425,-953.2670898078,-1954.8507203209,-948.2747682026,-1956.6680097933,
111426,-953.2670898078,-1954.8507203209,-948.2948057034,-1959.0599568857,
111427,-953.2670898078,-1954.8507203209,-948.7937900761,-1959.1099720428,
111428,-953.2670898078,-1954.8507203209,-948.5223914343,-1958.7417534172,
111429,-953.2670897398,-1954.8496129753,-948.6438244081,-1958.8368474352,
111430,-953.2670897398,-1954.8496129753,-948.8832051359,-1959.0144999035,
111431,-953.2670897398,-1954.8496129753,-948.6968094885,-1959.2454214782,
111432,-953.2670897398,-1954.8496129753,-948.1095710226,-1959.5759057106,
111433,-953.2670897398,-1954.8496129753,-947.8771262380,-1959.8645561886,
111434,-953.2670897398,-1954.8496129753,-948.1094495360,-1959.4196534274,
111435,-953.2670897398,-1954.8496129753,-947.7082739175,-1959.2056989587,
111436,-953.2670897398,-1954.8496129753,-947.9884386412,-1958.9768343848,
111437,-953.2670897398,-1954.8496129753,-948.0749477019,-1958.9722887925,
111438,-953.2670897398,-1954.8496129753,-948.7194536076,-1959.4057221862,
111439,-953.2670897398,-1954.8496129753,-948.0910352428,-1959.1547339291,
111440,-953.2670897398,-1954.8496129753,-948.2563844741,-1959.4104961746,
111441,-953.2670897398,-1954.8496129753,-948.4668770811,-1959.4536914917,
111442,-953.2670897398,-1954.8496129753,-948.5620090551,-1959.3378180829,
111443,-953.2670897398,-1954.8496129753,-948.5063590089,-1958.9149753920,
111444,-953.2670897398,-1954.8496129753,-951.0932859033,-1952.5358267757,
111445,-953.2670897398,-1954.8496129753,-954.7090289725,-1942.6211420004,
111446,-953.2670897398,-1954.8496129753,-955.4419053063,-1939.0251945390,
111447,-953.2670897398,-1954.8496129753,-955.5254683324,-1937.9015113437,
111448,-953.2670897398,-1954.8496129753,-955.4431041758,-1936.9004410747,
111449,-953.2670897398,-1954.8496129753,-955.7973367945,-1934.9599804854,
111450,-953.2670897398,-1954.8496129753,-955.6530570504,-1935.3184342798,
111451,-953.2670897398,-1954.8496129753,-955.9726958421,-1922.9376872394,
111452,-953.2670897398,-1954.8496129753,-955.3059907845,-1896.3353616410,
111453,-953.2670897398,-1954.8496129753,-955.7152039897,-1892.8530063061,
111454,-953.2670897398,-1954.8496129753,-954.9977967693,-1891.9543808825,
111455,-953.2670897398,-1954.8496129753,-954.4849557543,-1890.6804803721,
111456,-953.2670897398,-1954.8496129753,-953.7098715944,-1889.7825421935,
111457,-953.2670897398,-1954.8496129753,-954.0923252702,-1888.9558369775,
111458,-953.2670897398,-1954.8496129753,-953.7586677062,-1888.0922417335,
111459,-953.2670897398,-1954.8496129753,-953.9617103043,-1887.7308839302,
111460,-953.2670897398,-1954.8496129753,-953.6924281975,-1887.3585312055,
111461,-953.2670897398,-1954.8496129753,-953.4121965118,-1887.0864881068,
111462,-953.2670897398,-1954.8496129753,-953.6029091404,-1886.0237765298,
111463,-953.2670897398,-1954.8496129753,-953.2598977015,-1884.9982041604,
111464,-953.2670897398,-1954.8496129753,-953.8857295169,-1884.7206072008,
111465,-953.2670897398,-1954.8496129753,-954.0576854965,-1885.0380551935,
111466,-953.2670897398,-1954.8496129753,-953.3030826505,-1884.7863289831,
111467,-953.2670897398,-1954.8496129753,-952.6297058362,-1885.4296659504,
111468,-953.2670897398,-1954.8496129753,-952.6309003961,-1883.6950449569,
111469,-953.2670897398,-1954.8496129753,-953.5268959135,-1883.7233983411,
111470,-953.2670897398,-1954.8496129753,-953.7172299471,-1881.6634085575,
111471,-953.2670897398,-1954.8496129753,-952.7761296601,-1881.5796866076,
111472,-953.2670897398,-1954.8496129753,-953.6444818219,-1880.3490260872,
111473,-953.2670897398,-1954.8496129753,-956.2402661681,-1879.3993683699,
111474,-953.2670897398,-1954.8496129753,-956.7248824037,-1881.1191228623,
111475,-953.2670897398,-1954.8496129753,-955.7012144664,-1880.5141443587,
111476,-953.2670897398,-1954.8496129753,-954.6220756295,-1879.4007509350,
111477,-953.2670897398,-1954.8496129753,-954.2945048759,-1880.1228527919,
111478,-953.2670897398,-1954.8496129753,-954.6087613646,-1881.4472864129,
111479,-953.2670897398,-1954.8496129753,-954.7476908495,-1882.7998072551,
111480,-953.2670897398,-1954.8496129753,-954.2623854930,-1883.6983127044,
111481,-953.2670897398,-1954.8496129753,-955.1853793538,-1884.6920209646,
111482,-953.2670897398,-1954.8496129753,-955.5028117826,-1885.0618257532,
111483,-953.2670897398,-1954.8496129753,-955.2464102878,-1885.6790206721,
111484,-953.2670897398,-1954.8496129753,-955.1037364544,-1885.9292491075,
111485,-953.2670897398,-1954.8496129753,-954.5798275848,-1885.9854501168,
111486,-953.2670897398,-1954.8496129753,-954.4281795827,-1886.6258206672,
111487,-953.2670897398,-1954.8496129753,-955.0055091829,-1886.1556621905,
111488,-953.2670897398,-1954.8496129753,-955.2068309249,-1885.7856266857,
111489,-953.2670896718,-1954.8485056292,-955.3439986931,-1885.5729279514,
111490,-953.2670896718,-1954.8485056292,-955.8181789260,-1885.6714821599,
111491,-953.2670896718,-1954.8485056292,-956.1089154131,-1885.4740321616,
111492,-953.2670896718,-1954.8485056292,-956.0663327248,-1885.9494960408,
111493,-953.2670896718,-1954.8485056292,-955.8541111889,-1885.7209348284,
111494,-953.2670896718,-1954.8485056292,-955.5452988252,-1885.8273474309,
111495,-953.2670896718,-1954.8485056292,-955.6249528570,-1885.8222197626,
111496,-953.2670896718,-1954.8485056292,-955.5782503162,-1886.3128935375,
111497,-953.2670896718,-1954.8485056292,-954.9984788047,-1886.5811602937,
111498,-953.2670896718,-1954.8485056292,-955.6809653083,-1886.4805540803,
111499,-953.2670896718,-1954.8485056292,-956.1156072168,-1887.2309377118,
111500,-953.2670896718,-1954.8485056292,-955.5553803542,-1886.4742763353,
111501,-953.2670896718,-1954.8485056292,-956.4010993650,-1886.8557298697,
111502,-953.2670896718,-1954.8485056292,-956.6048633576,-1887.7617472260,
111503,-953.2670896718,-1954.8485056292,-956.2506145364,-1887.8731136500,
111504,-953.2670896718,-1954.8485056292,-956.2806168451,-1892.2577748225,
111505,-953.2670896718,-1954.8485056292,-955.7775233617,-1895.0966730106,
111506,-953.2670896718,-1954.8485056292,-955.5524030173,-1894.7166352976,
111507,-953.2670896718,-1954.8485056292,-956.0034370247,-1897.4400295324,
111508,-953.2670896718,-1954.8485056292,-955.5840282321,-1900.3962668602,
111509,-953.2670896718,-1954.8485056292,-955.9279918999,-1899.5265523991,
111510,-953.2670896718,-1954.8485056292,-955.6867362050,-1900.4884780635,
111511,-953.2670896718,-1954.8485056292,-956.0917522763,-1901.5324273327,
111512,-953.2670896718,-1954.8485056292,-956.6080058313,-1903.4414603243,
111513,-953.2670896718,-1954.8485056292,-956.6193589974,-1903.5640036018,
111514,-953.2670896718,-1954.8485056292,-957.3139728804,-1904.5826828138,
111515,-953.2670896718,-1954.8485056292,-959.0834931854,-1903.8597710059,
111516,-953.2670896718,-1954.8485056292,-959.4062034648,-1903.5910714239,
111517,-953.2670896718,-1954.8485056292,-959.0071845073,-1905.2018591265,
111518,-953.2670896718,-1954.8485056292,-958.1873464910,-1905.6273274271,
111519,-953.2670896718,-1954.8485056292,-958.6294595153,-1907.3455316869,
111520,-953.2670896718,-1954.8485056292,-959.4191549462,-1908.1946497840,
111521,-953.2670896718,-1954.8485056292,-958.7651741843,-1908.0148851000,
111522,-953.2670896718,-1954.8485056292,-960.4763577539,-1909.0808766926,
111523,-953.2670896718,-1954.8485056292,-960.4237049109,-1911.4848554669,
111524,-953.2670896718,-1954.8485056292,-959.9737810336,-1908.4991374232,
111525,-953.2670896718,-1954.8485056292,-959.7548965543,-1908.1647393648,
111526,-953.2670896718,-1954.8485056292,-959.7588263777,-1908.1401365988,
111527,-953.2670896718,-1954.8485056292,-959.2767831969,-1906.0700168144,
111528,-953.2670896718,-1954.8485056292,-960.3234462947,-1906.0442041348,
111529,-953.2670896718,-1954.8485056292,-958.6175092858,-1901.3410402136,
111530,-953.2670896718,-1954.8485056292,-958.0244696347,-1895.3927536883,
111531,-953.2670896718,-1954.8485056292,-958.3549625075,-1896.7219681285,
111532,-953.2670896718,-1954.8485056292,-959.7830790097,-1893.5543485366,
111533,-953.2670896718,-1954.8485056292,-958.9409029793,-1897.3926614342,
111534,-953.2670896718,-1954.8485056292,-960.7075932895,-1896.6533202873,
111535,-953.2670896718,-1954.8485056292,-960.3485143005,-1899.8474159490,
111536,-953.2670896718,-1954.8485056292,-959.9360345332,-1898.7294272324,
111537,-953.2670896718,-1954.8485056292,-960.4996292031,-1891.6397587309,
111538,-953.2670896718,-1954.8485056292,-960.1854595927,-1890.5186292124,
111539,-953.2670896718,-1954.8485056292,-960.1014292674,-1889.7563719339,
111540,-953.2670896718,-1954.8485056292,-959.6480636813,-1888.3750445819,
111541,-953.2670896718,-1954.8485056292,-959.3437031009,-1886.3116455894,
111542,-953.2670896718,-1954.8485056292,-959.6159271681,-1885.3156252376,
111543,-953.2670896718,-1954.8485056292,-960.5422796811,-1882.5230448733,
111544,-953.2670896718,-1954.8485056292,-960.7666997432,-1883.5099596317,
111545,-953.2670896718,-1954.8485056292,-961.9330755568,-1892.0998813921,
111546,-953.2670896718,-1954.8485056292,-963.7978587215,-1898.5384770638,
111547,-953.2670896718,-1954.8485056292,-963.1709636376,-1899.4257930611,
111548,-953.2670896718,-1954.8485056292,-962.5728458989,-1899.8332153934,
111549,-953.2670896038,-1954.8473982828,-962.2627894898,-1902.4862184922,
111550,-953.2670896038,-1954.8473982828,-961.5463719187,-1904.8411313131,
111551,-953.2670896038,-1954.8473982828,-960.6374283888,-1905.7651382227,
111552,-953.2670896038,-1954.8473982828,-960.7346793253,-1906.6964638996,
111553,-953.2670896038,-1954.8473982828,-960.0454527182,-1910.4421904562,
111554,-953.2670896038,-1954.8473982828,-959.9576541541,-1912.6882824920,
111555,-953.2670896038,-1954.8473982828,-959.6017580673,-1913.7957956540,
111556,-953.2670896038,-1954.8473982828,-959.6010814372,-1920.6875179787,
111557,-953.2670896038,-1954.8473982828,-957.8479845814,-1930.7958542987,
111558,-953.2670896038,-1954.8473982828,-958.7172906393,-1922.9692565093,
111559,-953.2670896038,-1954.8473982828,-957.8695433308,-1923.2690045416,
111560,-953.2670896038,-1954.8473982828,-957.4664945800,-1924.9082584128,
111561,-953.2670896038,-1954.8473982828,-957.4736078758,-1925.4166845251,
111562,-953.2670896038,-1954.8473982828,-957.0793466287,-1925.7129045572,
111563,-953.2670896038,-1954.8473982828,-953.2730115529,-1934.6972737226,
111564,-953.2670896038,-1954.8473982828,-951.4465684222,-1937.7427819104,
111565,-953.2670896038,-1954.8473982828,-952.3008506692,-1932.3327485112,
111566,-953.2670896038,-1954.8473982828,-952.9513994773,-1930.7987891149,
111567,-953.2670896038,-1954.8473982828,-953.6701604192,-1931.5208560780,
111568,-953.2670896038,-1954.8473982828,-952.9477188648,-1933.0537398376,
111569,-953.2670896038,-1954.8473982828,-952.9563418418,-1934.0884208497,
111570,-953.2670896038,-1954.8473982828,-951.9470120980,-1937.9691187176,
111571,-953.2670896038,-1954.8473982828,-950.2496057193,-1939.3472541597,
111572,-953.2670896038,-1954.8473982828,-949.5471029440,-1943.3861689079,
111573,-953.2670896038,-1954.8473982828,-949.9701312014,-1951.3793917547,
111574,-953.2670896038,-1954.8473982828,-950.1105955503,-1953.5590387130,
111575,-953.2670896038,-1954.8473982828,-949.7553865094,-1950.8494598312,
111576,-953.2670896038,-1954.8473982828,-949.9867551178,-1952.2774927089,
111577,-953.2670896038,-1954.8473982828,-950.6477648129,-1952.3983787619,
111578,-953.2670896038,-1954.8473982828,-950.1270197051,-1954.1184193479,
111579,-953.2670896038,-1954.8473982828,-949.7710596653,-1954.4237281904,
